Date,Open,High,Low,Close,Volume,OpenInt,ticker,return_1d,return_5d,return_20d,SMA_5,SMA_20,SMA_50,volatility_5d,volatility_20d,lag_1,lag_5,lag_20,target_return_5d,target_up_5d,proba,signal,filter,final_signal,return,strategy_return,capital,buy_and_hold
2011-03-31,44.363,44.796,44.319,44.631,76361672,0,AAPL,-0.00033597634726512116,0.010231105276262475,-0.030730139425791614,44.823600000000006,44.38185,44.47724,0.17635702423512853,1.0723592914695064,44.646,44.179,46.046,-0.029956756514530336,0,0.56139153,1,False,False,-0.029956756514530336,-0.0,1.0,0.9700432434854697
2011-04-01,44.962,45.026,43.965,44.126,116578655,0,AAPL,-0.011315005265398526,-0.019836069215220298,-0.04288224193653345,44.645,44.283,44.50766000000001,0.32147394917333955,0.9935796527288444,44.631,45.019,46.103,-0.027602773874812914,0,0.58990073,1,False,False,-0.027602773874812914,-0.0,1.0,0.9432673591867502
2011-04-04,44.126,44.13,43.333,43.695,128013527,0,AAPL,-0.009767484023024964,-0.026338659001270193,-0.039860247423586515,44.4086,44.1923,44.54476,0.49563928415445907,0.9579294611987675,44.126,44.877,45.509,-0.030461151161460198,0,0.5946319,1,False,False,-0.030461151161460198,-0.0,1.0,0.9145343495728913
2011-04-05,43.096,43.829,43.03,43.401,134597626,0,AAPL,-0.006728458633710854,-0.034353098231171386,-0.047367150288636584,44.0998,44.0844,44.548460000000006,0.5552879433205788,0.9165262450665117,43.695,44.945,45.559,-0.019193106149627992,0,0.5946319,1,False,False,-0.019193106149627992,-0.0,1.0,0.8969815947240578
2011-04-06,43.725,44.039,43.174,43.291,112097187,0,AAPL,-0.0025345038132763564,-0.030349863369618868,-0.04094020691641387,43.8288,43.992000000000004,44.53984,0.5527198205214351,0.8975678833738093,43.401,44.646,45.139,-0.005659374927813987,0,0.5946319,1,False,False,-0.005659374927813987,-0.0,1.0,0.8919052395761659
2011-04-07,43.293,43.596,43.033,43.294,104047515,0,AAPL,6.929846850378674e-05,-0.029956756514530336,-0.024778123169797772,43.5614,43.937,44.52508000000001,0.3560088482008521,0.9053069848637463,43.291,44.631,44.394,-0.016722871529542105,0,0.58714396,1,False,False,-0.016722871529542105,-0.0,1.0,0.8769900228382081
2011-04-08,43.538,43.559,42.765,42.908,105087992,0,AAPL,-0.008915785097242002,-0.027602773874812914,-0.04813878166733221,43.3178,43.8285,44.504180000000005,0.2821448209649513,0.891289692406714,43.294,44.126,45.078,-0.022653118299617803,0,0.59375775,1,False,False,-0.022653118299617803,-0.0,1.0,0.8571234641032697
2011-04-11,42.842,42.985,42.262,42.364,111197871,0,AAPL,-0.01267828843106189,-0.030461151161460198,-0.06435796634126956,43.05159999999999,43.6828,44.49062,0.4276579240437324,0.8799727627369356,42.908,43.695,45.278,0.003163062978000175,1,0.59085906,1,False,False,0.003163062978000175,0.0,1.0,0.85983459960015
2011-04-12,42.349,42.739,42.285,42.568,118560905,0,AAPL,0.0048154093097914075,-0.019193106149627992,-0.037685090991296466,42.885,43.599450000000004,44.472879999999996,0.4196951274406521,0.9035485292654851,42.364,43.401,44.235,0.016420785566622964,1,0.58977485,1,False,False,0.016420785566622964,0.0,1.0,0.8739537591829472
2011-04-13,42.882,43.048,42.582,43.046,96488049,0,AAPL,0.011229092275887975,-0.005659374927813987,0.018575045550270897,42.836,43.63869999999999,44.45006,0.3720403203920716,0.8582615905979466,42.568,43.291,42.261,0.01865446266784354,1,0.588397,1,False,False,0.01865446266784354,0.0,1.0,0.890256896957047
2011-04-14,42.855,43.03,42.523,42.57,84067872,0,AAPL,-0.011057938019792712,-0.016722871529542105,-0.0066271526578615125,42.691199999999995,43.6245,44.4196,0.278304150162128,0.8741305153669656,43.046,43.294,42.854,0.05499177824759216,1,0.58483166,1,False,False,0.05499177824759216,0.0,1.0,0.9392137068178984
2011-04-15,42.724,42.727,41.85,41.936,126431215,0,AAPL,-0.01489311721869857,-0.022653118299617803,-0.009682142351107426,42.4968,43.604,44.37868,0.4013043732598771,0.9097727882920926,42.57,42.908,42.346,0.07802365509347564,1,0.5851068,1,False,False,0.07802365509347564,0.0,1.0,1.012494593137723
2011-04-18,41.758,42.545,41.0,42.498,170639622,0,AAPL,0.01340137352155657,0.003163062978000175,-0.021955260977630453,42.5236,43.5563,44.34118,0.39463755522947547,0.9425796127207338,41.936,42.364,43.452,0.05593204386088768,1,0.5877774,1,False,False,0.05593204386088768,0.0,1.0,1.0691254851300136
2011-04-19,42.677,43.283,42.478,43.267,116689014,0,AAPL,0.01809496917502007,0.016420785566622964,-0.009817832295862194,42.6634,43.53485,44.305279999999996,0.5186297330441727,0.9441132444903161,42.498,42.568,43.696,0.03640187671897732,1,0.58438456,1,False,False,0.03640187671897732,0.0,1.0,1.1080436592368332
2011-04-20,44.019,44.277,43.735,43.849,188630738,0,AAPL,0.013451360159012493,0.01865446266784354,0.009508242011234902,42.824,43.555499999999995,44.27252000000001,0.7426658064011258,0.9463513590299436,43.267,43.046,43.436,0.012679878674542344,1,0.5867446,1,False,False,0.012679878674542344,0.0,1.0,1.1220935184020522
2011-04-21,45.381,45.479,44.633,44.911,210011452,0,AAPL,0.024219480489863,0.05499177824759216,0.016568958102265663,43.2922,43.5921,44.2534,1.1620248276165794,0.9850961427836858,43.849,42.57,44.179,-0.0015809044554785379,0,0.5591971,1,False,False,-0.0015809044554785379,-0.0,1.0,1.1203195957593468
2011-04-25,44.887,45.302,44.861,45.208,74101997,0,AAPL,0.006613079201086558,0.07802365509347564,0.004198227415091349,43.946600000000004,43.601549999999996,44.249520000000004,1.1281645713269,1.0002940870200605,44.911,41.936,45.019,-0.01904530171651031,0,0.57017964,1,False,False,-0.01904530171651031,-0.0,1.0,1.0989827710391913
2011-04-26,45.281,45.46,44.737,44.875,94120468,0,AAPL,-0.007365952928685138,0.05593204386088768,-4.456625888549226e-05,44.422000000000004,43.60145,44.23302,0.8252999454726193,1.0001599595753783,45.208,42.498,44.877,-0.006350974930362074,0,0.56974006,1,False,False,-0.006350974930362074,-0.0,1.0,1.0920031590114216
2011-04-27,45.114,45.122,44.449,44.842,99046966,0,AAPL,-0.0007353760445683033,0.03640187671897732,-0.0022916898431416532,44.737,43.5963,44.20991999999999,0.517380420964154,0.9931180615674585,44.875,43.267,44.945,-0.001694839659247993,0,0.56974006,1,False,False,-0.001694839659247993,-0.0,1.0,1.090152388749505
2011-04-28,44.336,44.79,44.247,44.405,100571683,0,AAPL,-0.009745328040676071,0.012679878674542344,-0.005398019979393487,44.8482,43.584250000000004,44.17622,0.2874816515832294,0.9811005568404081,44.842,43.849,44.646,0.0,0,0.56139153,1,False,False,0.0,0.0,1.0,1.090152388749505
2011-04-29,44.44,45.327,44.394,44.84,280139206,0,AAPL,0.009796194122283497,-0.0015809044554785379,0.004682843763303524,44.833999999999996,43.5947,44.14298000000001,0.28534978534602795,0.9938666171235249,44.405,44.911,44.631,-0.009991079393398716,0,0.55383,1,False,False,-0.009991079393398716,-0.0,1.0,1.0792605896826055
2011-05-02,44.785,44.882,44.244,44.347,123151513,0,AAPL,-0.0109946476360393,-0.01904530171651031,0.005008385079091848,44.6618,43.60575,44.11224,0.26207193668353745,1.0012854829777735,44.84,45.208,44.126,0.003788305860599417,1,0.56385255,1,False,False,0.003788305860599417,0.0,1.0,1.083349158899614
2011-05-03,44.555,44.808,44.258,44.59,87368985,0,AAPL,0.0054795138340812954,-0.006350974930362074,0.02048289277949422,44.6048,43.6505,44.10618,0.23355020872838478,1.0251985943687785,44.347,44.875,43.695,0.0036331015922852483,1,0.56302804,1,False,False,0.0036331015922852483,0.0,1.0,1.0872850764538131
2011-05-04,44.603,45.055,44.423,44.766,108922776,0,AAPL,0.003947073334828355,-0.001694839659247993,0.03145088822838171,44.589600000000004,43.71875,44.13424,0.21607244154929903,1.0527792728627428,44.59,44.842,43.401,-0.006701514542286513,0,0.5644617,1,False,False,-0.006701514542286513,-0.0,1.0,1.0799986197023468
2011-05-05,44.609,44.943,44.317,44.405,93538461,0,AAPL,-0.008064155832551378,0.0,0.025732831304428272,44.589600000000004,43.77445,44.1448,0.21607244154929903,1.0584113952428578,44.766,44.405,43.291,-0.000517959689224301,0,0.56302804,1,False,False,-0.000517959689224301,-0.0,1.0,1.0794392239529231
2011-05-06,44.802,44.821,44.338,44.392,78084356,0,AAPL,-0.0002927598243440688,-0.009991079393398716,0.025361481960548993,44.5,43.82935,44.15444,0.17532398580083866,1.060653089523986,44.405,44.84,43.294,-0.017728419535051443,0,0.56302804,1,False,False,-0.017728419535051443,-0.0,1.0,1.0603024725280954
2011-05-09,44.55,44.72,44.376,44.515,57064697,0,AAPL,0.002770769508019466,0.003788305860599417,0.037452223361610804,44.5336,43.9097,44.15302,0.15339915253053463,1.0479760493451127,44.392,44.347,42.908,-0.04117713130405476,0,0.56673294,1,False,False,-0.04117713130405476,-0.0,1.0,1.016642258394792
2011-05-10,44.67,44.784,44.392,44.752,79495683,0,AAPL,0.005324048073683141,0.0036331015922852483,0.056368614861675104,44.566,44.0291,44.14342,0.18261571673073612,0.9974170800522422,44.515,44.59,42.364,-0.038076510547014664,0,0.56673294,1,False,False,-0.038076510547014664,-0.0,1.0,0.977932068720482
2011-05-11,44.713,44.821,44.21,44.466,93163889,0,AAPL,-0.006390775831247808,-0.006701514542286513,0.04458748355572273,44.50600000000001,44.124,44.138059999999996,0.14611125896758112,0.9397066731592063,44.752,44.766,42.568,-0.021184725408177063,0,0.56673294,1,False,False,-0.021184725408177063,-0.0,1.0,0.957214846376788
2011-05-12,44.369,44.452,43.83,44.382,89190397,0,AAPL,-0.0018890837943598138,-0.000517959689224301,0.03103656553454437,44.501400000000004,44.190799999999996,44.12384,0.15038550461095787,0.9059208516612707,44.466,44.405,43.046,-0.017416970844035817,0,0.58488345,1,True,True,-0.017416970844035817,-0.017416970844035817,0.9825830291559642,0.9405430633059653
2011-05-13,44.282,44.343,43.586,43.605,90877142,0,AAPL,-0.01750709747194812,-0.017728419535051443,0.024312896405919604,44.34400000000001,44.24255,44.075019999999995,0.43536019569676104,0.8352675887030708,44.382,44.392,42.57,-0.015525742460727021,0,0.5772902,1,True,True,-0.015525742460727021,-0.015525742460727021,0.9673276980990076,0.9259404339318535
2011-05-16,43.438,43.699,42.593,42.682,125320086,0,AAPL,-0.021167297328287926,-0.04117713130405476,0.017789011827546775,43.9774,44.279849999999996,44.006600000000006,0.8395205774709674,0.7378162854353603,43.605,44.515,41.936,0.0033269293847522086,1,0.5828355,1,False,False,0.0033269293847522086,0.0,0.9673276980990076,0.9290209723700317
2011-05-17,42.516,43.048,42.354,43.048,126105977,0,AAPL,0.008575043343798328,-0.038076510547014664,0.01294178549578806,43.6366,44.30735,43.95738,0.7909227522313711,0.6755280410253359,42.682,44.752,42.498,-0.01177755064114483,0,0.58873624,1,False,False,-0.01177755064114483,-0.0,0.9673276980990076,0.9180793808212581
2011-05-18,43.093,43.676,43.03,43.524,93163074,0,AAPL,0.01105742427058165,-0.021184725408177063,0.005939861788429868,43.4482,44.3202,43.91668,0.6421714724256132,0.6568838397680148,43.048,44.466,43.267,-0.00912140428269459,0,0.5861467,1,False,False,-0.00912140428269459,-0.0,0.9673276980990076,0.9097052076251815
2011-05-19,43.801,43.849,43.37,43.609,72674966,0,AAPL,0.0019529455013325148,-0.017416970844035817,-0.005473328924262666,43.293600000000005,44.30820000000001,43.88607999999999,0.4134928052545884,0.6680421984787863,43.524,44.382,43.849,-0.016212249764956832,0,0.58547646,1,False,False,-0.016212249764956832,-0.0,0.9673276980990076,0.8949568395866802
2011-05-20,43.51,43.663,42.904,42.928,94239446,0,AAPL,-0.015616042560022136,-0.015525742460727021,-0.04415399345371962,43.1582,44.209050000000005,43.85676,0.39652641777986597,0.719074586205988,43.609,43.605,44.911,0.006569139023481219,1,0.579578,1,False,False,0.006569139023481219,0.0,0.9673276980990076,0.9008359354859404
2011-05-23,42.266,43.027,42.186,42.824,106580666,0,AAPL,-0.002422661200149112,0.0033269293847522086,-0.05273402937533178,43.1866,44.08985,43.81168,0.35700952367875133,0.7419954089097164,42.928,42.682,45.208,0.04018774518961332,1,0.58683866,1,False,False,0.04018774518961332,0.0,0.9673276980990076,0.9370385005188964
2011-05-24,42.961,43.016,42.433,42.541,89743004,0,AAPL,-0.006608443863254321,-0.01177755064114483,-0.052011142061281435,43.0852,43.973150000000004,43.75693999999999,0.46260209683630354,0.7937480890990264,42.824,43.048,44.875,0.040078982628523274,1,0.5857272,1,False,False,0.040078982628523274,0.0,0.9673276980990076,0.9745940503034507
2011-05-25,42.682,43.356,42.626,43.127,81937417,0,AAPL,0.01377494652217881,-0.00912140428269459,-0.03824539494224155,43.0058,43.8874,43.73478,0.3980209793432449,0.787557610257604,42.541,43.524,44.842,0.027778421870290115,1,0.5834728,1,False,False,0.027778421870290115,0.0,0.9673276980990076,1.0016667349850548
2011-05-26,43.001,43.141,42.83,42.902,62051609,0,AAPL,-0.005217149349595385,-0.016212249764956832,-0.033847539691476136,42.8644,43.81225,43.747600000000006,0.21250717634323776,0.8070363505156458,43.127,43.609,44.405,0.02517365157801499,1,0.58483166,1,False,False,0.02517365157801499,0.0,0.9673276980990076,1.0268823443688564
2011-05-27,42.875,43.238,42.813,43.21,56764443,0,AAPL,0.007179152487063467,0.006569139023481219,-0.03635147190008925,42.9208,43.73075,43.75472,0.26463503168962377,0.7796232474058957,42.902,42.928,44.84,0.0018745660726682267,1,0.58483166,1,False,False,0.0018745660726682267,0.0,0.9673276980990076,1.0288073031722322
2011-05-31,43.708,44.545,43.668,44.545,116196483,0,AAPL,0.03089562601249707,0.04018774518961332,0.004464789049992035,43.265,43.74065,43.7987,0.760988501882466,0.7890605523431873,43.21,42.824,44.347,-0.04543719833875859,0,0.5815368,1,False,False,-0.04543719833875859,-0.0,0.9673276980990076,0.9820611816856322
2011-06-01,44.708,45.094,44.137,44.246,154338759,0,AAPL,-0.0067123133909529065,0.040078982628523274,-0.007714734245346522,43.60600000000001,43.72345,43.81458000000001,0.7370878509358781,0.7731610082885838,44.545,42.541,44.59,-0.0384215522307102,0,0.56941557,1,False,False,-0.0384215522307102,-0.0,0.9673276980990076,0.9443288666997447
2011-06-02,44.379,44.563,44.092,44.325,94459350,0,AAPL,0.0017854721330741175,0.027778421870290115,-0.009851226377161182,43.845600000000005,43.7014,43.82715999999999,0.7371691122105134,0.7477337268819473,44.246,43.127,44.766,-0.04225606316976882,0,0.58362263,1,False,False,-0.04225606316976882,-0.0,0.9673276980990076,0.9044252464554441
2011-06-03,43.947,44.223,43.797,43.982,87320278,0,AAPL,-0.007738296672306855,0.02517365157801499,-0.009525954284427485,44.061600000000006,43.68025,43.83808,0.5168697127876658,0.7326141279877778,44.325,42.902,44.405,-0.05108908189713979,0,0.58362263,1,False,False,-0.05108908189713979,-0.0,0.9673276980990076,0.8582189909694411
2011-06-06,44.27,44.442,43.262,43.291,128587248,0,AAPL,-0.015710972670638035,0.0018745660726682267,-0.024801766083979215,44.0778,43.6252,43.82032,0.4837113808845135,0.717527303717372,43.982,43.21,44.392,-0.033817652629876904,0,0.58179677,1,False,False,-0.033817652629876904,-0.0,0.9673276980990076,0.8291960392524731
2011-06-07,43.303,43.309,42.503,42.521,147655387,0,AAPL,-0.017786606915987102,-0.04543719833875859,-0.04479388970010112,43.673,43.52550000000001,43.770360000000004,0.7618959902750918,0.7258669952118043,43.291,44.545,44.515,0.00122292514287059,1,0.5818124,1,False,False,0.00122292514287059,0.0,0.9673276980990076,0.8302100839372436
2011-06-08,42.516,42.875,42.345,42.546,92985601,0,AAPL,0.0005879447802261684,-0.0384215522307102,-0.04929388630675735,43.333000000000006,43.4152,43.72374,0.8194116791926453,0.6967054501089354,42.521,44.246,44.752,-0.0165232924364217,0,0.5857272,1,False,False,-0.0165232924364217,-0.0,0.9673276980990076,0.8164922799366823
2011-06-09,42.68,42.73,42.356,42.452,76679412,0,AAPL,-0.002209373384101987,-0.04225606316976882,-0.04529303287905373,42.9584,43.314499999999995,43.67388,0.6663732437586007,0.6822306678913596,42.546,44.325,44.466,-0.01910392914350323,0,0.5857272,1,False,False,-0.01910392914350323,-0.0,0.9673276980990076,0.8008940692745545
2011-06-10,42.337,42.472,41.686,41.735,120988800,0,AAPL,-0.01688966362008859,-0.05108908189713979,-0.059641296020909396,42.509,43.18215,43.61566,0.5512172892765825,0.7199513342477876,42.452,43.982,44.382,-0.017299628609081186,0,0.5818124,1,False,False,-0.017299628609081186,-0.0,0.9673276980990076,0.787038899320889
2011-06-13,41.901,42.043,41.628,41.827,91873734,0,AAPL,0.0022043848089132734,-0.033817652629876904,-0.04077514046554287,42.2162,43.09325,43.559580000000004,0.4000946138071202,0.7728223650333188,41.735,43.291,43.605,-0.03457097090396155,0,0.5854921,1,False,False,-0.03457097090396155,-0.0,0.9673276980990076,0.7598302004321806
2011-06-14,42.266,42.677,42.172,42.573,93150072,0,AAPL,0.017835369498170994,0.00122292514287059,-0.0025537697390001224,42.226600000000005,43.0878,43.52852,0.4105378179869273,0.7762518988880291,41.827,42.521,42.682,-0.021492495243464194,0,0.5819283,1,False,False,-0.021492495243464194,-0.0,0.9673276980990076,0.7434995534635516
2011-06-15,42.182,42.298,41.605,41.843,110395909,0,AAPL,-0.0171470180630916,-0.0165232924364217,-0.02799200892027498,42.086,43.027550000000005,43.49148,0.39384514723109937,0.824752433349997,42.573,42.546,43.048,-0.012690294672944247,0,0.58156097,1,False,False,-0.012690294672944247,-0.0,0.9673276980990076,0.7340643250408966
2011-06-16,41.849,42.091,40.764,41.641,141495642,0,AAPL,-0.004827569724924263,-0.01910392914350323,-0.043263486811873975,41.9238,42.9334,43.45628,0.37181339405340175,0.8712631121121011,41.843,42.452,43.524,0.01865949424845703,1,0.5934013,1,False,False,0.01865949424845703,0.0,0.9673276980990076,0.7477615940919947
2011-06-17,42.143,42.164,40.899,41.013,171474094,0,AAPL,-0.01508129007468606,-0.017299628609081186,-0.0595289963081016,41.779399999999995,42.8036,43.41072,0.5573677421573056,0.9546955645930143,41.641,41.735,43.609,0.019018360032184933,1,0.58998066,1,False,False,0.019018360032184933,0.0,0.9673276980990076,0.7619827933066768
2011-06-20,40.634,40.687,39.763,40.381,178379402,0,AAPL,-0.015409748128642042,-0.03457097090396155,-0.05933190458442039,41.4902,42.676249999999996,43.352459999999994,0.8333229866009791,1.0965636216456969,41.013,41.827,42.928,0.052995220524504116,1,0.58634025,1,False,False,0.052995220524504116,0.0,0.9673276980990076,0.8023642394738418
2011-06-21,40.536,41.721,40.366,41.658,137379006,0,AAPL,0.031623783462519484,-0.021492495243464194,-0.02722772277227714,41.3072,42.61795,43.32746,0.6053851666481453,1.1190599661750356,40.381,42.573,42.824,0.030630371117192245,1,0.58308595,1,False,False,0.030630371117192245,0.0,0.9673276980990076,0.8269409539000894
2011-06-22,41.621,42.12,41.286,41.312,108730070,0,AAPL,-0.008305727591339074,-0.012690294672944247,-0.02888977692108785,41.201,42.5565,43.306419999999996,0.5297438060021251,1.1566210087559665,41.658,41.843,42.541,0.035437645236251036,1,0.5789043,1,False,False,0.035437645236251036,0.0,0.9673276980990076,0.8562457940557278
2011-06-23,40.844,42.476,40.739,42.418,155729276,0,AAPL,0.026771882261812596,0.01865949424845703,-0.016439817283836144,41.356399999999994,42.52105,43.30342,0.7565145735526809,1.149055652310276,41.312,41.641,43.127,0.013366966853694207,1,0.5809104,1,False,False,0.013366966853694207,0.0,0.9673276980990076,0.8676912032034857
2011-06-24,42.453,42.665,41.631,41.793,122605730,0,AAPL,-0.014734310905747505,0.019018360032184933,-0.02584961074075809,41.5124,42.465599999999995,43.27835999999999,0.7483771108188517,1.1564393810771885,42.418,41.013,42.902,0.05185078840954227,1,0.5720971,1,False,False,0.05185078840954227,0.0,0.9673276980990076,0.9126816761856108
2011-06-27,41.956,42.758,41.908,42.521,94613258,0,AAPL,0.017419185030986162,0.052995220524504116,-0.015945383013191372,41.9404,42.43115,43.27738,0.5151604604368566,1.1432845239189169,41.793,40.381,43.21,0.05239763881376258,1,0.5798798,1,False,False,0.05239763881376258,0.0,0.9673276980990076,0.9605040410063238
2011-06-28,42.72,43.115,42.701,42.934,81863228,0,AAPL,0.00971284776933734,0.030630371117192245,-0.03616567515995073,42.1956,42.3506,43.297340000000005,0.6409791728266049,1.0384609259561781,42.521,41.658,44.545,0.04919178273629288,1,0.58593684,1,False,False,0.04919178273629288,0.0,0.9673276980990076,1.0077529471088382
2011-06-29,43.052,43.076,42.501,42.776,98306133,0,AAPL,-0.003680067079703586,0.035437645236251036,-0.03322334222302581,42.4884,42.277100000000004,43.3029,0.43899692481546726,0.9450703064912384,42.934,41.312,44.246,0.06938470170188893,1,0.58570176,1,False,False,0.06938470170188893,0.0,0.9673276980990076,1.0776755847331845
2011-06-30,42.827,43.046,42.624,42.985,90013064,0,AAPL,0.004885917336824308,0.013366966853694207,-0.030231246474901385,42.601800000000004,42.2101,43.29726000000001,0.4868857155405374,0.8331123573689883,42.776,42.418,44.325,0.07162963824589985,1,0.58362263,1,False,False,0.07162963824589985,0.0,0.9673276980990076,1.1548690970140612
2011-07-01,43.021,43.989,42.798,43.96,122640579,0,AAPL,0.0226823310457136,0.05185078840954227,-0.0005002046291664453,43.035199999999996,42.208999999999996,43.29948,0.5476319019171214,0.8306606121831538,42.985,41.793,43.982,0.03125568698817105,1,0.58110034,1,False,False,0.03125568698817105,0.0,0.9673276980990076,1.1909653240226443
2011-07-05,43.922,44.799,43.862,44.749,98925488,0,AAPL,0.017948134667880034,0.05239763881376258,0.03367905569286922,43.4808,42.2819,43.29624,0.8484566577010919,0.980991222666282,43.96,42.521,43.291,0.012357818051800029,1,0.584006,1,False,False,0.012357818051800029,0.0,0.9673276980990076,1.2056830568029193
2011-07-06,44.692,45.346,44.399,45.046,123826128,0,AAPL,0.0066370198216718634,0.04919178273629288,0.05938242280285033,43.903200000000005,42.40815,43.29299999999999,1.017136519842471,1.1596013505106784,44.749,42.934,42.521,0.0178040225547218,1,0.56527907,1,False,False,0.0178040225547218,0.0,0.9673276980990076,1.2271490651400845
2011-07-07,45.437,45.845,45.334,45.744,111209088,0,AAPL,0.015495271500244101,0.06938470170188893,0.07516570300380776,44.4968,42.56805,43.310379999999995,1.0600031603713191,1.3792897285429533,45.046,42.776,42.546,0.0015521161245191095,1,0.5636287,1,False,False,0.0015521161245191095,0.0,0.9673276980990076,1.229053742991277
2011-07-08,45.273,46.103,45.102,46.064,136477568,0,AAPL,0.006995452955578907,0.07162963824589985,0.08508433053801956,45.1126,42.748650000000005,43.33482,0.8320088941814905,1.5845011592564884,45.744,42.985,42.452,0.014458145189301774,1,0.5589817,1,False,False,0.014458145189301774,0.0,0.9673276980990076,1.2468235804528995
2011-07-11,45.651,46.071,45.184,45.334,123360936,0,AAPL,-0.015847516498784242,0.03125568698817105,0.0862345752965139,45.3874,42.9286,43.3534,0.5272360002855208,1.665614203135037,46.064,43.96,41.735,0.05589623682004663,1,0.5529782,1,False,False,0.05589623682004663,0.0,0.9673276980990076,1.3165163265787132
2011-07-12,45.271,45.806,44.646,45.302,125760005,0,AAPL,-0.0007058719724710727,0.012357818051800029,0.0830803069787458,45.498000000000005,43.10235,43.36263999999999,0.4032641813960928,1.7248473090319167,45.334,44.749,41.827,0.06527305637720193,1,0.5289063,1,False,False,0.06527305637720193,0.0,0.9673276980990076,1.4024493709849923
2011-07-13,45.889,46.103,45.639,45.848,108946852,0,AAPL,0.012052448015540174,0.0178040225547218,0.07692669062551372,45.6584,43.2661,43.39266000000001,0.33167876024406684,1.8245254292846207,45.302,45.046,42.573,0.08070144826382841,1,0.52824444,1,False,False,0.08070144826382841,0.0,0.9673276980990076,1.5156290663401764
2011-07-14,46.218,46.308,45.634,45.815,119636953,0,AAPL,-0.0007197696737044623,0.0015521161245191095,0.09492627201682469,45.6726,43.4647,43.417159999999996,0.3377244438844175,1.8768928158278615,45.848,45.744,41.843,0.08257121030230286,1,0.52824444,1,True,True,0.08257121030230286,0.08257121030230286,1.0472011168899833,1.640776392717234
2011-07-15,46.229,46.742,45.996,46.73,134729826,0,AAPL,0.019971625013641692,0.014458145189301774,0.12221128214980426,45.8058,43.71915,43.45643999999999,0.5771526661092534,1.9597692204362749,45.815,46.064,41.641,0.07783008773806976,1,0.535242,1,True,True,0.07783008773806976,0.07783008773806976,1.1287048716969355,1.76847816332097
2011-07-18,46.798,47.98,46.779,47.868,159233208,0,AAPL,0.024352664241386712,0.05589623682004663,0.16714212566747144,46.312599999999996,44.061899999999994,43.52570000000001,1.0097355099217582,2.0585300043837984,46.73,45.334,41.013,0.06614021893540567,1,0.535242,1,True,True,0.06614021893540567,0.06614021893540567,1.2033576590244297,1.885445696225503
2011-07-19,48.397,48.491,47.808,48.259,223877469,0,AAPL,0.008168296147739618,0.06527305637720193,0.19509175107104837,46.903999999999996,44.455799999999996,43.60304,1.1287885098621782,2.070810281279683,47.868,45.302,40.381,0.07045317971777276,1,0.5243776,1,True,True,0.07045317971777276,0.07045317971777276,1.2881380324404361,2.0182813407097795
2011-07-20,50.72,50.747,49.433,49.548,262089246,0,AAPL,0.02671004372241459,0.08070144826382841,0.18939939507417547,47.644,44.8503,43.7037,1.4347694936807043,2.253267337609514,48.259,45.848,41.658,0.014692823121013943,1,0.5229121,1,True,True,0.014692823121013943,0.014692823121013943,1.3070644167065344,2.047935591457271
2011-07-21,49.563,49.951,49.164,49.598,146676261,0,AAPL,0.0010091224671024968,0.08257121030230286,0.20057126258714186,48.4006,45.264599999999994,43.80062,1.208812557842069,2.32893988532867,49.548,45.815,41.312,0.011653695713536916,1,0.5367032,1,True,True,0.011653695713536916,0.011653695713536916,1.322296547696824,2.071801609681036
2011-07-22,49.729,50.59,49.657,50.367,143511789,0,AAPL,0.015504657445864822,0.07783008773806976,0.18739685982365972,49.128,45.66205,43.91864,1.0338256622838202,2.4902682475464135,49.598,46.73,42.418,-0.007167391347509211,0,0.5362309,1,True,True,-0.007167391347509211,-0.007167391347509211,1.3128191308620205,2.0569521967500526
2011-07-25,49.967,51.224,49.895,51.034,164189669,0,AAPL,0.013242797863680655,0.06614021893540567,0.22111358361448086,49.761199999999995,46.124100000000006,44.05168,1.03871396447554,2.5899174727760204,50.367,47.868,41.793,-0.004428420268840383,0,0.5367032,1,True,True,-0.004428420268840383,-0.004428420268840383,1.3070054160135898,2.047843147949929
2011-07-26,51.224,51.803,51.182,51.659,132729065,0,AAPL,0.01224673746913818,0.07045317971777276,0.21490557606829563,50.441199999999995,46.581,44.212759999999996,0.9149790707969259,2.7234209717696496,51.034,48.259,42.521,-0.03588919646141042,0,0.5367032,1,True,True,-0.03588919646141042,-0.03588919646141042,1.2600980418621506,1.9743477028910008
2011-07-27,51.266,51.566,50.219,50.276,183392773,0,AAPL,-0.026771714512475953,0.014692823121013943,0.17100666138724563,50.5868,46.9481,44.36464,0.786167094195876,2.700687844157486,51.659,49.548,42.934,-5.967061818756836e-05,0,0.5285154,1,True,True,-5.967061818756836e-05,-5.967061818756836e-05,1.2600228510330158,1.9742298923430521
2011-07-28,50.152,50.84,49.703,50.176,165501080,0,AAPL,-0.0019890206062535,0.011653695713536916,0.17299420235646146,50.7024,47.3181,44.507200000000005,0.631753353767412,2.604202088124219,50.276,49.598,42.776,-0.036830357142857095,0,0.5367032,1,True,True,-0.036830357142857095,-0.036830357142857095,1.2136157594213088,1.9015183003259533
2011-07-29,49.627,50.605,49.174,50.006,176122513,0,AAPL,-0.0033880739795918435,-0.007167391347509211,0.1633360474584158,50.6302,47.66915,44.63684,0.6969334257993229,2.4584958018869605,50.176,50.367,42.985,-0.043194816622005416,0,0.5367032,1,True,True,-0.043194816622005416,-0.043194816622005416,1.1611938492435296,1.8193825660399863
2011-08-01,50.968,51.161,50.249,50.808,170311809,0,AAPL,0.016038075430948373,-0.004428420268840383,0.15577797998180154,50.585,48.01155,44.780820000000006,0.6710454530032863,2.3906579247476984,50.006,51.034,43.96,-0.10974649661470637,0,0.5362309,1,True,True,-0.10974649661470637,-0.10974649661470637,1.0337568923985068,1.619711703415223
2011-08-02,50.947,50.954,49.732,49.805,178043558,0,AAPL,-0.019740985671547806,-0.03588919646141042,0.11298576504502877,50.214200000000005,48.26435,44.91835999999999,0.37705065972151075,2.292823294658225,50.808,51.659,44.749,-0.03830940668607574,0,0.52418923,1,True,True,-0.03830940668607574,-0.03830940668607574,0.9941542791930785,1.5576615090548929
2011-08-03,50.083,50.397,48.951,50.273,204282731,0,AAPL,0.009396646922999796,-5.967061818756836e-05,0.1160369400168717,50.2136,48.52569999999999,45.067339999999994,0.376930099615866,2.202803909375272,49.805,50.276,45.046,-0.07355837129274168,0,0.5209944,1,True,True,-0.07355837129274168,-0.07355837129274168,0.9210259096019261,1.4430824654234207
2011-08-04,49.845,50.114,48.325,48.328,241636354,0,AAPL,-0.03868875937381899,-0.036830357142857095,0.05648828261629957,49.844,48.654900000000005,45.18308,0.9272753097092883,2.104655663798471,50.273,50.176,45.744,-0.009787286873034429,0,0.51616836,1,True,True,-0.009787286873034429,-0.009787286873034429,0.9120115648071546,1.4289586033528758
2011-08-05,48.651,49.111,46.432,47.846,335646044,0,AAPL,-0.009973514318821541,-0.043194816622005416,0.03868530739840215,49.412,48.744,45.27746,1.2720060927513266,2.0254267126761563,48.328,50.006,46.064,0.009028967938803811,1,0.5243776,1,True,True,0.009028967938803811,0.009028967938803811,0.9202460879856167,1.441860624768427
2011-08-08,46.28,47.096,45.209,45.232,318020359,0,AAPL,-0.05463361618526097,-0.10974649661470637,-0.002249966912251322,48.2968,48.7389,45.32406,1.9860278698942255,2.03457273155842,47.846,50.808,45.334,0.08551467987265648,1,0.5087685,1,False,False,0.08551467987265648,0.0,0.9202460879856167,1.5651608745164873
2011-08-09,46.33,47.974,45.462,47.897,301440424,0,AAPL,0.05891846480367868,-0.03830940668607574,0.057282239194737405,47.9152,48.868649999999995,45.4178,1.7982148648024872,1.8807900152808232,45.232,49.805,45.302,0.01728709522517069,1,0.5229121,1,False,False,0.01728709522517069,0.0,0.9202460879856167,1.5922179595969652
2011-08-10,47.512,47.98,46.422,46.575,244802300,0,AAPL,-0.02760089358414919,-0.07355837129274168,0.015856744023730718,47.175599999999996,48.905,45.458400000000005,1.2684814937541202,1.8255515100348618,47.897,50.273,45.848,0.046033279656467974,1,0.51240313,1,False,False,0.046033279656467974,0.0,0.9202460879856167,1.665512974205143
2011-08-11,47.452,48.081,46.706,47.855,206716645,0,AAPL,0.027482555018786714,-0.009787286873034429,0.0445269016697587,47.080999999999996,49.007,45.53058,1.175265289199289,1.6962256552962822,46.575,48.328,45.815,-0.020436735973252462,0,0.5237927,1,False,False,-0.020436735973252462,-0.0,0.9202460879856167,1.6314753252912861
2011-08-12,48.459,48.614,47.924,48.278,147400799,0,AAPL,0.008839201755302506,0.009028967938803811,0.033126471217633346,47.1674,49.0844,45.60964,1.2584964441732365,1.6204831118498473,47.855,47.846,46.73,-0.055636107543808766,0,0.5552626,1,False,False,-0.055636107543808766,-0.0,0.9202460879856167,1.5407063886383097
2011-08-15,48.62,49.301,48.418,49.1,128218830,0,AAPL,0.01702638883135177,0.08551467987265648,0.025737444639425178,47.941,49.146,45.711999999999996,0.9127072367394751,1.5950262825754171,48.278,45.232,47.868,-0.070366598778004,0,0.55479354,1,False,False,-0.070366598778004,-0.0,0.9202460879856167,1.4322921203542902
2011-08-16,48.854,49.096,48.16,48.725,139019116,0,AAPL,-0.0076374745417515655,0.01728709522517069,0.009656229926024107,48.1066,49.1693,45.82068,0.9756717173294475,1.5847576969037973,49.1,47.897,48.259,-0.01808106721395586,0,0.55504096,1,False,False,-0.01808106721395586,-0.0,0.9202460879856167,1.406394750256145
2011-08-17,48.967,49.241,48.407,48.719,122825663,0,AAPL,-0.0001231400718316733,0.046033279656467974,-0.016731250504561257,48.5354,49.12785,45.94464,0.4789648212515809,1.5851726877539527,48.725,46.575,49.548,-0.011145548964469731,0,0.55420774,1,False,False,-0.011145548964469731,-0.0,0.9202460879856167,1.390719708703792
2011-08-18,47.472,47.722,46.279,46.877,237102519,0,AAPL,-0.03780865781317344,-0.020436735973252462,-0.05486108310818982,48.3398,48.9918,46.03126,0.8679975230359659,1.6578008451277713,48.719,47.855,49.598,0.020927107110096488,1,0.5385355,1,False,False,0.020927107110096488,0.0,0.9202460879856167,1.4198234490079584
2011-08-19,46.323,46.999,45.588,45.592,216219314,0,AAPL,-0.027412163747680185,-0.055636107543808766,-0.09480413762979722,47.8026,48.753049999999995,46.09406,1.509747098025566,1.7880480823338984,46.877,48.278,50.367,0.07744779785927358,1,0.5168172,1,False,False,0.07744779785927358,0.0,0.9202460879856167,1.5297856484825834
2011-08-22,46.697,46.726,45.475,45.645,149071936,0,AAPL,0.0011624846464293181,-0.070366598778004,-0.1055962691538973,47.111599999999996,48.4836,46.172259999999994,1.5573961602613116,1.831743184711747,45.592,49.1,51.034,0.09407383064957808,1,0.5373492,1,False,False,0.09407383064957808,0.0,0.9202460879856167,1.673698444508089
2011-08-23,46.141,47.849,45.718,47.844,182939544,0,AAPL,0.04817614196516584,-0.01808106721395586,-0.07384966801525383,46.9354,48.29285,46.29259999999999,1.3674839304345385,1.6756552614616915,45.645,48.725,51.659,0.04382994732881862,1,0.53479284,1,False,False,0.04382994732881862,0.0,0.9202460879856167,1.747056559175204
2011-08-24,47.826,48.532,47.459,48.176,163242890,0,AAPL,0.006939219128835328,-0.011145548964469731,-0.041769432731323164,46.826800000000006,48.187850000000005,46.40465999999999,1.201971172697874,1.60932906173612,47.844,48.719,50.276,0.02295748920624363,1,0.55893224,1,False,False,0.02295748920624363,0.0,0.9202460879856167,1.787164591275166
2011-08-25,46.743,48.081,46.742,47.858,242767964,0,AAPL,-0.006600797077383036,0.020927107110096488,-0.046197385204081676,47.023,48.07195,46.52496,1.289119854783364,1.5406127446404114,48.176,46.877,50.176,0.019578753813364713,1,0.5466985,1,False,False,0.019578753813364713,0.0,0.9202460879856167,1.822155046831705
2011-08-26,47.534,49.15,47.485,49.123,178673726,0,AAPL,0.02643236240544944,0.07744779785927358,-0.017657881054273572,47.7292,48.0278,46.6746,1.2763195916370667,1.4942246220209747,47.858,45.592,50.006,-0.024876330842985905,0,0.5527558,1,False,False,-0.024876330842985905,-0.0,0.9202460879856167,1.776826515039503
2011-08-29,49.709,50.135,49.687,49.939,112854433,0,AAPL,0.016611363312501348,0.09407383064957808,-0.017103605731380922,48.588,47.98435,46.85312,0.9175519058868132,1.4199120163628522,49.123,45.645,50.808,-0.026252027473517736,0,0.55886525,1,True,True,-0.026252027473517736,-0.026252027473517736,0.8960877624014211,1.7301812165510113
2011-08-30,49.72,50.179,49.459,49.941,116360732,0,AAPL,4.00488596088433e-05,0.04382994732881862,0.0027306495331793634,49.0074,47.99115,47.04432,0.9702058029080619,1.4293841248303008,49.939,47.844,49.805,-0.015478264351935334,0,0.55933344,1,True,True,-0.015478264351935334,-0.015478264351935334,0.8822178791324377,1.7034010143044818
2011-08-31,50.07,50.211,48.902,49.282,145657843,0,AAPL,-0.013195570773512855,0.02295748920624363,-0.01971237045730323,49.2286,47.94160000000001,47.196799999999996,0.85216330594344,1.3616938136403343,49.941,48.176,50.273,-0.0018059332007629436,0,0.5580689,1,True,True,-0.0018059332007629436,-0.0018059332007629436,0.8806246525742057,1.700324785858536
2011-09-01,49.42,49.604,48.758,48.795,95695032,0,AAPL,-0.009881904143500542,0.019578753813364713,0.00966313524250939,49.416,47.96495,47.34646,0.509558632540388,1.3726285377452534,49.282,47.858,48.328,-0.009304231990982736,0,0.5581415,1,True,True,-0.009304231990982736,-0.009304231990982736,0.8724311165096768,1.68450456959089
2011-09-02,48.017,48.407,47.617,47.901,122378780,0,AAPL,-0.018321549339071597,-0.024876330842985905,0.0011495213810979177,49.1716,47.967699999999994,47.45612,0.8586791018747665,1.3724327651065227,48.795,49.123,47.846,0.01576167512160498,1,0.5533309,1,True,True,0.01576167512160498,0.01576167512160498,0.8861820923340814,1.7110551833576406
2011-09-06,47.01,48.706,46.93,48.628,141829851,0,AAPL,0.015177136176697692,-0.026252027473517736,0.07507958967102946,48.9094,48.1375,47.59282,0.7602915887976711,1.2174858261364672,47.901,49.939,45.232,0.012873241753722064,1,0.56547946,1,True,True,0.012873241753722064,0.012873241753722064,0.8975901286465173,1.7330820103869629
2011-09-07,49.356,49.378,48.919,49.168,97469791,0,AAPL,0.011104713333881744,-0.015478264351935334,0.02653610873332357,48.7548,48.20105,47.72576,0.5466586686374811,1.2372822711176872,48.628,49.941,47.897,0.013992840872111945,1,0.55894923,1,True,True,0.013992840872111945,0.013992840872111945,0.9101499644850465,1.7573327511766275
2011-09-08,48.973,49.766,48.961,49.193,115834547,0,AAPL,0.0005084607875041058,-0.0018059332007629436,0.056210413311862384,48.737,48.33195,47.85094,0.5262694176906969,1.193925655580664,49.168,49.282,46.575,0.022950419775171316,1,0.56527907,1,True,True,0.022950419775171316,0.022950419775171316,0.9310382882283356,1.7976642755007877
2011-09-09,49.191,49.433,48.025,48.341,157483238,0,AAPL,-0.017319537332547208,-0.009304231990982736,0.010155678612475239,48.6462,48.35625,47.96224,0.5522831701188418,1.1886414569410666,49.193,48.795,47.855,0.06096274384063216,1,0.5553535,1,True,True,0.06096274384063216,0.06096274384063216,0.9877969368994203,1.9072548222395977
2011-09-12,47.831,48.778,47.626,48.656,130245831,0,AAPL,0.006516207773939353,0.01576167512160498,0.007829653258212943,48.7972,48.37515,48.07566,0.37109122867092653,1.190335745427815,48.341,47.901,48.278,0.0834018414995068,1,0.55296683,1,True,True,0.0834018414995068,0.0834018414995068,1.070181020464404,2.0663233866231945
2011-09-13,48.938,49.459,48.695,49.254,122789824,0,AAPL,0.012290365011509374,0.012873241753722064,0.003136456211812577,48.922399999999996,48.382850000000005,48.18154,0.40388649395155696,1.1957571604816721,48.656,48.628,49.1,0.07497868193446222,1,0.55323285,1,True,True,0.07497868193446222,0.07497868193446222,1.1504217828101027,2.2212535906025557
2011-09-14,49.563,50.226,49.4,49.856,148981888,0,AAPL,0.012222357575019327,0.013992840872111945,0.023211903540277135,49.06,48.4394,48.283680000000004,0.5850465793391699,1.238760305603117,49.254,49.168,48.725,0.058628851091142575,1,0.5603858,1,True,True,0.058628851091142575,0.058628851091142575,1.217869690206483,2.351483136601659
2011-09-15,50.145,50.413,49.931,50.322,115696168,0,AAPL,0.009346919127086073,0.022950419775171316,0.03290297419897792,49.2858,48.519549999999995,48.3892,0.8199306068176968,1.307740939861775,49.856,49.193,48.719,0.022534875402408394,1,0.5603858,1,True,True,0.022534875402408394,0.022534875402408394,1.2453142319316557,2.404473516095842
2011-09-16,50.714,51.288,50.588,51.288,194047962,0,AAPL,0.019196375342792393,0.06096274384063216,0.09409731851440983,49.87519999999999,48.7401,48.50008,1.0085064204041343,1.3857743379751821,50.322,48.341,46.877,0.009514896272032614,1,0.56013733,1,True,True,0.009514896272032614,0.009514896272032614,1.2571632676745714,2.4273518321903436
2011-09-19,50.828,52.918,50.611,52.714,229042385,0,AAPL,0.027803774762127587,0.0834018414995068,0.15621161607299516,50.68679999999999,49.0962,48.63308,1.3552863903973424,1.4479067140643611,51.288,48.656,45.592,-0.020544826801229266,0,0.550437,1,True,True,-0.020544826801229266,-0.020544826801229266,1.2313350660793299,2.3774823092123465
2011-09-20,53.191,54.15,52.658,52.947,215933121,0,AAPL,0.004420078157605367,0.07497868193446222,0.15997371015445272,51.4254,49.4613,48.78534,1.3852024400773237,1.4524781400659692,52.714,49.254,45.645,-0.03433622301546835,0,0.5518904,1,True,True,-0.03433622301546835,-0.03433622301546835,1.1890556706436635,2.2958485464279006
2011-09-21,53.75,53.988,52.762,52.779,168477126,0,AAPL,-0.003172984305059745,0.058628851091142575,0.10314773012289957,52.010000000000005,49.70805,48.93488,1.1549430721884544,1.5771046914824058,52.947,49.856,47.844,-0.03668125580249715,0,0.5589817,1,True,True,-0.03668125580249715,-0.03668125580249715,1.1454396154253734,2.2116339386125876
2011-09-22,51.353,52.483,50.801,51.456,269774087,0,AAPL,-0.025066787927016443,0.022534875402408394,0.06808369312520757,52.2368,49.87205,49.047039999999996,0.7962340736216197,1.5799426530235787,52.779,50.322,48.176,-0.027965640547263693,0,0.53858536,1,True,True,-0.027965640547263693,-0.027965640547263693,1.1134066628717916,2.149784178863219
2011-09-23,51.257,52.088,51.206,51.776,152263430,0,AAPL,0.006218905472636926,0.009514896272032614,0.08186719043838031,52.3344,50.06795,49.16626,0.6709026009757794,1.559845622422474,51.456,51.288,47.858,-0.056879635352286795,0,0.5589817,1,True,True,-0.056879635352286795,-0.056879635352286795,1.0500764978888375,2.027505238683364
2011-09-26,51.237,51.735,50.112,51.631,226515830,0,AAPL,-0.002800525339925919,-0.020544826801229266,0.051055513710482,52.1178,50.193349999999995,49.26428000000001,0.6921955648486157,1.5805552080805516,51.776,52.714,49.123,-0.07084890860142168,0,0.5467483,1,True,True,-0.07084890860142168,-0.07084890860142168,0.9756797240654103,1.8838587053389826
2011-09-27,52.373,52.409,50.974,51.129,176027843,0,AAPL,-0.009722840928899301,-0.03433622301546835,0.023829071467189822,51.754200000000004,50.25285,49.329499999999996,0.6216242434108721,1.5928273859963702,51.631,52.947,49.939,-0.066987423966829,0,0.5552626,1,True,True,-0.066987423966829,-0.066987423966829,0.9103214527336019,1.7576638635508386
2011-09-28,51.284,51.703,50.776,50.843,119722770,0,AAPL,-0.0055936943808796435,-0.03668125580249715,0.018061312348571334,51.367,50.29795,49.38117999999999,0.3795121868875658,1.5962988268923601,51.129,52.779,49.941,-0.04726314340223836,0,0.54885155,1,True,True,-0.04726314340223836,-0.04726314340223836,0.8672967993709197,1.674591144314903
2011-09-29,51.478,51.508,49.459,50.017,181445267,0,AAPL,-0.01624609090730289,-0.027965640547263693,0.014914167444503246,51.0792,50.3347,49.39056000000001,0.7029496425749261,1.5800565646107432,50.843,51.456,49.282,-0.033768518703640726,0,0.54924935,1,True,True,-0.033768518703640726,-0.033768518703640726,0.8380094711797551,1.618042681937154
2011-09-30,49.576,49.802,48.815,48.831,152700185,0,AAPL,-0.023711937941100047,-0.056879635352286795,0.0007377805102981583,50.4902,50.3365,49.37522,1.096679169126632,1.5782296710992114,50.017,51.776,48.795,-0.030206221457680593,0,0.5481918,1,True,True,-0.030206221457680593,-0.030206221457680593,0.8126963715096657,1.569167726358581
2011-10-03,48.709,49.004,47.789,47.973,186284083,0,AAPL,-0.017570805430976333,-0.07084890860142168,0.001503100144047087,49.7586,50.3401,49.32733999999999,1.3387960262849459,1.5724533596969217,48.831,51.631,47.901,0.03793800679548909,1,0.5481918,1,False,False,0.03793800679548909,0.0,0.8126963715096657,1.628698822224435
2011-10-04,48.011,48.894,45.364,47.704,343735715,0,AAPL,-0.005607320784608016,-0.066987423966829,-0.019001398371308653,49.073600000000006,50.2939,49.260740000000006,1.3385401749654122,1.6376271312645365,47.973,51.129,48.628,0.07458494046620823,1,0.54195035,1,False,False,0.07458494046620823,0.0,0.8126963715096657,1.750175226917428
2011-10-05,47.108,48.64,46.141,48.44,219177331,0,AAPL,0.015428475599530422,-0.04726314340223836,-0.014806378132118492,48.593,50.2575,49.196360000000006,0.9058904459130157,1.671706109275957,47.704,50.843,49.168,0.06327415359207267,1,0.51651156,1,False,False,0.06327415359207267,0.0,0.8126963715096657,1.860916083038442
2011-10-06,47.774,49.275,47.615,48.328,226333493,0,AAPL,-0.0023121387283235872,-0.033768518703640726,-0.017583802573536755,48.2552,50.21425,49.157399999999996,0.43429678791871573,1.7114140621446192,48.44,50.017,49.193,0.08227114716106598,1,0.5149627,1,False,False,0.08227114716106598,0.0,0.8126963715096657,2.014015783960492
2011-10-07,48.121,48.375,47.189,47.356,149312946,0,AAPL,-0.02011256414500917,-0.030206221457680593,-0.02037607827723875,47.9602,50.165,49.10099999999999,0.44619076637302213,1.7809199278672714,48.328,48.831,48.341,0.1412070276205759,1,0.5190418,1,False,False,0.1412070276205759,0.0,0.8126963715096657,2.298408966394477
2011-10-10,48.559,49.793,48.434,49.793,122947396,0,AAPL,0.051461272066897434,0.03793800679548909,0.02336813548174943,48.324200000000005,50.22185,49.09674,0.9344593089035539,1.748059142532242,47.356,47.973,48.656,0.08019199485871509,1,0.5314905,1,False,False,0.08019199485871509,0.0,0.8126963715096657,2.4827229664108077
2011-10-11,50.274,51.633,50.135,51.262,168665435,0,AAPL,0.029502138854859083,0.07458494046620823,0.04076826247614407,49.0358,50.322250000000004,49.10582,1.5171523324954679,1.7472095007396127,49.793,47.704,49.254,0.0548749561078381,1,0.535242,1,False,False,0.0548749561078381,0.0,0.8126963715096657,2.6189622802205226
2011-10-12,52.174,52.409,51.243,51.505,173321900,0,AAPL,0.004740353478210002,0.06327415359207267,0.033075256739409475,49.6488,50.404700000000005,49.13982000000001,1.807631793257791,1.7628868101112565,51.262,48.44,49.856,-0.008834093777303265,0,0.5329532,1,False,False,-0.008834093777303265,-0.0,0.8126963715096657,2.5958261218378347
2011-10-13,51.87,52.304,51.591,52.304,118153365,0,AAPL,0.0155130569847588,0.08227114716106598,0.039386351893803795,50.444,50.5038,49.18044,1.950255752458198,1.8129898713686445,51.505,48.328,50.322,-0.03213903334353019,0,0.5362309,1,False,False,-0.03213903334353019,-0.0,0.8126963715096657,2.512398779554082
2011-10-14,53.402,54.043,53.181,54.043,159450387,0,AAPL,0.03324793514836344,0.1412070276205759,0.05371626891280612,51.7814,50.64155,49.294740000000004,1.5562658191954677,1.9732844507787757,52.304,47.356,51.288,-0.06905612197694422,0,0.52421474,1,True,True,-0.06905612197694422,-0.06905612197694422,0.7565747117484742,2.3389022629784693
2011-10-17,53.968,54.645,53.264,53.786,190991217,0,AAPL,-0.0047554724941250015,0.08019199485871509,0.02033615358348828,52.58,50.69515,49.413540000000005,1.2809888758283758,2.0457688883981797,54.043,49.793,52.714,-0.03387498605585104,0,0.5329532,1,True,True,-0.03387498605585104,-0.03387498605585104,0.7309457539377852,2.2596719814340753
2011-10-18,53.988,54.402,53.27,54.075,240888318,0,AAPL,0.005373145428178461,0.0548749561078381,0.021304323191115637,53.1426,50.751549999999995,49.5904,1.1703671646094582,2.1251275497326416,53.786,51.262,52.947,-0.057993527508090614,0,0.52061695,1,True,True,-0.057993527508090614,-0.057993527508090614,0.6885556312498722,2.1286256322195167
2011-10-19,51.411,52.302,50.943,51.05,307564028,0,AAPL,-0.05594082293111424,-0.008834093777303265,-0.03275924136493691,53.05159999999999,50.6651,49.65346,1.3355591712822004,2.072834593650121,54.075,51.505,52.779,0.004916748285994199,1,0.5087685,1,True,True,0.004916748285994199,0.004916748285994199,0.6919410859696317,2.1390915486482553
2011-10-20,51.224,51.27,50.487,50.623,153130629,0,AAPL,-0.00836434867776692,-0.03213903334353019,-0.01618858830845782,52.7154,50.62345,49.73442,1.725464662053684,2.064458345553961,51.05,52.304,51.456,0.0237639017837743,1,0.529331,1,True,True,0.0237639017837743,0.0237639017837743,0.7083843059767722,2.189924710116834
2011-10-21,51.008,51.114,50.04,50.311,172906566,0,AAPL,-0.006163206447662106,-0.06905612197694422,-0.02829496291718181,51.968999999999994,50.550200000000004,49.78354,1.8125924803982014,2.0473309865339644,50.623,54.043,51.776,0.030748742819661556,1,0.529331,1,True,True,0.030748742819661556,0.030748742819661556,0.7301662328187364,2.257262141822639
2011-10-24,50.723,52.059,50.635,51.964,139963135,0,AAPL,0.03285563793206259,-0.03387498605585104,0.00644961360423002,51.60459999999999,50.56685,49.857260000000004,1.5146423010057974,2.0579099840937314,50.311,53.786,51.631,-0.002424755600030748,0,0.5287076,1,True,True,-0.002424755600030748,-0.002424755600030748,0.7283957581567558,2.251788832803517
2011-10-25,51.873,52.065,50.889,50.939,119901221,0,AAPL,-0.019725194365329823,-0.057993527508090614,-0.00371609067261236,50.9774,50.55735,49.894040000000004,0.6224574684235035,2.0556156018654512,51.964,54.075,51.129,-0.0031999057696460165,0,0.52326816,1,True,True,-0.0031999057696460165,-0.0031999057696460165,0.7260649603676443,2.244583320725405
2011-10-26,51.478,51.553,50.347,51.301,127051612,0,AAPL,0.0071065391939377776,0.004916748285994199,0.009008123045453509,51.02759999999999,50.58025,49.94555999999999,0.6396599096365135,2.0615079528041518,50.939,51.05,50.843,-0.007953061343833445,0,0.53017133,1,True,True,-0.007953061343833445,-0.007953061343833445,0.7202905211982324,2.2267320118843306
2011-10-27,52.229,52.378,51.465,51.826,137831561,0,AAPL,0.01023371864096223,0.0237639017837743,0.03616770298098637,51.2682,50.6707,50.00770000000001,0.6747145322254223,2.0751347984119066,51.301,50.623,50.017,-0.0040134295527340935,0,0.5367032,1,True,True,-0.0040134295527340935,-0.0040134295527340935,0.7173996859339012,2.217795179821815
2011-10-28,51.608,52.04,51.547,51.858,89898816,0,AAPL,0.0006174507004206298,0.030748742819661556,0.061989310069422876,51.5776,50.822050000000004,50.10732,0.4398719131703491,2.044048523345408,51.826,50.311,48.831,-0.011608623548922004,0,0.53513765,1,True,True,-0.011608623548922004,-0.011608623548922004,0.7090716630457797,2.19204963047065
2011-10-31,51.494,52.418,51.359,51.838,107509269,0,AAPL,-0.00038566855644250886,-0.002424755600030748,0.08056615179371729,51.5524,51.0153,50.232240000000004,0.4151135989053431,1.9406009676877245,51.858,51.964,47.973,-0.012519773139395785,0,0.5289063,1,True,True,-0.012519773139395785,-0.012519773139395785,0.7001942466848725,2.164605666386861
2011-11-01,50.905,51.161,50.357,50.776,148177380,0,AAPL,-0.020486901500829435,-0.0031999057696460165,0.06439711554586625,51.5198,51.168899999999994,50.334860000000006,0.4771008279139202,1.7796127284212555,51.838,50.939,47.704,0.02455884669922792,1,0.5306511,1,True,True,0.02455884669922792,0.02455884669922792,0.7173902098488877,2.217765885111936
2011-11-02,51.245,51.28,50.599,50.893,91325063,0,AAPL,0.002304238222782473,-0.007953061343833445,0.05063996696944684,51.43820000000001,51.29155000000001,50.39584000000001,0.5527686677048147,1.6623029831820013,50.776,51.301,48.44,-0.005344546401273242,0,0.5575442,1,True,True,-0.005344546401273242,-0.005344546401273242,0.7135560845845311,2.2059129324317945
2011-11-03,51.131,51.658,50.629,51.618,123096729,0,AAPL,0.014245574047511367,-0.0040134295527340935,0.06807647740440315,51.3966,51.456050000000005,50.46468000000001,0.5233304883113156,1.5093482202596715,50.893,51.826,48.328,-0.0442481304971134,0,0.5591827,1,False,False,-0.0442481304971134,-0.0,0.7135560845845311,2.1083054091322824
2011-11-04,51.528,51.663,51.116,51.256,84118437,0,AAPL,-0.007013057460575789,-0.011608623548922004,0.08235492862572857,51.276199999999996,51.65105,50.53264,0.45549335889359704,1.1642395066945628,51.618,51.858,47.356,-0.03905884189168107,0,0.56384605,1,False,False,-0.03905884189168107,-0.0,0.7135560845845311,2.0259574414976087
2011-11-07,51.214,51.224,50.728,51.189,75203074,0,AAPL,-0.001307164039331954,-0.012519773139395785,0.028036069327013857,51.1464,51.720850000000006,50.57396,0.3307722781555021,1.0862130873146663,51.256,51.838,49.793,-0.05116333587294142,0,0.56302804,1,False,False,-0.05116333587294142,-0.0,0.7135560845845311,1.9223027004539814
2011-11-08,51.508,52.248,51.423,52.023,111450134,0,AAPL,0.016292562855301007,0.02455884669922792,0.014845304514065072,51.39580000000001,51.758900000000004,50.615640000000006,0.43527887611985655,1.0826165623403594,51.189,50.776,51.262,-0.042807988774196115,0,0.56818104,1,False,False,-0.042807988774196115,-0.0,0.7135560845845311,1.8400127880323405
2011-11-09,50.842,51.339,50.489,50.621,155503300,0,AAPL,-0.02694961843799859,-0.005344546401273242,-0.0171633821959033,51.3414,51.71470000000001,50.62924,0.5221544790540139,1.1111964201758182,52.023,50.893,51.505,-0.02660950988720101,0,0.5636789,1,False,False,-0.02660950988720101,-0.0,0.7135560845845311,1.7910509495566176
2011-11-10,50.856,50.869,48.939,49.334,207622351,0,AAPL,-0.02542423105035463,-0.0442481304971134,-0.056783420006118024,50.8846,51.5662,50.63028,1.0000496487655988,1.2212979549388727,50.621,51.618,52.304,-0.020290266347752106,0,0.54488707,1,False,False,-0.020290266347752106,-0.0,0.7135560845845311,1.7547100487477194
2011-11-11,49.529,49.777,48.697,49.254,182195095,0,AAPL,-0.0016215997081121536,-0.03905884189168107,-0.08861462169013568,50.4842,51.326750000000004,50.63946,1.1957962619092886,1.1788667562317672,49.334,51.256,54.043,-0.02511471149551292,0,0.5684397,1,False,False,-0.02511471149551292,-0.0,0.7135560845845311,1.710641012115143
2011-11-14,49.187,49.337,48.432,48.57,120687460,0,AAPL,-0.013887196978925487,-0.05116333587294142,-0.09697690848919793,49.96040000000001,51.06595,50.65284,1.3707024841285818,1.1831322600360001,49.254,51.189,53.786,-0.02701255919291734,0,0.56718105,1,False,False,-0.02701255919291734,-0.0,0.7135560845845311,1.6644322205175506
2011-11-15,48.768,49.88,48.592,49.796,120066631,0,AAPL,0.025241918879967074,-0.042807988774196115,-0.07913083680073973,49.515,50.852000000000004,50.6762,0.7576450356177964,0.9797726911467012,48.57,52.023,54.075,-0.031709374246927435,0,0.57818806,1,False,False,-0.031709374246927435,-0.0,0.7135560845845311,1.6116541163285152
2011-11-16,49.873,50.092,49.217,49.274,97180914,0,AAPL,-0.010482769700377537,-0.02660950988720101,-0.03478942213516156,49.2456,50.7632,50.67832000000001,0.4381972158701038,1.0395420854248683,49.796,50.621,51.05,-0.04619068880139632,0,0.56558365,1,False,False,-0.04619068880139632,-0.0,0.7135560845845311,1.5372107025856954
2011-11-17,49.167,49.249,48.086,48.333,133785074,0,AAPL,-0.019097292689856715,-0.020290266347752106,-0.04523635501649448,49.0454,50.648700000000005,50.661120000000004,0.5900616916868316,1.173306578144373,49.274,49.334,50.623,-0.03668301160697651,0,0.5592442,1,False,False,-0.03668301160697651,-0.0,0.7135560845845311,1.4808211845403758
2011-11-18,48.524,48.663,48.009,48.017,103705732,0,AAPL,-0.0065379761239732215,-0.02511471149551292,-0.0455963904513923,48.798,50.534000000000006,50.65464,0.7246982130489514,1.3119892489935867,48.333,49.254,50.311,0.003144719578482613,1,0.56202704,1,False,False,0.003144719578482613,0.0,0.7135560845845311,1.4854779519116317
2011-11-21,47.413,47.597,46.86,47.258,124808869,0,AAPL,-0.0158069017223067,-0.02701255919291734,-0.09056269725194355,48.5356,50.298700000000004,50.62667999999999,1.0094673347842227,1.456111516117327,48.017,48.57,51.964,0.011341995006136418,1,0.56127906,1,False,False,0.011341995006136418,0.0,0.7135560845845311,1.502326235423939
2011-11-22,47.547,48.398,47.503,48.217,114021111,0,AAPL,0.020292860468068774,-0.031709374246927435,-0.05343646322071505,48.2198,50.1626,50.605940000000004,0.7229015838939531,1.5189674609317696,47.258,49.796,50.939,0.015098409274737268,1,0.5574834,1,False,False,0.015098409274737268,0.0,0.7135560845845311,1.525008971790545
2011-11-23,47.985,48.131,46.984,46.998,119387777,0,AAPL,-0.025281539705912848,-0.04619068880139632,-0.08387750726106713,47.764599999999994,49.94745,50.548779999999994,0.5991179349647414,1.6484590723336108,48.217,49.274,51.301,0.05702370313630367,1,0.5540409,1,False,False,0.05702370313630367,0.0,0.7135560845845311,1.6119706306781287
2011-11-25,47.151,47.532,46.528,46.56,71048015,0,AAPL,-0.009319545512574856,-0.03668301160697651,-0.10160923088797125,47.410000000000004,49.68415,50.47354,0.6955296542897629,1.7500414814635703,46.998,48.333,51.826,0.07184278350515472,1,0.5394028,1,False,False,0.07184278350515472,0.0,0.7135560845845311,1.7277790877146053
2011-11-28,47.685,48.244,47.426,48.168,96542787,0,AAPL,0.03453608247422668,0.003144719578482613,-0.07115584866365843,47.4402,49.499649999999995,50.41114,0.7308557997282594,1.7026688114780446,46.56,48.017,51.858,0.04484304932735439,1,0.536848,1,False,False,0.04484304932735439,0.0,0.7135560845845311,1.8052579705717626
2011-11-29,48.101,48.515,47.409,47.794,104755245,0,AAPL,-0.007764490948347524,0.011341995006136418,-0.07801226899185931,47.547399999999996,49.29745,50.312740000000005,0.7367359092622178,1.64966033106693,48.168,47.258,51.838,0.047516424655814626,1,0.5601315,1,False,False,0.047516424655814626,0.0,0.7135560845845311,1.8910373749147447
2011-11-30,48.793,48.957,48.445,48.945,113089269,0,AAPL,0.02408252081851292,0.015098409274737268,-0.036060343469355605,47.693,49.2059,50.2327,0.9447280031820894,1.6137026367956142,47.794,48.217,50.776,0.018040657881295497,1,0.5527558,1,False,False,0.018040657881295497,0.0,0.7135560845845311,1.9251529332363246
2011-12-01,48.977,49.817,48.762,49.678,106954755,0,AAPL,0.014975993462049253,0.05702370313630367,-0.023873617196864094,48.229,49.14515,50.170680000000004,1.1822398233845701,1.5691004555078056,48.945,46.998,50.893,0.007045372196948341,1,0.55440915,1,False,False,0.007045372196948341,0.0,0.7135560845845311,1.9387163521870214
2011-12-02,49.973,50.409,49.763,49.905,105667860,0,AAPL,0.004569427110592272,0.07184278350515472,-0.03318609787283511,48.897999999999996,49.0595,50.139660000000006,0.9187456122324246,1.4706803831814728,49.678,46.56,51.618,0.010059112313395291,1,0.55420774,1,False,False,0.010059112313395291,0.0,0.7135560845845311,1.9582181177174867
2011-12-05,50.39,50.763,49.994,50.328,99583616,0,AAPL,0.0084761045987376,0.04484304932735439,-0.018105197440299592,49.33,49.013099999999994,50.11070000000001,0.9943910196679662,1.411168530351266,49.905,48.168,51.256,-0.0029605786043555016,0,0.5573095,1,False,False,-0.0029605786043555016,-0.0,0.7135560845845311,1.9524206590555109
2011-12-06,50.27,50.535,49.864,50.065,79031632,0,AAPL,-0.005225719281513386,0.047516424655814626,-0.02195784250522581,49.7842,48.956900000000005,50.07938,0.5255223116065165,1.340567825489618,50.328,47.794,51.189,-0.005432937181663822,0,0.5573095,1,False,False,-0.005432937181663822,-0.0,0.7135560845845311,1.9418132802626795
2011-12-07,49.905,50.064,49.53,49.828,84948476,0,AAPL,-0.00473384600019966,0.018040657881295497,-0.04219287622782231,49.9608,48.84715,50.053360000000005,0.24820294115147298,1.1530797331727556,50.065,48.945,52.023,-0.0228586336999278,0,0.5548355,1,False,False,-0.0228586336999278,-0.0,0.7135560845845311,1.8974260817754998
2011-12-08,50.133,50.649,49.973,50.028,104844659,0,AAPL,0.004013807497792232,0.007045372196948341,-0.011714505837498335,50.0308,48.8175,50.037060000000004,0.1913496798958259,1.1119576146792767,49.828,49.678,50.621,-0.029943231790197422,0,0.5634115,1,False,False,-0.029943231790197422,-0.0,0.7135560845845311,1.84061101280413
2011-12-09,50.291,50.463,50.077,50.407,82753983,0,AAPL,0.007575757575757569,0.010059112313395291,0.021749706085052667,50.1312,48.87115,50.04486,0.23545636537631764,1.1629073491180195,50.028,49.905,49.334,-0.032019362390144135,0,0.55174744,1,False,False,-0.032019362390144135,-0.0,0.7135560845845311,1.7816758217658644
2011-12-12,50.158,50.446,49.874,50.179,83412983,0,AAPL,-0.004523181304183832,-0.0029605786043555016,0.018780200592845242,50.1014,48.9174,50.07182000000001,0.2126459498702677,1.1968342628086397,50.407,50.328,49.254,-0.024552103469578923,0,0.55174744,1,False,False,-0.024552103469578923,-0.0,0.7135560845845311,1.7379319326406217
2011-12-13,50.309,50.635,49.573,49.793,94404265,0,AAPL,-0.007692460989657035,-0.005432937181663822,0.025180152357422214,50.047000000000004,48.97855,50.10822,0.25488330662527325,1.2093285424917957,50.179,50.065,48.57,0.01835599381439157,1,0.55174744,1,False,False,0.01835599381439157,0.0,0.7135560845845311,1.7698334004460066
2011-12-14,49.522,49.608,48.366,48.689,113224348,0,AAPL,-0.02217179121563273,-0.0228586336999278,-0.022230701261145458,49.8192,48.923199999999994,50.12792,0.6701866904051815,1.195196024442529,49.793,49.828,49.796,0.04267904454804983,1,0.55452037,1,False,False,0.04267904454804983,0.0,0.7135560845845311,1.8453681989862682
2011-12-15,49.09,49.143,48.447,48.53,71442867,0,AAPL,-0.0032656246790856436,-0.029943231790197422,-0.015099240979015272,49.519600000000004,48.885999999999996,50.12972,0.8611386647899825,1.1952812045271433,48.689,50.028,49.274,0.051741191015866494,1,0.55849683,1,False,False,0.051741191015866494,0.0,0.7135560845845311,1.9408497474646222
2011-12-16,48.712,49.194,48.607,48.793,117455858,0,AAPL,0.0054193282505665685,-0.032019362390144135,0.00951730701591047,49.196799999999996,48.909,50.13902,0.7392071428201318,1.1884865652545655,48.53,50.407,48.333,0.05853298628901693,1,0.5613504,1,False,False,0.05853298628901693,0.0,0.7135560845845311,2.054453479122011
2011-12-19,48.98,49.285,48.725,48.947,65393948,0,AAPL,0.0031561904371528726,-0.024552103469578923,0.019368140450257254,48.9504,48.9555,50.170840000000005,0.49493110631311144,1.169796226069924,48.793,50.179,48.017,0.06364026395897593,1,0.5601357,1,False,False,0.06364026395897593,0.0,0.7135560845845311,2.185199440824772
2011-12-20,49.624,50.725,49.594,50.707,93898733,0,AAPL,0.035957259893353966,0.01835599381439157,0.07298235219433735,49.1332,49.12795,50.18912,0.8928069220141093,1.1605694371394464,48.947,49.793,47.258,0.016940461869169976,1,0.5624007,1,False,False,0.016940461869169976,0.0,0.7135560845845311,2.222217728628596
2011-12-21,50.778,50.88,50.202,50.767,73046809,0,AAPL,0.0011832685822470435,0.04267904454804983,0.05288591160793921,49.5488,49.25545,50.179219999999994,1.0950786273123403,1.1947921411389657,50.707,48.689,48.217,0.021923690586404643,1,0.56384605,1,False,False,0.021923690586404643,0.0,0.7135560845845311,2.270936942526672
2011-12-22,50.842,51.113,50.725,51.041,56284285,0,AAPL,0.005397206846967428,0.051741191015866494,0.0860249372313715,50.051,49.4576,50.16994,1.0867925284966964,1.13318026623772,50.767,48.53,46.998,0.016143884328285285,1,0.57253504,1,False,False,0.016143884328285285,0.0,0.7135560845845311,2.3075986858436526
2011-12-23,51.184,51.683,51.161,51.649,75114441,0,AAPL,0.011911992319899811,0.05853298628901693,0.1092998281786941,50.6222,49.71205,50.15684,1.007988690410858,1.0133089348118567,51.041,48.793,46.56,0.01963251950667,1,0.57505673,1,False,False,0.01963251950667,0.0,0.7135560845845311,2.352902662057044
2011-12-27,51.63,52.39,51.612,52.062,73888680,0,AAPL,0.007996282599856741,0.06364026395897593,0.080842052815147,51.2452,49.90675,50.117219999999996,0.5895440611151526,1.0733400341683375,51.649,48.947,48.168,0.016979754907610056,1,0.57505673,1,False,False,0.016979754907610056,0.0,0.7135560845845311,2.392854372580236
2011-12-28,52.108,52.282,51.397,51.566,63708896,0,AAPL,-0.00952710230110243,0.016940461869169976,0.07892204042348427,51.416999999999994,50.09535,50.07282,0.5137913000393569,1.0122179022226725,52.062,50.707,47.794,0.0381646821549082,1,0.57505673,1,True,True,0.0381646821549082,0.0381646821549082,0.7407887257524005,2.4841768991527426
2011-12-29,51.64,51.948,51.289,51.88,59990650,0,AAPL,0.006089283636504739,0.021923690586404643,0.05996526713658201,51.639599999999994,50.2421,50.02892000000001,0.3873116316302848,1.0487605667247943,51.566,50.767,48.945,0.042675404780262216,1,0.5687094,1,True,True,0.042675404780262216,0.042675404780262216,0.7724021844805389,2.5901901538698624
2011-12-30,51.671,52.028,51.67,51.865,50136156,0,AAPL,-0.00028912875867392884,0.016143884328285285,0.044023511413503025,51.8044,50.35145,50.04522,0.1979451944253695,1.099629673309236,51.88,51.041,49.678,0.041318808445001354,1,0.565657,1,True,True,0.041318808445001354,0.041318808445001354,0.8043169223835909,2.6972137246737398
2012-01-03,52.488,52.827,52.378,52.663,84271282,0,AAPL,0.015386098525016711,0.01963251950667,0.055265003506662636,52.0072,50.48935,50.08602,0.407472330344131,1.208264099529425,51.865,51.649,49.905,0.02918557621100204,1,0.5556593,1,True,True,0.02918557621100204,0.02918557621100204,0.8277913752196158,2.7759334613925657
2012-01-04,52.516,53.105,52.414,52.946,72548556,0,AAPL,0.005373791846267739,0.016979754907610056,0.052018756954379075,52.18399999999999,50.620250000000006,50.13871999999999,0.5886820024393963,1.3259463303821002,52.663,52.062,50.328,0.022041325123711042,1,0.5626618,1,True,True,0.022041325123711042,0.022041325123711042,0.8460369940554352,2.837118713336908
2012-01-05,53.14,53.599,52.849,53.534,75572081,0,AAPL,0.01110565481811654,0.0381646821549082,0.06928992309997017,52.577600000000004,50.7937,50.17012,0.7162676175815972,1.468699356574083,52.946,51.566,50.065,0.008013598834385682,1,0.5575442,1,True,True,0.008013598834385682,0.008013598834385682,0.852816795124845,2.8598542445511184
2012-01-06,53.757,54.138,53.687,54.094,88773291,0,AAPL,0.01046064183509543,0.042675404780262216,0.08561451392791208,53.020399999999995,51.007,50.23322,0.8492086316070817,1.6227647622762014,53.534,51.88,49.828,-0.0061189780752024525,0,0.5575442,1,True,True,-0.0061189780752024525,-0.0061189780752024525,0.8475984278533116,2.8423548591304355
2012-01-09,54.491,54.778,53.959,54.008,109831110,0,AAPL,-0.0015898251192368873,0.041318808445001354,0.07955544894858879,53.449,51.206,50.28736,0.6337460059013594,1.7364434917385385,54.094,51.865,50.028,0.006998963116575219,1,0.5367032,1,True,True,0.006998963116575219,0.006998963116575219,0.8535307379875241,2.8622483959537077
2012-01-10,54.541,54.553,53.978,54.2,72006166,0,AAPL,0.00355502888460979,0.02918557621100204,0.0752474854682883,53.7564,51.39565,50.33484000000001,0.5196795166214342,1.8481253168665903,54.008,52.663,50.407,0.013856088560885604,1,0.5393481,1,True,True,0.013856088560885604,0.013856088560885604,0.8653573354825173,2.901907963211295
2012-01-11,54.124,54.148,53.696,54.113,59991538,0,AAPL,-0.0016051660516606114,0.022041325123711042,0.07839933039717795,53.9898,51.592349999999996,50.37994,0.2637730084672395,1.9197822320310667,54.2,52.946,50.179,0.012289098737826354,1,0.5308955,1,True,True,0.012289098737826354,0.012289098737826354,0.8759917972217642,2.9375697966992833
2012-01-12,54.08,54.154,53.624,53.963,59288947,0,AAPL,-0.002771977158908201,0.008013598834385682,0.08374671138513445,54.07560000000001,51.800850000000004,50.42244000000001,0.092818640346907,1.940409459638291,54.113,53.534,49.793,-0.0025758390007969423,0,0.5308955,1,True,True,-0.0025758390007969423,-0.0025758390007969423,0.8737353833861022,2.9300030898493823
2012-01-13,53.749,53.843,53.613,53.763,63044768,0,AAPL,-0.003706243166614165,-0.0061189780752024525,0.10421245045082039,54.00940000000001,52.054550000000006,50.48218,0.16577786340719872,1.8413058431167466,53.963,54.094,48.689,0.018060748098134516,1,0.5308955,1,True,True,0.018060748098134516,0.018060748098134516,0.8895156980498656,2.982921137581908
2012-01-17,54.323,54.551,54.163,54.386,67711941,0,AAPL,0.011587895020739314,0.006998963116575219,0.1206676282711725,54.085,52.347350000000006,50.55204,0.236208594246374,1.7124360387597681,53.763,54.008,48.53,-0.010076122531533893,0,0.5308955,1,True,True,-0.010076122531533893,-0.010076122531533893,0.8805528288825922,2.95286485869773
2012-01-18,54.676,54.999,54.593,54.951,77112610,0,AAPL,0.01038870297503025,0.013856088560885604,0.1262066279999181,54.2352,52.65525,50.6187,0.46019256838396694,1.5888732808605992,54.386,54.2,48.793,0.040945569689359695,1,0.5575442,1,True,True,0.040945569689359695,0.040945569689359695,0.9166075661027673,3.0737715925527995
2012-01-19,55.09,55.24,54.62,54.778,72924928,0,AAPL,-0.003148259358337513,0.012289098737826354,0.11912885365803816,54.3682,52.94680000000001,50.689139999999995,0.509500441605125,1.395873037508517,54.951,54.113,48.947,0.039504910730585374,1,0.5626618,1,True,True,0.039504910730585374,0.039504910730585374,0.9528180661766362,3.1952006649228073
2012-01-20,54.744,54.746,53.754,53.824,115317280,0,AAPL,-0.017415750848880918,-0.0025758390007969423,0.0614708028477331,54.3404,53.102650000000004,50.74184,0.5400150923778161,1.3035934252757657,54.778,53.963,50.707,0.0642092746730083,1,0.5581068,1,True,True,0.0642092746730083,0.0642092746730083,1.0139978231011764,3.4003621820522145
2012-01-23,54.122,54.868,54.083,54.734,85258042,0,AAPL,0.016906956004756335,0.018060748098134516,0.0781413122697816,54.5346,53.301,50.79606,0.4470534643594646,1.2291834688121839,53.824,53.763,50.767,0.05988964811634445,1,0.5580216,1,True,True,0.05988964811634445,0.05988964811634445,1.0747257959174452,3.604008676603447
2012-01-24,54.441,54.441,53.728,53.838,151563229,0,AAPL,-0.016370080754192995,-0.010076122531533893,0.05479908309006487,54.425,53.44085,50.8604,0.5483010122148343,1.112052548692635,54.734,54.386,51.041,0.08583156878041542,1,0.57053226,1,True,True,0.08583156878041542,0.08583156878041542,1.1669711969898202,3.9133463952145497
2012-01-25,58.195,58.197,56.826,57.201,267182941,0,AAPL,0.06246517329767087,0.040945569689359695,0.10749482080969619,54.875,53.71845,51.01774,1.380175351176711,1.315561176037014,53.838,54.951,51.649,0.021310816244471287,1,0.550437,1,True,True,0.021310816244471287,0.021310816244471287,1.191840305731461,3.996743001143931
2012-01-26,57.43,57.472,56.75,56.942,90359283,0,AAPL,-0.00452789286900579,0.039504910730585374,0.09373439360762181,55.3078,53.962450000000004,51.17150000000001,1.6542397649662826,1.4389332845443452,57.201,54.778,52.062,0.023550279231498772,1,0.5626618,1,True,True,0.023550279231498772,0.023550279231498772,1.2199084777307918,4.090867414837409
2012-01-27,56.889,57.435,56.831,57.28,83585001,0,AAPL,0.005935864563942239,0.0642092746730083,0.11080944808594806,55.999,54.248149999999995,51.345699999999994,1.6004030742271187,1.5038674099944,56.942,53.824,51.566,0.027688547486033555,1,0.5575442,1,True,True,0.027688547486033555,0.027688547486033555,1.2536859715450557,4.204137591512202
2012-01-30,57.079,58.13,57.036,58.012,105670407,0,AAPL,0.012779329608938461,0.05988964811634445,0.11819583654587507,56.6546,54.55474999999999,51.510020000000004,1.6238878655854074,1.6165116397910995,57.28,54.734,51.88,0.024201889264290122,1,0.5589817,1,True,True,0.024201889264290122,0.024201889264290122,1.284027540600583,4.30588566395382
2012-01-31,58.365,58.682,58.02,58.459,109287526,0,AAPL,0.007705302351237675,0.08583156878041542,0.12713776149619216,57.5788,54.884449999999994,51.69371999999999,0.6324442267863738,1.7088540165857256,58.012,53.838,51.865,0.027044595357429868,1,0.5367032,1,True,True,0.027044595357429868,0.027044595357429868,1.3187535458639217,4.4223365993908095
2012-02-01,58.705,58.78,58.339,58.42,75172830,0,AAPL,-0.0006671342308284256,0.021310816244471287,0.10931773731082561,57.8226,55.17229999999999,51.89545999999999,0.6833072515313906,1.7975360358004429,58.459,57.201,52.663,0.04493324204039717,1,0.5393481,1,True,True,0.04493324204039717,0.04493324204039717,1.3780094181318572,4.6210465201953435
2012-02-02,58.383,58.548,58.139,58.283,52069108,0,AAPL,-0.0023450872988702853,0.023550279231498772,0.10080081592566015,58.0908,55.43915,52.10077999999999,0.48592458262095517,1.8451564553549422,58.42,56.942,52.946,0.08364360105004898,1,0.5400313,1,True,True,0.08364360105004898,0.08364360105004898,1.4932710881452884,5.00756749176428
2012-02-03,58.563,58.908,58.34,58.866,79960558,0,AAPL,0.010002916802498207,0.027688547486033555,0.09960025404415895,58.408,55.70575,52.33294,0.3102216949139902,1.938252573705207,58.283,57.28,53.534,0.0734379777800429,1,0.5308955,1,True,True,0.0734379777800429,0.0734379777800429,1.6029338971360827,5.37531312195653
2012-02-06,58.701,59.546,58.676,59.416,69602482,0,AAPL,0.009343254170488757,0.024201889264290122,0.09838429400672899,58.6888,55.97185,52.55692,0.4609649661257052,2.066419106494466,58.866,58.012,54.094,0.08329406220546653,1,0.5393481,1,True,True,0.08329406220546653,0.08329406220546653,1.7364487728753866,5.823044787510638
2012-02-07,59.583,60.157,59.495,60.04,88094362,0,AAPL,0.010502221623805097,0.027044595357429868,0.11168715745815438,59.004999999999995,56.273450000000004,52.81776,0.7285217910229145,2.200544872119563,59.416,58.459,54.008,0.08664223850766173,1,0.5393481,1,True,True,0.08664223850766173,0.08664223850766173,1.8868985816111923,6.327566422830931
2012-02-08,60.252,61.058,60.15,61.045,113627149,0,AAPL,0.016738840772818175,0.04493324204039717,0.1262915129151292,59.529999999999994,56.615700000000004,53.10746,1.068202462080658,2.3856076154175114,60.04,58.42,54.2,0.04403309034318936,1,0.5362309,1,True,True,0.04403309034318936,0.04403309034318936,1.9699845573237138,6.606188726779977
2012-02-09,61.564,63.614,61.539,63.158,246303027,0,AAPL,0.0346138094848063,0.08364360105004898,0.16715022268216506,60.504999999999995,57.067949999999996,53.407259999999994,1.68956177750181,2.7200902747211844,61.045,58.283,54.113,0.01830330282782855,1,0.5229121,1,True,True,0.01830330282782855,0.01830330282782855,2.0060417812425557,6.727103799584018
2012-02-10,62.881,63.726,62.565,63.189,175945151,0,AAPL,0.0004908325152790383,0.0734379777800429,0.1709689972759112,61.369600000000005,57.529250000000005,53.715160000000004,1.746306473673788,2.939293826307539,63.158,58.866,53.963,0.01762965073034861,1,0.5367032,1,True,True,0.01762965073034861,0.01762965073034861,2.0414075971963483,6.8457002899974855
2012-02-13,63.997,64.521,63.658,64.365,144163163,0,AAPL,0.018610834164173973,0.08329406220546653,0.19719881703029962,62.35940000000001,58.05935000000001,54.023559999999996,1.764631207928406,3.1711880104102335,63.189,59.416,53.763,0.0243455294026258,1,0.5362309,1,True,True,0.0243455294026258,0.0243455294026258,2.091106745876636,7.012362487689183
2012-02-14,64.608,65.257,64.289,65.242,128562424,0,AAPL,0.013625417540588991,0.08664223850766173,0.19961019379987488,63.399800000000006,58.60215000000001,54.33484000000001,1.5790265038924296,3.428031186909223,64.365,60.04,54.386,0.007035345329695408,1,0.53465116,1,True,True,0.007035345329695408,0.007035345329695408,2.1058184039551335,7.061696879367078
2012-02-15,65.855,67.397,63.633,63.733,419648021,0,AAPL,-0.0231292725544896,0.04403309034318936,0.15981510800531384,63.937400000000004,59.041250000000005,54.611399999999996,0.8795125354391982,3.4974811067547558,65.242,61.045,54.951,0.037594338882525724,1,0.518309,1,True,True,0.037594338882525724,0.037594338882525724,2.1849852546584825,7.327176704935678
2012-02-16,62.943,64.658,62.319,64.314,263308348,0,AAPL,0.009116156465253322,0.01830330282782855,0.17408448647267138,64.1686,59.51805,54.89112,0.7683204409584979,3.53549620540346,63.733,63.158,54.778,0.040240072146033645,1,0.5243776,1,True,True,0.040240072146033645,0.040240072146033645,2.2729092189439597,7.6220228241690275
2012-02-17,64.429,65.026,64.071,64.303,149304893,0,AAPL,-0.00017103585533473353,0.01762965073034861,0.1946901010701545,64.3914,60.041999999999994,55.17588,0.5411823167793247,3.4218954735029787,64.314,63.189,53.824,0.04708956036265821,1,0.5367032,1,True,True,0.04708956036265821,0.04708956036265821,2.379939514808264,7.980940528033294
2012-02-21,64.935,65.932,64.559,65.932,168601389,0,AAPL,0.025333188187176336,0.0243455294026258,0.20458946906858633,64.7048,60.6019,55.49795999999999,0.8736656683163206,3.4237981356507357,64.303,64.365,54.734,0.03993508463265183,1,0.535242,1,True,True,0.03993508463265183,0.03993508463265183,2.4749826007527242,8.299660063468464
2012-02-22,65.706,66.016,65.191,65.701,134675490,0,AAPL,-0.0035036097797732646,0.007035345329695408,0.22034622385675529,64.7966,61.19505,55.81142,0.9636987599839408,3.211323869896912,65.932,65.242,53.838,0.057305063849865334,1,0.5367032,1,True,True,0.057305063849865334,0.057305063849865334,2.616811636716165,8.775272613337702
2012-02-23,65.963,66.314,65.248,66.129,158353395,0,AAPL,0.006514360512016815,0.037594338882525724,0.15608118739182886,65.2758,61.64145,56.125859999999996,0.8959272849927706,3.2472286722682884,65.701,63.733,57.201,0.05436344115289815,1,0.5367032,1,True,True,0.05436344115289815,0.05436344115289815,2.7590705221370033,9.252326629653524
2012-02-24,66.529,66.965,66.418,66.902,115772790,0,AAPL,0.011689273994767824,0.040240072146033645,0.17491482561202631,65.7934,62.13945,56.460319999999996,0.9474520040584842,3.2523179017758728,66.129,64.314,56.942,0.043586140922543315,1,0.5367032,1,True,True,0.043586140922543315,0.043586140922543315,2.879327758730102,9.655599841995002
2012-02-27,66.733,67.682,66.113,67.331,152490708,0,AAPL,0.006412364353830968,0.04708956036265821,0.17547136871508373,66.399,62.64200000000001,56.811080000000004,0.6891708786609729,3.2384261122050995,66.902,64.303,57.28,0.0140499918314001,1,0.5367032,1,True,True,0.0140499918314001,0.0140499918314001,2.919782290220183,9.7912609409023
2012-02-28,67.61,68.565,67.342,68.565,167187636,0,AAPL,0.01832736778007149,0.03993508463265183,0.18191063917810113,66.9256,63.16964999999999,57.2086,1.1165521931348537,3.303406603317768,67.331,65.932,58.012,-0.009625902428352595,0,0.5362309,1,True,True,-0.009625902428352595,-0.009625902428352595,2.8916767507824916,9.697011218434634
2012-02-29,69.318,70.129,68.602,69.466,265334683,0,AAPL,0.013140815284766294,0.057305063849865334,0.18828580714688914,67.67859999999999,63.720000000000006,57.62732,1.3328256825234601,3.3929765383030617,68.565,65.701,58.459,-0.021650879566982306,0,0.5243776,1,True,True,-0.021650879566982306,-0.021650879566982306,2.829069405704657,9.48706239638463
2012-03-01,70.179,70.204,68.994,69.724,190434717,0,AAPL,0.0037140471597616465,0.05436344115289815,0.19349537829510455,68.39760000000001,64.2852,58.04594,1.255318007516036,3.4051238573966573,69.466,66.129,58.42,-0.004532155355401302,0,0.5367032,1,True,True,-0.004532155355401302,-0.004532155355401302,2.816247623646791,9.44406555573783
2012-03-02,69.723,70.024,69.477,69.818,120139889,0,AAPL,0.0013481727955939604,0.043586140922543315,0.197913628330731,68.9808,64.86195000000001,58.463359999999994,1.0468284004525088,3.310550605739063,69.724,66.902,58.283,-1.4322953966083851e-05,0,0.5367032,1,True,True,-1.4322953966083851e-05,-1.4322953966083851e-05,2.81620728666172,9.443930288821623
2012-03-05,69.852,70.111,67.362,68.277,225402056,0,AAPL,-0.022071672061645953,0.0140499918314001,0.15987157272449304,69.16999999999999,65.33250000000001,58.81476,0.7031909413480382,3.0738109810737915,69.818,67.331,58.866,0.03534133016974961,1,0.518309,1,True,True,0.03534133016974961,0.03534133016974961,2.9157357982060867,9.777691347258965
2012-03-06,67.1,68.345,66.106,67.905,225692077,0,AAPL,-0.005448394041917437,-0.009625902428352595,0.14287397334051444,69.03799999999998,65.75694999999999,59.157520000000005,0.8838820622650685,2.7865050072204385,68.277,68.565,59.416,0.07134967969958028,1,0.5243776,1,True,True,0.07134967969958028,0.07134967969958028,3.123772613496691,10.47532649308725
2012-03-07,68.708,68.871,67.017,67.962,182629048,0,AAPL,0.0008394079964657575,-0.021650879566982306,0.1319453697534978,68.7372,66.15305,59.49594,0.9548794164678506,2.4769295184714326,67.905,69.466,60.04,0.11094435125511293,1,0.5367032,1,True,True,0.11094435125511293,0.11094435125511293,3.47033753956957,11.637504795048311
2012-03-08,68.507,69.536,68.145,69.408,143803822,0,AAPL,0.02127659574468077,-0.004532155355401302,0.13699729707592767,68.674,66.5712,59.85112,0.8808243298149676,2.2661578102714057,67.962,69.724,61.045,0.08037978331028106,1,0.535242,1,True,True,0.08037978331028106,0.08037978331028106,3.7492825190137062,12.572924908746652
2012-03-09,69.72,70.145,69.552,69.817,116715832,0,AAPL,0.0058926924850160045,-1.4322953966083851e-05,0.10543399094334838,68.6738,66.90415,60.20622,0.8804996876739856,2.227130825335452,69.408,69.818,63.158,0.0740793789478209,1,0.5367032,1,True,True,0.0740793789478209,0.0740793789478209,4.027027039522163,13.504319377544192
2012-03-12,70.306,70.69,70.049,70.69,113583532,0,AAPL,0.012504117908245904,0.03534133016974961,0.11870736995363118,69.15639999999999,67.27919999999999,60.588699999999996,1.2087407910689252,2.199990349261469,69.817,68.277,63.189,0.08893761493846375,1,0.5367032,1,True,True,0.08893761493846375,0.08893761493846375,4.385181219709967,14.705361334350252
2012-03-13,71.4,72.761,71.169,72.75,192666483,0,AAPL,0.02914132126184743,0.07134967969958028,0.130272663714752,70.12539999999998,67.69845,61.006099999999996,1.7675810589599057,2.4048292744964654,70.69,67.905,64.365,0.06668041237113398,1,0.53270215,1,True,True,0.06668041237113398,0.06668041237113398,4.67758691176238,15.685920892191255
2012-03-14,74.022,76.162,73.687,75.502,395690066,0,AAPL,0.03782817869415811,0.11094435125511293,0.15726066031084263,71.6334,68.21144999999999,61.47884,2.517666538680941,2.8971741127304074,72.75,67.962,65.242,0.02194643850494038,1,0.51535887,1,True,True,0.02194643850494038,0.02194643850494038,4.7802432852728876,16.03017099044509
2012-03-15,76.792,76.838,74.092,74.987,323412488,0,AAPL,-0.006821011363937424,0.08037978331028106,0.17658042144571873,72.7492,68.77414999999999,61.92532,2.521098907221525,3.069353408250409,75.502,69.408,63.733,0.023550748796458132,1,0.5243776,1,True,True,0.023550748796458132,0.023550748796458132,4.8928215940703055,16.40769352060533
2012-03-16,74.876,75.454,74.019,74.989,230214534,0,AAPL,2.6671289690360922e-05,0.0740793789478209,0.1659825232453278,73.7836,69.30789999999999,62.36618000000001,2.0305632962292703,3.179136905381629,74.987,69.817,64.314,0.017935963941378086,1,0.5243776,1,True,True,0.017935963941378086,0.017935963941378086,4.980579065753147,16.70198131995209
2012-03-19,76.627,77.064,75.436,76.977,251339192,0,AAPL,0.026510554881382653,0.08893761493846375,0.1970981136183383,75.04100000000001,69.94160000000001,62.83504,1.5178041705020333,3.3854633112146653,74.989,70.69,64.303,0.009795133611338436,1,0.5229121,1,True,True,0.009795133611338436,0.009795133611338436,5.029364503164034,16.8655794585551
2012-03-20,76.765,77.721,74.532,77.601,227754910,0,AAPL,0.008106317471452407,0.06668041237113398,0.1769853788752047,76.0112,70.52505,63.30518,1.2055493353626234,3.653024074942144,76.977,72.75,65.932,0.014059097176582602,1,0.5243776,1,True,True,0.014059097176582602,0.014059097176582602,5.1000728274504725,17.102694279102302
2012-03-21,77.187,78.073,77.017,77.159,179612258,0,AAPL,-0.0056958028891379575,0.02194643850494038,0.17439612791281744,76.3426,71.09795,63.76820000000001,1.2572218579046535,3.753739601699895,77.601,75.502,65.701,0.02509104576264587,1,0.5367032,1,True,True,0.02509104576264587,0.02509104576264587,5.228038988156859,17.5318187639238
2012-03-22,76.553,77.412,76.264,76.753,174059708,0,AAPL,-0.005261861869645834,0.023550748796458132,0.16065568812472586,76.69579999999999,71.62915000000001,64.21925999999999,1.0036748477436224,3.765258896180294,77.159,74.987,66.129,0.017536773806887007,1,0.5367032,1,True,True,0.017536773806887007,0.017536773806887007,5.319721925345752,17.839270304010068
2012-03-23,76.898,77.067,76.12,76.334,120050525,0,AAPL,-0.005459070003778321,0.017935963941378086,0.1409823323667454,76.9648,72.10075,64.66368,0.47047337862322836,3.732558398387108,76.753,74.989,66.902,0.005829643409227758,1,0.5367032,1,True,True,0.005829643409227758,0.005829643409227758,5.350734007206769,17.943266888563272
2012-03-26,76.81,77.753,76.23,77.731,166049661,0,AAPL,0.018301150208295036,0.009795133611338436,0.1544607981464703,77.1156,72.62075,65.13904,0.5827931022182168,3.7574421013155437,76.334,76.977,67.331,0.019220130964480164,1,0.5362309,1,True,True,0.019220130964480164,0.019220130964480164,5.45357581558138,18.28813882809208
2012-03-27,77.628,78.922,77.613,78.692,169120783,0,AAPL,0.012363149837259169,0.014059097176582602,0.14769926347261708,77.3338,73.12710000000001,65.63762,0.9178723767458582,3.862997294166614,77.731,77.601,68.565,0.02413205916738681,1,0.5367032,1,True,True,0.02413205916738681,0.02413205916738681,5.58518182983682,18.729469276352983
2012-03-28,79.191,79.584,78.157,79.095,182651334,0,AAPL,0.005121232145580246,0.02509104576264587,0.13861457403621924,77.72099999999999,73.60855000000001,66.1318,1.1928547690280775,3.9809315819953586,78.692,77.159,69.466,0.010835071749162317,1,0.5367032,1,True,True,0.010835071749162317,0.010835071749162317,5.64569767569522,18.932404419786
2012-03-29,78.476,78.957,77.764,78.099,169337333,0,AAPL,-0.012592452114545738,0.017536773806887007,0.12011645918191727,77.9902,74.0273,66.59476,1.0647918575914201,3.9912792448697565,79.095,76.753,69.724,0.03841278377444013,1,0.53542763,1,True,True,0.03841278377444013,0.03841278377444013,5.86256463976756,19.659650777093493
2012-03-30,77.961,78.189,76.574,76.779,203713476,0,AAPL,-0.01690162486075375,0.005829643409227758,0.09970208255750657,78.07919999999999,74.37535,67.03478,0.8971522724671542,3.9075282303592425,78.099,76.334,69.818,0.06118860625952416,1,0.51919025,1,True,True,0.06118860625952416,0.06118860625952416,6.221286799181306,20.862597407692814
2012-04-02,77.066,79.242,76.886,79.225,166688516,0,AAPL,0.03185766941481383,0.019220130964480164,0.16034682250245313,78.378,74.92275,67.5428,0.995582241702277,3.772776847991234,76.779,77.731,68.277,0.015840959293152546,1,0.535242,1,True,True,0.015840959293152546,0.015840959293152546,6.319837950118164,21.193080963977504
2012-04-03,80.333,80.962,79.72,80.591,232462865,0,AAPL,0.01724203218680964,0.02413205916738681,0.18681982180988133,78.7578,75.55705,68.05994000000001,1.417944709779922,3.59295048781591,79.225,78.692,67.905,-0.004938516707820972,0,0.5239039,1,True,True,-0.004938516707820972,-0.004938516707820972,6.2886273248107845,21.088418579546698
2012-04-04,79.957,80.151,79.015,79.952,159628517,0,AAPL,-0.007928925066074344,0.010835071749162317,0.17642211824254717,78.92920000000001,76.15655000000001,68.58221999999999,1.5172169258193895,3.2421513889621556,80.591,79.095,67.962,-0.0024889933960375865,0,0.5367032,1,True,True,-0.0024889933960375865,-0.0024889933960375865,6.272974972929189,21.03592964496933
2012-04-05,80.292,81.275,79.832,81.099,141675996,0,AAPL,0.014346107664598762,0.03841278377444013,0.16843879668049788,79.5292,76.74109999999999,69.06018,1.690161885735432,3.0067492307879604,79.952,78.099,69.408,-0.04429154490191001,0,0.53690594,1,True,True,-0.04429154490191001,-0.04429154490191001,5.995135220247138,20.10421582254575
2012-04-09,80.185,81.941,80.075,81.477,152048347,0,AAPL,0.004660969925646352,0.06118860625952416,0.16700803529226427,80.46879999999999,77.3241,69.55087999999999,0.9003711456908239,2.7092248434992396,81.099,76.779,69.817,-0.08818439559630331,0,0.5367032,1,True,True,-0.08818439559630331,-0.08818439559630331,5.466457844331534,18.331337701296917
2012-04-10,81.952,82.472,80.167,80.48,247839768,0,AAPL,-0.012236582102924776,0.015840959293152546,0.13849200735606182,80.71979999999999,77.81360000000001,70.01488,0.5875276163658733,2.301193086434631,81.477,79.225,70.69,-0.02982107355864816,0,0.5237438,1,True,True,-0.02982107355864816,-0.02982107355864816,5.303442202850474,17.78467753127812
2012-04-11,81.473,81.559,79.827,80.193,194150180,0,AAPL,-0.003566103379721741,-0.004938516707820972,0.10230927835051551,80.64020000000001,78.18575000000001,70.4585,0.6344294286936709,2.024402312705191,80.48,80.591,72.75,-0.02853116855585891,0,0.5341644,1,True,True,-0.02853116855585891,-0.02853116855585891,5.152128799434691,17.277259898921628
2012-04-12,80.038,80.85,79.463,79.753,171199452,0,AAPL,-0.005486763183819021,-0.0024889933960375865,0.05630314428756855,80.60040000000001,78.3983,70.88438000000001,0.6920236990107949,1.949576177964361,80.193,79.952,75.502,-0.0567126001529723,0,0.5367032,1,True,True,-0.0567126001529723,-0.0567126001529723,4.859938178895738,16.297421566535103
2012-04-13,79.926,80.001,77.287,77.507,239666018,0,AAPL,-0.028161950020688775,-0.04429154490191001,0.033605825009668466,79.882,78.52430000000001,71.26612,1.4710214138457285,1.7926168199478127,79.753,81.099,74.987,-0.053285509695898514,0,0.51240313,1,True,True,-0.053285509695898514,-0.053285509695898514,4.6009738959427215,15.429005151633351
2012-04-16,78.125,78.153,74.051,74.292,292895119,0,AAPL,-0.0414801243758629,-0.08818439559630331,-0.009294696555494864,78.445,78.48945,71.5863,2.59975219972845,1.8700654780266854,77.507,81.477,74.989,-0.014510310666020598,0,0.5087685,1,False,False,-0.014510310666020598,-0.0,4.6009738959427215,15.205125493615519
2012-04-17,74.139,78.116,73.238,78.08,285907107,0,AAPL,0.0509879933236419,-0.02982107355864816,0.014328955402262977,77.965,78.54459999999999,71.97057999999998,2.3385276350714754,1.8391225997317366,74.292,80.48,76.977,-0.08107069672131151,0,0.5191505,1,False,False,-0.08107069672131151,-0.0,4.6009738959427215,13.972435376113133
2012-04-18,78.593,79.432,77.183,77.905,265988323,0,AAPL,-0.002241290983606481,-0.02853116855585891,0.00391747529026687,77.5074,78.5598,72.34036,1.9916998518835811,1.8321565262946347,78.08,80.193,77.601,0.0027084269302355413,1,0.51743364,1,False,False,0.0027084269302355413,0.0,4.6009738959427215,14.010278696366774
2012-04-19,76.865,77.443,74.855,75.23,232616632,0,AAPL,-0.03433669212502399,-0.0567126001529723,-0.025000324006272834,76.6028,78.46334999999999,72.64416,1.7262530810959462,1.956344988277836,77.905,79.753,77.159,0.03446763259338015,1,0.5087685,1,False,False,0.03446763259338015,0.0,4.6009738959427215,14.493179835004005
2012-04-20,75.734,76.148,73.048,73.377,287419933,0,AAPL,-0.024631131197660583,-0.053285509695898514,-0.04398525139082521,75.77680000000001,78.29455,72.8908,2.1270065115070507,2.2371765446891247,75.23,77.507,76.753,0.05237335949957078,1,0.51355183,1,False,False,0.05237335949957078,0.0,4.6009738959427215,15.2522363527946
2012-04-23,73.071,73.849,71.281,73.214,269440442,0,AAPL,-0.002221404527304127,-0.014510310666020598,-0.040873005475934754,75.56120000000001,78.13855,73.09192,2.3573036927798325,2.477007223817486,73.377,74.292,76.334,0.02143032753298546,1,0.52176434,1,False,False,0.02143032753298546,0.0,4.6009738959427215,15.579096773445496
2012-04-24,72.051,72.7,71.074,71.75,298806670,0,AAPL,-0.019996175594831578,-0.08107069672131151,-0.07694484825873837,74.2952,77.8395,73.26313999999999,2.3661484949160845,2.860204142512209,73.214,78.08,77.731,0.039024390243902474,1,0.5189576,1,False,False,0.039024390243902474,0.0,4.6009738959427215,16.187061525579956
2012-04-25,78.841,79.14,77.606,78.116,252408247,0,AAPL,0.0887247386759582,0.0027084269302355413,-0.007319676714278356,74.3374,77.8107,73.53816,2.44712010330381,2.8540616874537537,71.75,77.905,78.692,-0.03935173331967845,0,0.5155186,1,False,False,-0.03935173331967845,-0.0,4.6009738959427215,15.550072597196106
2012-04-26,78.666,78.718,77.111,77.823,149379716,0,AAPL,-0.0037508320958574703,0.03446763259338015,-0.01608192679688991,74.856,77.7471,73.78978,2.9138260929564015,2.8380638303718704,78.116,75.23,79.095,-0.04259666165529463,0,0.529331,1,False,False,-0.04259666165529463,-0.0,4.6009738959427215,14.887691416058075
2012-04-27,77.487,77.628,76.901,77.22,113431674,0,AAPL,-0.007748352029605554,0.05237335949957078,-0.011254945645911008,75.62460000000002,77.70315,74.05952,2.932953085201581,2.839133379173781,77.823,73.377,78.099,-0.06261331261331249,0,0.529331,1,False,False,-0.06261331261331249,-0.0,4.6009738959427215,13.955523739333902
2012-04-30,76.555,76.633,74.662,74.783,141045190,0,AAPL,-0.03155918155918158,0.02143032753298546,-0.025996691803748306,75.93839999999999,77.60335,74.26889999999999,2.6839244214383973,2.907584551425134,77.22,73.214,76.779,-0.024764986694837066,0,0.5211292,1,False,False,-0.024764986694837066,-0.0,4.6009738959427215,13.609915379609815
2012-05-01,74.904,76.422,74.434,74.55,170331260,0,AAPL,-0.0031156813714346976,0.039024390243902474,-0.059009151151782846,76.4984,77.3696,74.47384,1.7051950914758625,2.957838175709768,74.783,71.75,79.225,-0.023997317236753912,0,0.5340975,1,False,False,-0.023997317236753912,-0.0,4.6009738959427215,13.283313922679941
2012-05-02,74.306,75.225,74.13,75.042,119895853,0,AAPL,0.006599597585513095,-0.03935173331967845,-0.06885384224044855,75.8836,77.09214999999999,74.65604,1.5203073044596742,2.8994378815469104,74.55,78.116,80.591,-0.02867727405985987,0,0.5373492,1,False,False,-0.02867727405985987,-0.0,4.6009738959427215,12.902384688896095
2012-05-03,75.622,75.736,74.314,74.508,111532735,0,AAPL,-0.007116015031582434,-0.04259666165529463,-0.06809085451270769,75.2206,76.81994999999999,74.83218,1.1378153628746315,2.8722381970387083,75.042,77.823,79.952,-0.019434154721640562,0,0.5373492,1,False,False,-0.019434154721640562,-0.0,4.6009738959427215,12.651637748573963
2012-05-04,73.901,74.065,72.376,72.385,148216462,0,AAPL,-0.028493584581521292,-0.06261331261331249,-0.10744892045524601,74.2536,76.38425,74.9573,1.0660765919921735,2.8498117735630664,74.508,77.22,81.099,0.0025834081646749496,1,0.52916276,1,False,False,0.0025834081646749496,0.0,4.6009738959427215,12.684322092830138
2012-05-07,71.907,73.349,71.873,72.931,129219230,0,AAPL,0.0075429992401738755,-0.024764986694837066,-0.10488849614001505,73.8832,75.95694999999999,75.07788000000001,1.1542424788551544,2.6817535793819913,72.385,74.783,81.477,-0.019813248138651485,0,0.5373492,1,False,False,-0.019813248138651485,-0.0,4.6009738959427215,12.433004471734316
2012-05-08,72.942,73.189,71.553,72.761,139977993,0,AAPL,-0.002330970369253116,-0.023997317236753912,-0.09591202783300212,73.5254,75.571,75.18648,1.1729992753594243,2.5486963643981855,72.931,74.55,80.48,-0.02640150630145255,0,0.5373492,1,False,False,-0.02640150630145255,-0.0,4.6009738959427215,12.104754425827835
2012-05-09,72.187,73.504,71.824,72.89,134016919,0,AAPL,0.0017729278047307062,-0.02867727405985987,-0.09106779893506911,73.095,75.20585,75.27298,0.8187102662076416,2.3684260435331295,72.761,75.042,80.193,-0.040581698449718706,0,0.5373492,1,False,False,-0.040581698449718706,-0.0,4.6009738959427215,11.613522931910992
2012-05-10,73.582,73.749,72.796,73.06,95030992,0,AAPL,0.002332281520098789,-0.019434154721640562,-0.0839216079645907,72.80539999999999,74.8712,75.34486,0.25809939944492605,2.1553810653441015,72.89,74.508,79.753,-0.07079113057760744,0,0.53095025,1,False,False,-0.07079113057760744,-0.0,4.6009738959427215,10.791388513572043
2012-05-11,72.355,73.567,72.273,72.572,111140951,0,AAPL,-0.006679441554886423,0.0025834081646749496,-0.06367166836543803,72.8428,74.62445,75.40182,0.18520718126959113,2.11994104870908,73.06,72.385,77.507,-0.06407429862756997,0,0.5256332,1,False,False,-0.06407429862756997,-0.0,4.6009738959427215,10.0999378633473
2012-05-14,72.045,72.677,71.407,71.486,99661109,0,AAPL,-0.014964449098825994,-0.019813248138651485,-0.037769881010068396,72.5538,74.48415,75.43518,0.6230426951612963,2.232941352024431,72.572,72.931,74.292,0.005511568698766123,1,0.52659,1,False,False,0.005511568698766123,0.0,4.6009738959427215,10.155604364734408
2012-05-15,71.901,72.126,70.658,70.84,132751937,0,AAPL,-0.009036734465489804,-0.02640150630145255,-0.09272540983606548,72.1696,74.12215,75.48644,0.9629199343631283,2.206012436740636,71.486,72.761,78.08,0.0068605307735740695,1,0.5373492,1,False,False,0.0068605307735740695,0.0,4.6009738959427215,10.225277201002912
2012-05-16,70.952,71.316,69.288,69.932,157929227,0,AAPL,-0.012817617165443274,-0.040581698449718706,-0.10234259675245494,71.578,73.7235,75.52698,1.269525895755558,2.2068349925203363,70.84,72.89,77.905,0.04481496310701827,1,0.53607386,1,False,False,0.04481496310701827,0.0,4.6009738959427215,10.683522621524892
2012-05-17,69.835,70.114,67.888,67.888,171977014,0,AAPL,-0.029228393296344968,-0.07079113057760744,-0.09759404492888468,70.5436,73.35640000000001,75.52550000000001,1.7689434134516717,2.5300360180505854,69.932,73.06,75.23,0.06635929766674509,1,0.52916276,1,False,False,0.06635929766674509,0.0,4.6009738959427215,11.392473679296067
2012-05-18,68.381,69.591,66.871,67.922,204140944,0,AAPL,0.0005008248880506994,-0.06407429862756997,-0.07434209629720478,69.61359999999999,73.08365,75.49578000000001,1.654578737925197,2.806618029905592,67.888,72.572,73.377,0.06017196195636165,1,0.5259057,1,False,False,0.06017196195636165,0.0,4.6009738959427215,12.077981172115521
2012-05-21,68.449,71.911,68.391,71.88,178418391,0,AAPL,0.05827272459585986,0.005511568698766123,-0.018220558909498252,69.69239999999999,73.01695,75.53703999999999,1.7713104753244475,2.8191804982265003,67.922,71.486,73.214,0.01956037840845859,1,0.5278671,1,False,False,0.01956037840845859,0.0,4.6009738959427215,12.314231054252339
2012-05-22,72.939,73.492,70.764,71.326,193655248,0,AAPL,-0.007707289927657235,0.0068605307735740695,-0.005909407665505295,69.7896,72.99575,75.54975999999999,1.861087531524002,2.8307796559478073,71.88,70.84,71.75,0.039873257998485956,1,0.5267874,1,False,False,0.039873257998485956,0.0,4.6009738959427215,12.80523956613151
2012-05-23,71.396,73.353,70.846,73.066,163963929,0,AAPL,0.024395031264896616,0.04481496310701827,-0.06464744738593886,70.4164,72.74325,75.55608000000001,2.3772208143111246,2.562541971415263,71.326,69.932,78.116,0.01257766950428385,1,0.5326353,1,False,False,0.01257766950428385,0.0,4.6009738959427215,12.96629963731749
2012-05-24,73.748,73.828,71.873,72.393,119668412,0,AAPL,-0.009210850463964082,0.06635929766674509,-0.06977371728152337,71.31739999999999,72.47175,75.4939,2.0037372083169913,2.2665807281828907,73.066,67.888,77.823,-0.007583606149765942,0,0.5373492,1,False,False,-0.007583606149765942,-0.0,4.6009738959427215,12.867968327648223
2012-05-25,72.305,72.464,71.519,72.009,91485862,0,AAPL,-0.0053043802577597,0.06017196195636165,-0.06748251748251743,72.1348,72.2112,75.43434,0.6458921736589549,1.9724538444340616,72.393,67.922,77.22,0.0035412240136649675,1,0.5394028,1,False,False,0.0035412240136649675,0.0,4.6009738959427215,12.91353668609717
2012-05-29,73.11,73.507,72.392,73.286,106056526,0,AAPL,0.017733894374314385,0.01956037840845859,-0.02001791851089152,72.416,72.13635,75.40028,0.7958765607767706,1.896671579789343,72.009,71.88,74.783,-0.01645607619463474,0,0.52885777,1,False,False,-0.01645607619463474,-0.0,4.6009738959427215,12.701030542448544
2012-05-30,72.892,74.275,72.554,74.17,147575076,0,AAPL,0.012062331141009297,0.039873257998485956,-0.005097250167672596,72.98479999999999,72.11735,75.34414,0.8373211450774454,1.872975462087158,73.286,71.326,74.55,-0.013307267089119557,0,0.529331,1,False,False,-0.013307267089119557,-0.0,4.6009738959427215,12.532014536713117
2012-05-31,74.371,74.468,73.183,73.985,137139854,0,AAPL,-0.002494269920453096,0.01257766950428385,-0.014085445483862369,73.1686,72.06450000000001,75.27181999999999,0.9525388705946789,1.799581544927531,74.17,73.066,75.042,-0.010380482530242596,0,0.529331,1,False,False,-0.010380482530242596,-0.0,4.6009738959427215,12.40192617874602
2012-06-01,72.887,73.334,71.782,71.844,145222442,0,AAPL,-0.028938298303710308,-0.007583606149765942,-0.03575454984699633,73.05879999999999,71.9313,75.16552,1.0865140127921982,1.7053239266305076,73.985,72.393,74.508,0.034421802794944556,1,0.5211292,1,False,False,0.034421802794944556,0.0,4.6009738959427215,12.828822835948277
2012-06-04,71.907,72.677,70.24,72.264,155252189,0,AAPL,0.0058459996659427915,0.0035412240136649675,-0.001671617047731,73.10979999999999,71.92525,75.07574000000001,1.0294018651594727,1.703843607692717,71.844,72.009,72.385,0.012191409277095167,1,0.529331,1,False,False,0.012191409277095167,0.0,4.6009738959427215,12.985224265684666
2012-06-05,71.879,72.543,71.499,72.08,108188875,0,AAPL,-0.0025462194176906205,-0.01645607619463474,-0.011668563436672996,72.86859999999999,71.8827,74.99065999999999,1.1154850066199162,1.6879570679254678,72.264,73.286,72.931,0.02364039955604902,1,0.529331,1,False,False,0.02364039955604902,0.0,4.6009738959427215,13.292200155650354
2012-06-06,72.71,73.488,72.418,73.183,102652353,0,AAPL,0.0153024417314096,-0.013307267089119557,0.005799810337955957,72.6712,71.9038,74.8997,0.8926923882244454,1.7020923223156434,72.08,74.17,72.761,0.001216129428965651,1,0.5313628,1,False,False,0.001216129428965651,0.0,4.6009738959427215,13.308365191435342
2012-06-07,73.929,73.933,73.058,73.217,105884325,0,AAPL,0.00046458877061605897,-0.010380482530242596,0.004486212100425213,72.5176,71.92015,74.7902,0.6405976116048858,1.7135958583607525,73.183,73.985,72.89,-0.00032779272573313367,0,0.52977777,1,False,False,-0.00032779272573313367,-0.0,4.6009738959427215,13.30400280613419
2012-06-08,73.203,74.351,72.866,74.317,96831448,0,AAPL,0.015023833262766795,0.034421802794944556,0.017205036955926456,73.0122,71.983,74.69463999999999,0.8947651647185421,1.7793912915440224,73.217,71.844,73.06,-0.01068396194679544,0,0.5358038,1,False,False,-0.01068396194679544,-0.0,4.6009738959427215,13.161863346413393
2012-06-11,75.263,75.365,73.074,73.145,164804407,0,AAPL,-0.01577028136227243,0.012191409277095167,0.00789560712120374,73.1884,72.01165,74.59556,0.7913626223127868,1.7939274841594641,74.317,72.264,72.572,0.025565657256135133,1,0.5241095,1,False,False,0.025565657256135133,0.0,4.6009738959427215,13.498355033579886
2012-06-12,73.567,73.842,72.571,73.784,121431894,0,AAPL,0.008736072185385302,0.02364039955604902,0.0321461544917887,73.5292,72.12655,74.53566,0.5124658037310578,1.831683392402098,73.145,72.08,71.486,0.01954353247316476,1,0.5329532,1,False,False,0.01954353247316476,0.0,4.6009738959427215,13.762160573512961
2012-06-13,73.574,74.083,73.044,73.272,81907980,0,AAPL,-0.006939173804618948,0.001216129428965651,0.03433088650479954,73.547,72.24815000000001,74.4166,0.4987980553227102,1.8224813990824886,73.784,73.183,70.84,0.023733486188448394,1,0.5393481,1,False,False,0.023733486188448394,0.0,4.6009738959427215,14.08878462140764
2012-06-14,73.155,73.445,72.644,73.193,96403492,0,AAPL,-0.0010781744731959142,-0.00032779272573313367,0.04663101298404149,73.54220000000001,72.41120000000001,74.26863999999999,0.5028664832673975,1.7487411291680015,73.272,73.217,69.932,0.01073873184594154,1,0.5393481,1,False,False,0.01073873184594154,0.0,4.6009738959427215,14.240080301492162
2012-06-15,73.123,73.586,72.939,73.523,93389881,0,AAPL,0.004508627874250326,-0.01068396194679544,0.08300436012255474,73.3834,72.69295,74.14006,0.2671447173233156,1.4009942888427882,73.193,74.317,67.888,0.013914013301960182,1,0.5542834,1,False,False,0.013914013301960182,0.0,4.6009738959427215,14.438216968228105
2012-06-18,73.117,75.284,73.042,75.015,122695162,0,AAPL,0.020292969546944484,0.025565657256135133,0.10442860928712361,73.75739999999999,73.0476,74.01838,0.7401636981058192,0.9571705782101675,73.523,73.145,67.922,-0.025621542358195026,0,0.5750455,1,False,False,-0.025621542358195026,-0.0,4.6009738959427215,14.068287580599838
2012-06-19,74.712,75.555,74.672,75.226,100721665,0,AAPL,0.0028127707791774093,0.01954353247316476,0.046549805230940544,74.0458,73.2149,73.89336,0.9914099555651176,1.0318528505871776,75.015,73.784,71.88,-0.026201047510169384,0,0.57505673,1,False,False,-0.026201047510169384,-0.0,4.6009738959427215,13.699683709313815
2012-06-20,75.326,75.461,74.378,75.011,100128718,0,AAPL,-0.002858054396086551,0.023733486188448394,0.0516641897765191,74.3936,73.39914999999999,73.78398,0.9565034239319642,1.0054785859698085,75.226,73.272,71.326,-0.019197184412952706,0,0.57505673,1,False,False,-0.019197184412952706,-0.0,4.6009738959427215,13.436688354746995
2012-06-21,74.973,75.328,73.948,73.979,91018536,0,AAPL,-0.013757982162616145,0.01073873184594154,0.012495551966714924,74.5508,73.4448,73.65969999999999,0.7527431168689257,1.0102713340597154,75.011,73.193,73.066,-0.0149772232660621,0,0.57011265,1,False,False,-0.0149772232660621,-0.0,4.6009738959427215,13.235444073301453
2012-06-22,74.153,74.556,73.689,74.546,79368233,0,AAPL,0.0076643371767664,0.013914013301960182,0.029740444518116416,74.7554,73.55245,73.55556,0.5002082566226871,1.0069992669738963,73.979,73.523,72.393,0.003206074101896661,1,0.57136923,1,False,False,0.003206074101896661,0.0,4.6009738959427215,13.277877887771966
2012-06-25,73.93,74.25,73.042,73.093,79747477,0,AAPL,-0.019491320795213762,-0.025621542358195026,0.015053673846324722,74.37100000000001,73.60664999999999,73.46728,0.8599706390299438,0.9469342930029071,74.546,75.015,72.009,0.03812950624546807,1,0.5654033,1,True,True,0.03812950624546807,0.03812950624546807,4.776406758843305,13.78415681562033
2012-06-26,73.168,73.57,72.654,73.255,77136810,0,AAPL,0.002216354507271534,-0.026201047510169384,-0.00042300030019382096,73.9768,73.60510000000001,73.44654,0.8209233825355694,0.9475119718736345,73.093,75.226,73.286,0.04787386526516979,1,0.56974006,1,True,True,0.04787386526516979,0.04787386526516979,5.005071812467816,14.44405768180531
2012-06-27,73.636,73.858,73.24,73.571,56600431,0,AAPL,0.0043136987236367386,-0.019197184412952706,-0.008076041526223543,73.68879999999999,73.57515,73.35636000000001,0.586524679782268,0.9381367465699839,73.255,75.011,74.17,0.061681912710171094,1,0.56974006,1,True,True,0.061681912710171094,0.061681912710171094,5.313794215112593,15.334994786915102
2012-06-28,73.21,73.507,72.433,72.871,78906736,0,AAPL,-0.0095146185317585,-0.0149772232660621,-0.015057106170169643,73.4672,73.51944999999999,73.25568,0.6548077580433322,0.9455633506020387,73.571,73.979,73.985,0.06477199434617331,1,0.56974006,1,False,False,0.06477199434617331,0.0,5.313794215112593,16.328272982551763
2012-06-29,74.019,74.785,73.539,74.785,117433735,0,AAPL,0.02626559262257966,0.003206074101896661,0.04093591670842378,73.515,73.66650000000001,73.24678,0.7543964474954279,0.8988214798464361,72.871,74.546,71.844,0.051213478638764354,1,0.5750455,1,False,False,0.051213478638764354,0.0,5.313794215112593,17.16450064215159
2012-07-02,74.883,76.002,74.737,75.88,111514548,0,AAPL,0.014641973657819163,0.03812950624546807,0.05003874681722564,74.07239999999999,73.84729999999999,73.29684,1.2387618011521084,0.963232611137962,74.785,73.093,72.264,0.026449657353716516,1,0.57667965,1,True,True,0.026449657353716516,0.026449657353716516,5.454342251350482,17.618495802784146
2012-07-03,76.182,76.837,76.071,76.762,67409572,0,AAPL,0.011623616236162482,0.04787386526516979,0.06495560488346275,74.7738,74.0814,73.3678,1.6003217488972277,1.0737194282158087,75.88,73.255,72.08,0.008363513196633754,1,0.57505673,1,True,True,0.008363513196633754,0.008363513196633754,5.499959714748609,17.76584832493557
2012-07-05,76.909,78.674,76.793,78.109,135015162,0,AAPL,0.017547744977983726,0.061681912710171094,0.0673107142369127,75.68140000000001,74.32770000000001,73.49498,1.9876029029947835,1.378514841567846,76.762,73.571,73.183,-0.01807730223149695,0,0.5636287,1,True,True,-0.01807730223149695,-0.01807730223149695,5.400535280724041,17.444689715366774
2012-07-06,77.747,77.918,77.038,77.591,116839858,0,AAPL,-0.006631758184076131,0.06477199434617331,0.05974022426485637,76.62539999999998,74.54639999999999,73.48448,1.3318037768354194,1.5315049151945053,78.109,72.871,73.217,-0.0015079068448659028,0,0.5589817,1,True,True,-0.0015079068448659028,-0.0015079068448659028,5.392391776608298,17.41838474833841
2012-07-09,77.516,78.616,77.362,78.615,105738948,0,AAPL,0.013197406915750554,0.051213478638764354,0.057833335575978584,77.3914,74.76129999999999,73.50031999999999,1.0877110369914031,1.7791464570943134,77.591,74.785,74.317,-0.011359155377472452,0,0.5367032,1,True,True,-0.011359155377472452,-0.011359155377472452,5.3311387605616,17.22052660955744
2012-07-10,79.136,79.382,77.517,77.887,142529946,0,AAPL,-0.009260319277491491,0.026449657353716516,0.06483013192972864,77.7928,74.99839999999999,73.51366,0.6870481788003078,1.866253308243041,78.615,75.88,73.145,-0.0020414189787770765,0,0.5367032,1,True,True,-0.0020414189787770765,-0.0020414189787770765,5.320255672717295,17.185372299712153
2012-07-11,77.62,77.818,76.481,77.404,130794921,0,AAPL,-0.006201291614775339,0.008363513196633754,0.04906212729046944,77.9212,75.1794,73.56608,0.47284373739407043,1.9171257378530564,77.887,76.762,73.784,0.00301018035243672,1,0.5367032,1,True,True,0.00301018035243672,0.00301018035243672,5.336270601813248,17.237103369758056
2012-07-12,76.868,77.281,75.901,76.697,119281197,0,AAPL,-0.00913389488915295,-0.01807730223149695,0.04674364013538601,77.63879999999999,75.35065,73.60902,0.6998165473842783,1.890564584985605,77.404,78.109,73.272,0.025763719571821664,1,0.5367032,1,True,True,0.025763719571821664,0.025763719571821664,5.473752781157721,17.681195267207006
2012-07-13,77.214,77.759,76.837,77.474,86874978,0,AAPL,0.01013077434580234,-0.0015079068448659028,0.05848919978686484,77.6154,75.56469999999999,73.65765999999999,0.7037594049054385,1.8757071396372127,76.697,77.591,73.193,-0.0010971422670832398,0,0.5393481,1,True,True,-0.0010971422670832398,-0.0010971422670832398,5.467747295621948,17.6617964805468
2012-07-16,77.493,78.323,77.481,77.722,84028911,0,AAPL,0.0032010739086660855,-0.011359155377472452,0.05711138011234573,77.43679999999999,75.77465,73.72194,0.4565585395027672,1.8701406160195615,77.474,78.615,73.523,-0.005056483363783726,0,0.5393481,1,True,True,-0.005056483363783726,-0.005056483363783726,5.440099722384263,17.572489900468383
2012-07-17,78.22,78.31,77.24,77.728,81901129,0,AAPL,7.71982192944165e-05,-0.0020414189787770765,0.03616610011331067,77.405,75.91029999999999,73.8288,0.42155782520658436,1.9101058416531826,77.722,77.887,75.015,-0.009944936187731512,0,0.5315569,1,True,True,-0.009944936187731512,-0.009944936187731512,5.3859982777902555,17.39773260974867
2012-07-18,77.681,77.905,77.293,77.637,70373779,0,AAPL,-0.001170749279538863,0.00301018035243672,0.03205008906495088,77.4516,76.03085,73.92291999999999,0.4341109305153392,1.9404850526287283,77.728,77.404,75.226,-0.051573347759444665,0,0.5313861,1,True,True,-0.051573347759444665,-0.051573347759444665,5.108224315578009,16.50047329564027
2012-07-19,78.281,78.802,77.606,78.673,121700750,0,AAPL,0.013344152916779484,0.025763719571821664,0.0488195064723842,77.8468,76.21395,74.04116,0.4730990382497071,2.0106887135092366,77.637,76.697,75.011,-0.06422787995881685,0,0.5367032,1,True,True,-0.06422787995881685,-0.06422787995881685,4.7801338974343555,15.440682877544223
2012-07-20,78.507,78.688,77.312,77.389,110788366,0,AAPL,-0.016320719942038653,-0.0010971422670832398,0.04609416185674298,77.8298,76.38444999999999,74.13114,0.49103126172658756,1.9550050336459017,78.673,77.474,73.979,-0.031671167737016837,0,0.5306511,1,True,True,-0.031671167737016837,-0.031671167737016837,4.628741474963312,14.951658420155436
2012-07-23,76.12,77.594,75.262,77.329,135964917,0,AAPL,-0.0007753039837703479,-0.005056483363783726,0.037332653663509685,77.75120000000001,76.5236,74.21652,0.541464864966165,1.915914936031123,77.389,77.722,74.546,-0.014587024272911808,0,0.5367032,1,True,True,-0.014587024272911808,-0.014587024272911808,4.5612219107149885,14.733558215860342
2012-07-24,77.783,78.076,76.646,76.955,156714649,0,AAPL,-0.004836477906089542,-0.009944936187731512,0.052836796957300924,77.5966,76.71669999999999,74.30418,0.6493510606697077,1.7383477969496761,77.329,77.728,73.093,0.01639919433435133,1,0.5367032,1,True,True,0.01639919433435133,0.01639919433435133,4.636022275230905,14.975176700278714
2012-07-25,73.567,74.378,72.996,73.633,244598938,0,AAPL,-0.043168085244623566,-0.051573347759444665,0.0051600573339702915,76.7958,76.7356,74.34712,1.88339565678408,1.70036997212582,76.955,77.637,73.255,0.055355615009574644,1,0.5092167,1,True,True,0.055355615009574644,0.055355615009574644,4.892652139474399,15.804136816399696
2012-07-26,74.244,74.327,73.041,73.62,113411792,0,AAPL,-0.000176551274564285,-0.06422787995881685,0.0006660232972230951,75.7852,76.73805,74.40272,1.9776236244527006,1.695598837703939,73.633,78.673,73.571,0.05722629720184713,1,0.529331,1,False,False,0.05722629720184713,0.0,4.892652139474399,16.70854904687364
2012-07-27,73.637,75.022,73.202,74.938,112654849,0,AAPL,0.01790274381961421,-0.031671167737016837,0.028365193286767232,75.295,76.8414,74.50284,1.773983793610749,1.4990967947407206,73.62,77.389,72.871,0.05217646587845959,1,0.55479354,1,False,False,0.05217646587845959,0.0,4.892652139474399,17.580342086096408
2012-07-30,75.677,76.765,75.277,76.201,105688963,0,AAPL,0.016853932584269593,-0.014587024272911808,0.018934278264357784,75.0694,76.9122,74.6691,1.5014390763509697,1.4286469712364074,74.938,77.329,74.785,0.046259235443104396,1,0.55991787,1,False,False,0.046259235443104396,0.0,4.892652139474399,18.393595269827458
2012-07-31,77.252,78.333,77.183,78.217,128854850,0,AAPL,0.026456345717247975,0.01639919433435133,0.030798629414865664,75.3218,77.02905,74.87499999999999,1.9397581550269576,1.435335994958312,76.201,76.955,75.88,0.01659485789534254,1,0.5589379,1,False,False,0.01659485789534254,0.0,4.892652139474399,18.69883436951469
2012-08-01,78.876,78.937,77.219,77.709,107181633,0,AAPL,-0.006494751780303454,0.055355615009574644,0.012336833328991048,76.137,77.0764,74.99158,1.9088327585185025,1.4416688940259195,78.217,73.633,76.762,0.021516169298279486,1,0.5603858,1,False,False,0.021516169298279486,0.0,4.892652139474399,19.101161655489655
2012-08-02,77.198,78.207,76.869,77.833,92638591,0,AAPL,0.0015956967661403532,0.05722629720184713,-0.003533523665646632,76.9796,77.0626,75.12172000000001,1.3753020759066426,1.432556544305842,77.709,73.62,78.109,0.02568319350404069,1,0.5573095,1,False,False,0.02568319350404069,0.0,4.892652139474399,19.59174048643956
2012-08-03,78.583,79.139,78.317,78.848,96106259,0,AAPL,0.01304074107383757,0.05217646587845959,0.016200332512791515,77.7616,77.12545,75.23736,0.9786459012292902,1.4836227167954097,77.833,74.938,77.591,0.014090401785714413,1,0.55382264,1,True,True,0.014090401785714413,0.014090401785714413,4.961591573917329,19.86779598157494
2012-08-06,79.052,80.022,78.79,79.726,84263406,0,AAPL,0.011135349025974017,0.046259235443104396,0.014132163073204973,78.4666,77.181,75.38401999999999,0.8320548659750013,1.5611058158955702,78.848,76.201,78.615,0.016305847527782635,1,0.55382264,1,True,True,0.016305847527782635,0.016305847527782635,5.042494529616756,20.191757233563592
2012-08-07,79.753,80.038,79.145,79.515,81000819,0,AAPL,-0.002646564483355429,0.01659485789534254,0.020902076084584165,78.7262,77.2624,75.53414,0.9312817511326027,1.640291642875173,79.726,78.217,77.887,0.021731748726655287,1,0.55382264,1,True,True,0.021731748726655287,0.021731748726655287,5.152076753689921,20.63055942811302
2012-08-08,79.318,79.895,79.029,79.381,68092939,0,AAPL,-0.001685216625793906,0.021516169298279486,0.02554131569427942,79.0606,77.36125000000001,75.65604,0.7589619885030604,1.707469129720738,79.515,77.709,77.404,0.022058175130069024,1,0.535601,1,True,True,0.022058175130069024,0.022058175130069024,5.265722165006371,21.085631921009632
2012-08-09,79.463,79.962,79.456,79.832,61563343,0,AAPL,0.005681460299064023,0.02568319350404069,0.04087513201298609,79.46039999999999,77.518,75.76928,0.38501597368474166,1.7854017976212802,79.381,77.833,76.697,0.02516534722918129,1,0.5329007,1,True,True,0.02516534722918129,0.02516534722918129,5.398235891701153,21.616259169848547
2012-08-10,79.574,79.966,79.573,79.959,54142786,0,AAPL,0.0015908407656080037,0.014090401785714413,0.032075276867078006,79.6826,77.64225,75.88876,0.2343358700505566,1.866791727875687,79.832,78.848,77.474,0.04244675396140507,1,0.5278253,1,True,True,0.04244675396140507,0.04244675396140507,5.627373482421818,22.533799204397074
2012-08-13,80.177,81.026,80.159,81.026,77330902,0,AAPL,0.013344338973724001,0.016305847527782635,0.04251048609145425,79.9426,77.80744999999999,76.0724,0.6489401359079922,2.0145640634617226,79.959,79.726,77.722,0.05579690469725773,1,0.5393481,1,True,True,0.05579690469725773,0.05579690469725773,5.941363504316383,23.79111545107196
2012-08-14,81.266,82.136,81.052,81.243,94400781,0,AAPL,0.0026781526917285525,0.021731748726655287,0.04522179909427759,80.28819999999999,77.9832,76.25197999999999,0.8055269703692077,2.1556514365247934,81.026,79.515,77.728,0.03857563113129747,1,0.5393481,1,True,True,0.03857563113129747,0.03857563113129747,6.170555351275845,24.708872744914622
2012-08-15,81.193,81.539,80.736,81.132,71471229,0,AAPL,-0.0013662715557031246,0.022058175130069024,0.04501719540940541,80.6384,78.15795,76.43302,0.6839739030051555,2.2649987213896328,81.243,79.381,77.637,0.060309125868954316,1,0.5393481,1,True,True,0.060309125868954316,0.060309125868954316,6.54269615063729,26.199043261367652
2012-08-16,81.182,81.896,81.088,81.841,70708281,0,AAPL,0.008738845338460699,0.02516534722918129,0.040267944529889466,81.0402,78.31635,76.60618,0.6819147307339802,2.4091048190042086,81.132,79.832,78.673,0.0413118119280067,1,0.5393481,1,True,True,0.0413118119280067,0.0413118119280067,6.812986783514511,27.281373209274985
2012-08-17,82.313,83.363,82.157,83.353,122891350,0,AAPL,0.01847484757028872,0.04244675396140507,0.07706521598676819,81.71900000000001,78.61455000000001,76.8089,0.9664670196089633,2.645764589023038,81.841,79.959,77.389,0.023322495890969686,1,0.5362309,1,True,True,0.023322495890969686,0.023322495890969686,6.971882639778259,27.917642923848312
2012-08-20,83.596,85.547,83.585,85.547,170259907,0,AAPL,0.026321788058018436,0.05579690469725773,0.10627319634289867,82.6232,79.02545,77.03349999999999,1.8588760582652117,3.0438097920208373,83.353,81.026,77.329,0.015850935742925065,1,0.535242,1,True,True,0.015850935742925065,0.015850935742925065,7.082393503508599,28.360163687928157
2012-08-21,86.276,86.796,83.639,84.377,225254471,0,AAPL,-0.01367669234455915,0.03857563113129747,0.09644597492040807,83.25,79.39655,77.25814,1.8047265720854915,3.2251381280092146,85.547,81.243,76.955,0.02853858278914867,1,0.52309823,1,True,True,0.02853858278914867,0.02853858278914867,7.284514976853808,29.169522567249903
2012-08-22,84.165,86.041,83.353,86.025,156877150,0,AAPL,0.0195313888855968,0.060309125868954316,0.16829410726168992,84.2286,80.01615,77.50296,1.69222953525555,3.2498466405115267,84.377,81.132,73.633,0.00687009590235399,1,0.535242,1,True,True,0.00687009590235399,0.00687009590235399,7.334560293346928,29.369919984712787
2012-08-23,85.668,86.155,85.032,85.222,116606271,0,AAPL,-0.009334495786108787,0.0413118119280067,0.15759304536810625,84.9048,80.59625,77.74195999999999,1.0552891546827539,3.079032484316402,86.025,81.841,73.62,0.0018539813663138727,1,0.5367032,1,True,True,0.0018539813663138727,0.0018539813663138727,7.348158431460899,29.424371269094575
2012-08-24,84.822,86.103,84.312,85.297,120072048,0,AAPL,0.0008800544460350057,0.023322495890969686,0.13823427366623076,85.2936,81.1142,77.98404,0.6009266178086489,2.9455067761631453,85.222,83.353,74.938,0.0030716203383471807,1,0.5367032,1,True,True,0.0030716203383471807,0.0030716203383471807,7.370729184348371,29.514751766327805
2012-08-27,87.452,87.57,86.626,86.903,118473315,0,AAPL,0.018828329249563458,0.015850935742925065,0.14044435112400122,85.5648,81.6493,78.25164,0.9490338244714339,2.9778853694670935,85.297,85.547,76.201,-0.0010816657652785722,0,0.53578746,1,True,True,-0.0010816657652785722,-0.0010816657652785722,7.362756518924522,29.482826669771473
2012-08-28,86.81,86.954,86.256,86.785,74150624,0,AAPL,-0.0013578357479029357,0.02853858278914867,0.10954140404259949,86.04639999999999,82.07770000000001,78.48704,0.7938808474769666,3.072907282757326,86.903,84.377,78.217,-0.006740796220544909,0,0.5393481,1,True,True,-0.006740796220544909,-0.006740796220544909,7.313125677608963,29.284088943184898
2012-08-29,86.847,87.157,86.503,86.616,56244743,0,AAPL,-0.0019473411303796428,0.00687009590235399,0.11461992819364553,86.1646,82.52305,78.71484,0.8329341510532007,3.0518011847193773,86.785,86.025,77.709,0.004133185554632046,1,0.5393481,1,True,True,0.004133185554632046,0.004133185554632046,7.343352183018865,29.40512551658543
2012-08-30,86.253,86.368,85.25,85.38,83999199,0,AAPL,-0.014269880853422068,0.0018539813663138727,0.09696401269384447,86.1962,82.90039999999999,78.92222,0.7901308119486984,2.9043891721255015,86.616,85.222,77.833,0.024970719137971553,1,0.5345591,1,True,True,0.024970719137971553,0.024970719137971553,7.526720967912239,30.139392647076885
2012-08-31,85.816,85.99,84.53,85.559,93912572,0,AAPL,0.002096509721246198,0.0030716203383471807,0.08511312905844148,86.2486,83.23595,79.15382,0.7212768539130412,2.797257914364645,85.38,85.297,78.848,-0.0037634848467139603,0,0.5393481,1,True,True,-0.0037634848467139603,-0.0037634848467139603,7.498394267604057,30.02596349956045
2012-09-04,85.624,86.831,85.463,86.809,102073975,0,AAPL,0.01460980142357915,-0.0010816657652785722,0.08884178310714197,86.2298,83.5901,79.39908,0.7008927878004575,2.7777961521968906,85.559,86.903,79.726,-0.02127659574468077,0,0.5395507,1,True,True,-0.02127659574468077,-0.02127659574468077,7.338853964038014,29.387113212335763
2012-09-05,86.889,86.985,86.119,86.2,93331425,0,AAPL,-0.0070154016288632715,-0.006740796220544909,0.08407218763755275,86.11280000000001,83.92434999999999,79.66122,0.6303171423900308,2.6613960973226174,86.809,86.785,79.515,-0.0006728538283063967,0,0.5393481,1,True,True,-0.0006728538283063967,-0.0006728538283063967,7.333915988052929,29.367339980707968
2012-09-06,86.577,87.234,86.273,86.974,108639222,0,AAPL,0.008979118329466296,0.004133185554632046,0.0956526120860155,86.1844,84.304,79.9356,0.7162438830389504,2.5168192959414077,86.2,86.616,79.381,0.009968496332237065,1,0.5367032,1,True,True,0.009968496332237065,0.009968496332237065,7.4070241026807695,29.660088201593215
2012-09-07,87.204,87.775,86.915,87.512,91480196,0,AAPL,0.0061857566629106575,0.024970719137971553,0.09620202425092694,86.61080000000001,84.688,80.21442,0.7513984961327653,2.380806674439271,86.974,85.38,79.832,0.01594067099369223,1,0.5393481,1,True,True,0.01594067099369223,0.01594067099369223,7.5250970369439525,30.132889909258704
2012-09-10,87.513,87.88,85.153,85.237,135388853,0,AAPL,-0.025996434774659516,-0.0037634848467139603,0.06600882952513154,86.54639999999999,84.9519,80.46174,0.8687210714553903,2.1056523404753498,87.512,85.559,79.959,0.055844292971362286,1,0.5285154,1,True,True,0.055844292971362286,0.055844292971362286,7.945330760512981,31.815639841425153
2012-09-11,85.541,86.181,84.433,84.962,139860956,0,AAPL,-0.003226298438471442,-0.02127659574468077,0.048576999975316726,86.177,85.1487,80.66528,1.0929075898678295,1.892568154929851,85.237,86.809,81.026,0.06253383865728201,1,0.5367032,1,True,True,0.06253383865728201,0.06253383865728201,8.442182792369639,33.805193930047025
2012-09-12,85.765,86.155,84.37,86.142,197668083,0,AAPL,0.013888561945340161,-0.0006728538283063967,0.06030057974225467,86.1654,85.39365,80.87052,1.0929102433368951,1.6636455301541677,84.962,86.2,81.243,0.04823431078916207,1,0.5479643,1,True,True,0.04823431078916207,0.04823431078916207,8.849385660915713,35.43576416035681
2012-09-13,87.12,88.163,86.781,87.841,166050817,0,AAPL,0.019723247660839105,0.009968496332237065,0.08269240250456034,86.33879999999999,85.7291,81.0921,1.302044046870402,1.4172608830163398,86.142,86.974,81.132,0.022984711011942105,1,0.5626505,1,True,True,0.022984711011942105,0.022984711011942105,9.052786232965085,36.250244959069946
2012-09-14,88.738,89.64,88.471,88.907,166659568,0,AAPL,0.012135563119727744,0.01594067099369223,0.08633814347332036,86.6178,86.08239999999999,81.30806,1.7037695560111903,1.2700859647664302,87.841,87.512,81.841,0.012743653480603356,1,0.56409574,1,True,True,0.012743653480603356,0.012743653480603356,9.168151803751968,36.71220551941532
2012-09-17,89.944,90.0,89.335,89.997,110528823,0,AAPL,0.012260002024587546,0.055844292971362286,0.07970918863148313,87.56979999999999,86.4146,81.55618,2.03667540368864,1.3825335400906644,88.907,85.237,83.353,-0.012789315199395523,0,0.56409574,1,True,True,-0.012789315199395523,-0.012789315199395523,9.050897420537877,36.24268155136253
2012-09-18,90.012,90.327,89.568,90.275,103615560,0,AAPL,0.0030889918552841067,0.06253383865728201,0.05526786444878273,88.63239999999999,86.651,81.78938,1.6929323081535155,1.6116163837659998,89.997,84.962,85.547,-0.040420936028800925,0,0.5575442,1,True,True,-0.040420936028800925,-0.040420936028800925,8.685051674899077,34.7777184388627
2012-09-19,90.063,90.541,89.973,90.297,90703419,0,AAPL,0.00024369980614769027,0.04823431078916207,0.07016129988029918,89.46340000000001,86.94699999999999,82.03757999999999,1.0700555125738724,1.712473741635596,90.275,86.142,84.377,-0.05255988571048864,0,0.5393481,1,True,True,-0.05255988571048864,-0.05255988571048864,8.228566351476694,32.94980553244452
2012-09-20,89.921,90.036,89.207,89.86,93373157,0,AAPL,-0.0048395849253020096,0.022984711011942105,0.04458006393490255,89.8672,87.13875,82.2867,0.5678716404167438,1.8154147525252058,90.297,87.841,86.025,-0.02486089472512787,0,0.5393481,1,True,True,-0.02486089472512787,-0.02486089472512787,8.023996829673901,32.130643885888986
2012-09-21,90.336,90.68,89.945,90.04,158597399,0,AAPL,0.0020031159581572755,0.012743653480603356,0.05653469761329255,90.0938,87.37965,82.55356,0.1877836520827332,1.866625840641159,89.86,88.907,85.222,-0.04712350066637061,0,0.52824444,1,True,True,-0.04712350066637061,-0.04712350066637061,7.645878009723808,30.61653546732138
2012-09-24,88.338,89.402,87.843,88.846,177515299,0,AAPL,-0.013260772989782343,-0.012789315199395523,0.04160755946868,89.86359999999999,87.5571,82.781,0.5965997820898056,1.8264796424303422,90.04,89.997,85.297,-0.045460684780406546,0,0.53542763,1,True,True,-0.045460684780406546,-0.045460684780406546,7.298291159654312,29.224686799373345
2012-09-25,88.518,89.101,86.555,86.626,143990474,0,AAPL,-0.024987056254642814,-0.040420936028800925,-0.0031874618827888446,89.1338,87.54325,82.95908,1.506111616046382,1.8327401652061426,88.846,90.275,86.903,-0.018193152171403604,0,0.5211292,1,True,True,-0.018193152171403604,-0.018193152171403604,7.165512237995511,28.692997625270735
2012-09-26,86.007,86.515,85.036,85.551,160104730,0,AAPL,-0.012409669152448455,-0.05255988571048864,-0.014219047070346158,88.1846,87.48155,83.11554,2.003247812925345,1.8797784436923315,86.626,90.297,86.785,0.009409591939310902,1,0.5286979,1,True,True,0.009409591939310902,0.009409591939310902,7.232936784191187,28.96298702444015
2012-09-27,85.436,87.735,84.929,87.626,164862285,0,AAPL,0.024254538228658973,-0.02486089472512787,0.01166066315692249,87.73780000000001,87.53205,83.31532000000001,1.7719286667330434,1.8688366343239895,85.551,89.86,86.616,-0.02130646155250726,0,0.5287076,1,True,True,-0.02130646155250726,-0.02130646155250726,7.0788284946871025,28.345888254958147
2012-09-28,87.294,87.599,85.753,85.797,148520167,0,AAPL,-0.020872800310410278,-0.04712350066637061,0.004884047786366752,86.8892,87.5529,83.45779999999999,1.3624330075239106,1.8457467722768375,87.626,90.04,85.38,-0.021749012203223894,0,0.5237155,1,False,False,-0.021749012203223894,-0.0,7.0788284946871025,27.729393185389842
2012-10-01,86.318,87.037,84.433,84.807,150857426,0,AAPL,-0.011538864995279452,-0.045460684780406546,-0.00878925653642515,86.0814,87.5153,83.60616,1.0803565615068624,1.895491828968448,85.797,88.846,85.559,-0.03219073897201885,0,0.529331,1,False,False,-0.03219073897201885,-0.0,7.0788284946871025,26.83676352750648
2012-10-02,85.117,85.7,83.68,85.05,174320895,0,AAPL,0.002865329512893977,-0.018193152171403604,-0.020262875969081606,85.7662,87.42735,83.76058,1.1112068664254413,1.9693578508586969,84.807,86.626,86.809,-0.03849500293944741,0,0.529331,1,False,False,-0.03849500293944741,-0.0,7.0788284946871025,25.803682236629864
2012-10-03,85.51,86.41,85.223,86.356,117741381,0,AAPL,0.015355673133450987,0.009409591939310902,0.0018097447795821786,85.9272,87.43515000000001,83.9486,1.1303838728462936,1.9645439078298597,85.05,85.551,86.2,-0.04547454722312283,0,0.52885777,1,False,False,-0.04547454722312283,-0.0,7.0788284946871025,24.630271470229783
2012-10-04,86.33,86.716,85.596,85.759,102893871,0,AAPL,-0.0069132428551575975,-0.02130646155250726,-0.013969692091889585,85.5538,87.3744,84.19112000000001,0.6237593285804447,1.9980547223952982,86.356,87.626,86.974,-0.05803472521834452,0,0.5313892,1,False,False,-0.05803472521834452,-0.0,7.0788284946871025,23.20086043340177
2012-10-05,85.554,85.655,83.763,83.931,164861476,0,AAPL,-0.02131554705628569,-0.021749012203223894,-0.04092010238595856,85.1806,87.19534999999999,84.39734,0.9265858298027624,2.1404515331563605,85.759,85.797,87.512,-0.03504068818434192,0,0.52804124,1,False,False,-0.03504068818434192,-0.0,7.0788284946871025,22.387886317346503
2012-10-08,83.197,83.285,81.811,82.077,177093384,0,AAPL,-0.02208957357829644,-0.03219073897201885,-0.03707310205661851,84.6346,87.03734999999999,84.54012,1.690888908234807,2.394205884718979,83.931,84.807,85.237,-0.005348636036892063,0,0.52326816,1,False,False,-0.005348636036892063,-0.0,7.0788284946871025,22.2681416617997
2012-10-09,82.139,82.373,80.196,81.776,232772786,0,AAPL,-0.003667288034406746,-0.03849500293944741,-0.037499117252418834,83.9798,86.87805,84.65162000000001,2.0791610567706815,2.633582820238347,82.077,85.05,84.962,0.021950205439248638,1,0.5169858,1,False,False,0.021950205439248638,0.0,7.0788284946871025,22.756931946026494
2012-10-10,82.28,82.951,81.925,82.429,141614440,0,AAPL,0.007985227939737882,-0.04547454722312283,-0.04310324812518862,83.1944,86.6924,84.73585999999999,1.6557499207284048,2.8129621847144537,81.776,86.356,86.142,0.005750403377452251,1,0.5340975,1,False,False,0.005750403377452251,0.0,7.0788284946871025,22.887793484349377
2012-10-11,83.144,83.238,80.782,80.782,151561751,0,AAPL,-0.0199808319887419,-0.05803472521834452,-0.08036110700014798,82.199,86.33945,84.79732,1.1461267381893467,3.0904303988282806,82.429,85.759,87.841,0.007229333267312121,1,0.53129816,1,False,False,0.007229333267312121,0.0,7.0788284946871025,23.053256971201154
2012-10-12,80.969,81.718,80.421,80.99,127697746,0,AAPL,0.002574831026713742,-0.03504068818434192,-0.08904810644831118,81.6108,85.9436,84.86046,0.7046961756621134,3.2473049457247214,80.782,83.931,88.907,-0.031559451784170856,0,0.5373492,1,False,False,-0.031559451784170856,-0.0,7.0788284946871025,22.32570881935043
2012-10-15,81.328,81.684,80.234,81.638,120015938,0,AAPL,0.008000987776268786,-0.005348636036892063,-0.09288087380690457,81.523,85.52565,84.91626000000001,0.6578829683103565,3.2360574985949233,80.99,82.077,89.997,-0.0011514245816900415,0,0.5373492,1,False,False,-0.0011514245816900415,-0.0,7.0788284946871025,22.300002449412176
2012-10-16,81.717,83.635,81.154,83.571,152612285,0,AAPL,0.02367769911070816,0.021950205439248638,-0.0742619772916091,81.88199999999999,85.19045,84.99315999999999,1.1420518814802978,3.06067110760847,81.638,81.776,90.275,-0.05607208242093542,0,0.5358883,1,False,False,-0.05607208242093542,-0.0,7.0788284946871025,21.049594874081674
2012-10-17,83.452,83.957,82.828,82.903,108046799,0,AAPL,-0.007993203383948932,0.005750403377452251,-0.08188533395350883,81.9768,84.82075,85.06092000000001,1.2160825218679225,2.8507474343077823,83.571,82.429,90.297,-0.043098560968843236,0,0.5373492,1,False,False,-0.043098560968843236,-0.0,7.0788284946871025,20.142387626031613
2012-10-18,82.258,82.578,81.026,81.366,132300097,0,AAPL,-0.018539739213297546,0.007229333267312121,-0.09452481638103716,82.0936,84.39605,85.10061999999999,1.0946169649665545,2.688594946592729,82.903,80.782,89.86,-0.03653860334783565,0,0.53129816,1,False,False,-0.03653860334783565,-0.0,7.0788284946871025,19.406412914085692
2012-10-19,81.161,81.254,78.404,78.434,206563056,0,AAPL,-0.036034707371629504,-0.031559451784170856,-0.12889826743669486,81.58239999999999,83.81575000000001,85.07266,1.978690046468325,2.658642508281986,81.366,80.99,90.04,-0.009600428385649118,0,0.51769865,1,False,False,-0.009600428385649118,-0.0,7.0788284946871025,19.220103036681675
2012-10-22,78.765,81.718,78.551,81.544,151713892,0,AAPL,0.03965117168574861,-0.0011514245816900415,-0.08218715530243348,81.5636,83.45065,85.10436,1.9784762571213308,2.422381305006276,78.434,81.638,88.846,-0.06105906013931128,0,0.53479284,1,False,False,-0.06105906013931128,-0.0,7.0788284946871025,18.046541609481167
2012-10-23,81.154,81.527,78.673,78.885,196244630,0,AAPL,-0.03260816246443632,-0.05607208242093542,-0.08936116177591025,80.62639999999999,83.0636,85.06154000000001,1.8980909619913473,2.5053295906719564,81.544,83.571,86.626,-0.027419661532610884,0,0.52661914,1,False,False,-0.027419661532610884,-0.0,7.0788284946871025,17.551711546715016
2012-10-24,79.925,80.582,78.536,79.33,154980421,0,AAPL,0.00564112315395815,-0.043098560968843236,-0.07271685894963242,79.9118,82.75255000000001,85.02328,1.4452920812048808,2.5657092889228346,78.885,82.903,85.551,-0.06485566620446237,0,0.5373492,1,False,False,-0.06485566620446237,-0.0,7.0788284946871025,16.41338360132426
2012-10-25,79.737,79.997,77.88,78.393,181812810,0,AAPL,-0.011811420647926396,-0.03653860334783565,-0.10536826969164403,79.31719999999999,82.2909,84.9685,1.301901186724164,2.4715983087876015,79.33,81.366,87.626,-0.0408454836528771,0,0.5373492,1,False,False,-0.0408454836528771,-0.0,7.0788284946871025,15.742971009747968
2012-10-26,78.379,78.967,76.008,77.681,282744263,0,AAPL,-0.009082443585524236,-0.009600428385649118,-0.09459538212291807,79.16659999999999,81.8851,84.88529999999999,1.463172341179894,2.5311962410149142,78.393,78.434,85.797,-0.035002124071523255,0,0.5250256,1,False,False,-0.035002124071523255,-0.0,7.0788284946871025,15.191933585210377
2012-10-31,76.509,77.418,75.585,76.565,141622825,0,AAPL,-0.01436644739382864,-0.06105906013931128,-0.09718537384885684,78.17080000000001,81.473,84.74954,1.0864732854489811,2.696016261859752,77.681,81.544,84.807,-0.0583948279239862,0,0.53255737,1,False,False,-0.0583948279239862,-0.0,7.0788284946871025,14.30480323766939
2012-11-01,76.938,77.552,76.417,76.722,100370713,0,AAPL,0.0020505452883170516,-0.027419661532610884,-0.09791887125220466,77.7382,81.05659999999999,84.57304,1.1591939872146073,2.756913441934201,76.565,78.885,85.05,-0.09443184484241796,0,0.5394028,1,False,False,-0.09443184484241796,-0.0,7.0788284946871025,12.953974277828475
2012-11-02,76.639,76.774,73.92,74.185,166440141,0,AAPL,-0.03306743828367342,-0.06485566620446237,-0.14093983046922032,76.7092,80.44805,84.36919999999998,1.594688119976743,2.8666819895044253,76.722,79.33,86.356,-0.04727370762283489,0,0.5255904,1,False,False,-0.04727370762283489,-0.0,7.0788284946871025,12.341591885264688
2012-11-05,75.047,75.595,74.286,75.191,146954789,0,AAPL,0.01356069286243855,-0.0408454836528771,-0.12322904884618524,76.0688,79.91964999999999,84.15252000000001,1.3776164923501935,2.8096235049335982,74.185,78.393,85.759,-0.06724209014376714,0,0.5352975,1,False,False,-0.06724209014376714,-0.0,7.0788284946871025,11.511717451198134
2012-11-06,75.91,75.976,74.607,74.962,104065398,0,AAPL,-0.0030455772632362876,-0.035002124071523255,-0.10686158868594431,75.525,79.4712,83.94732,1.0884087008084333,2.851139358591041,75.191,77.681,83.931,-0.06428590485846164,0,0.5394028,1,False,False,-0.06428590485846164,-0.0,7.0788284946871025,10.771676278372919
2012-11-07,74.139,74.231,71.803,72.094,219105455,0,AAPL,-0.038259384754942616,-0.0583948279239862,-0.12162968919429318,74.6308,78.97205,83.68325999999999,1.6904678938080848,3.2208268711950656,74.962,76.565,82.077,-0.03785335811579327,0,0.5168172,1,False,False,-0.03785335811579327,-0.0,7.0788284946871025,10.363932158700273
2012-11-08,72.433,72.639,69.158,69.477,291720281,0,AAPL,-0.03629983077648613,-0.09443184484241796,-0.15039864997065144,73.1818,78.3571,83.33474,2.4042285041145,3.782448091966723,72.094,76.722,81.776,-0.022554226578580083,0,0.51323736,1,False,False,-0.022554226578580083,-0.0,7.0788284946871025,10.130181684547914
2012-11-09,69.823,71.689,68.955,70.678,257020990,0,AAPL,0.017286296184348737,-0.04727370762283489,-0.14255905081949316,72.4804,77.76955,83.0126,2.545783435407848,4.021751810958629,69.477,74.185,82.429,-0.035385834347321565,0,0.52097625,1,False,False,-0.035385834347321565,-0.0,7.0788284946871025,9.77171675355023
2012-11-12,71.597,71.639,69.594,70.135,142539425,0,AAPL,-0.0076827301281868765,-0.06724209014376714,-0.13179916317991625,71.4692,77.2372,82.68298,2.1774397121384204,4.297237994217798,70.678,75.191,80.782,0.04213302915805239,1,0.5373492,1,False,False,0.04213302915805239,0.0,7.0788284946871025,10.183428780451791
2012-11-13,69.629,71.123,69.298,70.143,147344021,0,AAPL,0.00011406573037708867,-0.06428590485846164,-0.1339301148289912,70.50540000000001,76.69485,82.37824,0.9848321176717812,4.479309912487289,70.135,74.962,80.99,0.03317508518312584,1,0.5337842,1,False,False,0.03317508518312584,0.0,7.0788284946871025,10.521264897699576
2012-11-14,70.478,70.731,69.275,69.365,131818638,0,AAPL,-0.011091627104629187,-0.03785335811579327,-0.1503344030965973,69.9596,76.0812,82.05436,0.5401275775204758,4.605378841494564,70.143,72.094,81.638,0.04619044186549415,1,0.5337842,1,False,False,0.04619044186549415,0.0,7.0788284946871025,11.007246772308232
2012-11-15,69.448,69.701,67.523,67.91,218229394,0,AAPL,-0.020975996540041786,-0.022554226578580083,-0.18739754220961824,69.6462,75.29814999999999,81.67638,1.0774751505247258,4.596273264688011,69.365,69.477,83.571,0.08727727875128855,1,0.5153788,1,False,False,0.08727727875128855,0.0,7.0788284946871025,11.967929317139198
2012-11-16,67.856,68.478,65.34,68.177,350204372,0,AAPL,0.003931674274775476,-0.035385834347321565,-0.177629277589472,69.146,74.56184999999999,81.31592,1.0590972571008317,4.492233710879191,67.91,70.678,82.903,0.11718028073983877,1,0.5214502,1,False,False,0.11718028073983877,0.0,7.0788284946871025,13.370334634396116
2012-11-19,69.859,73.32,69.752,73.09,227389256,0,AAPL,0.07206242574475263,0.04213302915805239,-0.10171324631910128,69.737,74.14805,81.03824,2.0807064905935735,4.204436171912438,68.177,70.135,81.366,0.03369818032562577,1,0.52246165,1,False,False,0.03369818032562577,0.0,7.0788284946871025,13.820890581919956
2012-11-20,73.892,73.896,71.65,72.47,177617260,0,AAPL,-0.008482692570803141,0.03317508518312584,-0.07603845271183418,70.2024,73.84984999999999,80.7374,2.425841359198497,4.094517557533351,73.09,70.143,78.434,0.039243825031047175,1,0.5373492,1,False,False,0.039243825031047175,0.0,7.0788284946871025,14.36327519369007
2012-11-21,72.901,73.302,71.911,72.569,103124238,0,AAPL,0.0013660825169035107,0.04619044186549415,-0.11006327872069055,70.8432,73.40110000000001,80.48404,2.568329165040517,3.6774526924577358,72.47,69.365,81.544,0.0492772395926635,1,0.5394028,1,False,False,0.0492772395926635,0.0,7.0788284946871025,15.071057746744897
2012-11-23,73.279,73.901,72.69,73.837,75416902,0,AAPL,0.017473025672118947,0.08727727875128855,-0.06399188692400326,72.02860000000001,73.1487,80.26154,2.2202797796667846,3.447289111904326,72.569,67.91,78.885,0.024134241640370035,1,0.5356807,1,False,False,0.024134241640370035,0.0,7.0788284946871025,15.434786296180809
2012-11-26,74.406,76.227,74.123,76.166,174030221,0,AAPL,0.03154245161639824,0.11718028073983877,-0.0398840287407034,73.6264,72.9905,80.06202,1.5196217621488777,3.21335475624388,73.837,68.177,79.33,-0.005671822072840893,0,0.5239979,1,False,False,-0.005671822072840893,-0.0,7.0788284946871025,15.347242934576549
2012-11-27,76.169,76.28,74.949,75.553,147326954,0,AAPL,-0.008048210487619167,0.03369818032562577,-0.03622772441416966,74.119,72.84849999999999,79.81626,1.6917291449863447,3.018917957080057,76.166,73.09,78.393,-0.015247574550315668,0,0.529331,1,False,False,-0.015247574550315668,-0.0,7.0788284946871025,15.113234703789788
2012-11-28,74.582,75.684,73.936,75.314,143999894,0,AAPL,-0.0031633422895186447,0.039243825031047175,-0.030470771488523618,74.6878,72.73015000000001,79.5444,1.4610738174356441,2.861807917255214,75.553,72.47,77.681,-0.07569641766471036,0,0.529331,1,False,False,-0.07569641766471036,-0.0,7.0788284946871025,13.969216977386921
2012-11-29,76.256,76.776,75.615,76.145,142187251,0,AAPL,0.01103380513583141,0.0492772395926635,-0.005485535166198652,75.40299999999999,72.70915,79.26736,0.9507247235638945,2.833588505486024,75.314,72.569,76.565,-0.07146890800446504,0,0.529331,1,False,False,-0.07146890800446504,-0.0,7.0788284946871025,12.970852294335645
2012-11-30,75.741,76.021,75.28,75.619,108075345,0,AAPL,-0.006907873136778431,0.024134241640370035,-0.014376580381116222,75.7594,72.654,78.97424,0.3790465670540855,2.7611847571575794,76.145,73.837,76.722,-0.08891945146061175,0,0.5228674,1,False,False,-0.08891945146061175,-0.0,7.0788284946871025,11.817491223346702
2012-12-03,76.699,76.821,75.645,75.734,100626197,0,AAPL,0.0015207818140943186,-0.005671822072840893,0.0208802318528003,75.67299999999999,72.73145000000001,78.68298,0.30524662159560095,2.8273211512148264,75.619,76.166,74.185,-0.09615232260279394,0,0.52713984,1,False,False,-0.09615232260279394,-0.0,7.0788284946871025,10.681211994883784
2012-12-04,75.165,75.17,73.919,74.401,154110067,0,AAPL,-0.017601077455304037,-0.015247574550315668,-0.010506576584963678,75.4426,72.69194999999999,78.37379999999999,0.6540002293544214,2.7965011875747035,75.734,75.553,75.191,-0.059851346084058066,0,0.52326816,1,False,False,-0.059851346084058066,-0.0,7.0788284946871025,10.041927079180802
2012-12-05,73.503,73.547,69.611,69.613,288540981,0,AAPL,-0.0643539737369121,-0.07569641766471036,-0.07135615378458426,74.3024,72.4245,77.96526,2.7008463118060138,2.8236237914762867,74.401,75.314,74.962,0.000373493456681917,1,0.5168172,1,False,False,0.000373493456681917,0.0,7.0788284946871025,10.045677673237353
2012-12-06,68.338,71.486,67.006,70.703,325279989,0,AAPL,0.015657994914743067,-0.07146890800446504,-0.019294254723000392,73.21399999999998,72.35495,77.6024,2.864250163654812,2.8492082275056085,69.613,76.145,72.094,-0.03206370309604967,0,0.51292694,1,False,False,-0.03206370309604967,-0.0,7.0788284946871025,9.723576046924055
2012-12-07,71.498,71.73,68.478,68.895,217634858,0,AAPL,-0.025571757916920124,-0.08891945146061175,-0.00837687292197431,71.8692,72.32584999999999,77.24778,3.026673784866347,2.8829214399544107,70.703,75.619,69.477,-0.04402351404310911,0,0.5087685,1,False,False,-0.04402351404310911,-0.0,7.0788284946871025,9.295510060273054
2012-12-10,67.829,69.575,67.385,68.452,174216164,0,AAPL,-0.006430074751433312,-0.09615232260279394,-0.03149494892328586,70.4128,72.21455,76.9058,2.386319802540679,2.990837190927152,68.895,75.734,70.678,-0.02074446327353474,0,0.529331,1,False,False,-0.02074446327353474,-0.0,7.0788284946871025,9.102679693218947
2012-12-11,69.737,71.003,69.427,69.948,163451165,0,AAPL,0.021854730321977378,-0.059851346084058066,-0.0026662864475656134,69.5222,72.2052,76.55224,0.8835364734962283,2.9979642847494063,68.452,74.401,70.135,-0.013867444387259065,0,0.52578884,1,False,False,-0.013867444387259065,-0.0,7.0788284946871025,8.976448788798201
2012-12-12,70.773,70.8,69.288,69.639,134581946,0,AAPL,-0.004417567335735062,0.000373493456681917,-0.007185321414824086,69.5274,72.17999999999999,76.22908,0.884280668112873,3.018260391264333,69.948,69.613,70.143,-0.023521302718304216,0,0.529331,1,False,False,-0.023521302718304216,-0.0,7.0788284946871025,8.765311019501524
2012-12-13,68.625,69.462,67.932,68.436,172750127,0,AAPL,-0.017274802912161102,-0.03206370309604967,-0.013392921502198396,69.07399999999998,72.13355,75.90166,0.6908454964739363,3.0705578007743433,69.639,70.703,69.365,-0.015035945993337019,0,0.52326816,1,False,False,-0.015035945993337019,-0.0,7.0788284946871025,8.633516276397497
2012-12-14,66.504,66.942,65.323,65.862,278959027,0,AAPL,-0.03761178327196235,-0.04402351404310911,-0.030157561478427408,68.4674,72.03115,75.5179,1.6088936571441133,3.2478529632749793,68.436,68.895,67.91,0.018766511797394525,1,0.5087685,1,False,False,0.018766511797394525,0.0,7.0788284946871025,8.795537261451509
2012-12-17,65.755,67.182,64.759,67.032,209577804,0,AAPL,0.017764416507242364,-0.02074446327353474,-0.016794520146090508,68.18339999999999,71.9739,75.13141999999999,1.7328452902664666,3.328457093167053,65.862,68.452,68.177,0.0025659386561642794,1,0.51651156,1,False,False,0.0025659386561642794,0.0,7.0788284946871025,8.8181060705124
2012-12-18,67.829,69.111,67.215,68.978,172789056,0,AAPL,0.029030910609857852,-0.013867444387259065,-0.05625940621152015,67.9894,71.76829999999998,74.79579999999999,1.528103988607698,3.382448631889308,67.032,69.948,73.09,-0.0391429151323609,0,0.5326353,1,False,False,-0.0391429151323609,-0.0,7.0788284946871025,8.472939692966177
2012-12-19,68.665,68.952,67.893,68.001,124129447,0,AAPL,-0.014163936327524551,-0.023521302718304216,-0.06166689664688829,67.6618,71.54485000000001,74.4772,1.2331618709637855,3.4798652768086096,68.978,69.639,72.47,-0.021382038499433986,0,0.52930146,1,False,False,-0.021382038499433986,-0.0,7.0788284946871025,8.291770970247791
2012-12-20,68.478,68.502,67.039,67.407,131211299,0,AAPL,-0.008735165659328636,-0.015035945993337019,-0.07113230167151274,67.45599999999999,71.28675,74.1838,1.1550456700923104,3.5896077468599823,68.001,68.436,72.569,-0.023261679054104145,0,0.5373492,1,False,False,-0.023261679054104145,-0.0,7.0788284946871025,8.09889045514775
2012-12-21,66.217,67.141,65.921,67.098,164854230,0,AAPL,-0.004584093640126352,0.018766511797394525,-0.09126860517084934,67.7032,70.9498,73.89024,0.8090597629340381,3.6533440859748914,67.407,65.862,73.837,0.024680318340338125,1,0.5373492,1,False,False,0.024680318340338125,0.0,7.0788284946871025,8.298773649784321
2012-12-24,67.229,67.735,67.017,67.204,48581683,0,AAPL,0.0015797788309634964,0.0025659386561642794,-0.11766404957592635,67.7376,70.5017,73.58574,0.7763834748362881,3.527321484162305,67.098,67.032,76.166,0.055517528718528775,1,0.5325423,1,False,False,0.055517528718528775,0.0,7.0788284946871025,8.759501054214793
2012-12-26,67.055,67.115,66.037,66.278,83532447,0,AAPL,-0.013778941729658767,-0.0391429151323609,-0.1227615051685571,67.1976,70.03795,73.29566,0.6214751000636276,3.4368028973545366,67.204,68.978,75.553,0.056745828178279334,1,0.53812826,1,False,False,0.056745828178279334,0.0,7.0788284946871025,9.256566195964723
2012-12-27,66.348,66.697,65.2,66.547,125717789,0,AAPL,0.004058661999456703,-0.021382038499433986,-0.11640598029582805,66.9068,69.5996,73.0068,0.47432341287270796,3.2841540030563197,66.278,68.001,75.314,0.023156566036034665,1,0.5373492,1,False,False,0.023156566036034665,0.0,7.0788284946871025,9.470916482348507
2012-12-28,65.928,66.469,65.649,65.839,97870604,0,AAPL,-0.010639097179437118,-0.023261679054104145,-0.1353470352616718,66.5932,69.0843,72.69082,0.5696935140927465,2.9992705446493777,66.547,67.407,76.145,0.02809884718783695,1,0.53584,1,False,False,0.02809884718783695,0.0,7.0788284946871025,9.737038317314784
2012-12-31,65.903,69.172,65.764,68.754,182167904,0,AAPL,0.044274670028402685,0.024680318340338125,-0.09078406220658819,66.9244,68.74105,72.39447999999999,1.1362184209029542,2.574850378382015,65.839,67.098,75.619,-0.012842889140995628,0,0.53479284,1,False,False,-0.012842889140995628,-0.0,7.0788284946871025,9.611986613643884
2013-01-02,71.553,71.705,69.978,70.935,154865509,0,AAPL,0.031721790732175625,0.055517528718528775,-0.06336651966091833,67.67060000000001,68.5011,72.15512,2.1439818795873418,2.0612691772434797,68.754,67.204,75.734,-0.05818002396560229,0,0.5315389,1,False,False,-0.05818002396560229,-0.0,7.0788284946871025,9.052761002105035
2013-01-03,70.745,71.017,69.896,70.039,97488400,0,AAPL,-0.012631282159723756,0.056745828178279334,-0.058628244244028904,68.4228,68.283,71.92858,2.1924639563738646,1.5783526722175003,70.935,66.278,74.401,-0.03430945616013947,0,0.5556419,1,False,False,-0.03430945616013947,-0.0,7.0788284946871025,8.74216569537509
2013-01-04,69.375,69.591,67.936,68.088,164191192,0,AAPL,-0.027855908850783262,0.023156566036034665,-0.021906827747690927,68.73100000000001,68.20675,71.72165999999999,1.9587063332716312,1.5472486574226287,70.039,66.547,69.613,-0.01271883444953592,0,0.54606766,1,False,False,-0.01271883444953592,-0.0,7.0788284946871025,8.630975537165202
2013-01-07,67.446,68.386,66.566,67.689,133721724,0,AAPL,-0.0058600634473034985,0.02809884718783695,-0.04262902564247639,69.101,68.05605,71.44456,1.3586502493277044,1.433952596846004,68.088,65.839,70.703,-0.04228161148783394,0,0.5640463,1,False,False,-0.04228161148783394,-0.0,7.0788284946871025,8.266043982741785
2013-01-08,68.375,68.721,67.346,67.871,126651168,0,AAPL,0.002688767746605869,-0.012842889140995628,-0.014863197619566004,68.92439999999999,68.00485,71.22428,1.468015258775708,1.4206403031922028,67.689,68.754,68.895,-0.07499521150417698,0,0.55933344,1,False,False,-0.07499521150417698,-0.0,7.0788284946871025,7.646130265953235
2013-01-09,67.533,67.83,66.664,66.808,112611881,0,AAPL,-0.01566206479939869,-0.05818002396560229,-0.02401682931104998,68.099,67.92265,70.97384,1.1885375467349084,1.4408244816227662,67.871,70.935,68.452,-0.02132978086456727,0,0.5533309,1,False,False,-0.02132978086456727,-0.0,7.0788284946871025,7.483039982918517
2013-01-10,68.287,68.31,66.607,67.636,166038770,0,AAPL,0.012393725302358938,-0.03430945616013947,-0.03305312517870418,67.6184,67.80705,70.7587,0.48640857311402985,1.3602706183934783,66.808,70.039,69.948,-0.03978650422851737,0,0.55933344,1,False,False,-0.03978650422851737,-0.0,7.0788284946871025,7.185315980995965
2013-01-11,67.331,67.872,67.057,67.222,96900287,0,AAPL,-0.0061210006505411085,-0.01271883444953592,-0.034707563290684806,67.4452,67.68620000000001,70.54952,0.4280744094183851,1.2947370226791861,67.636,68.088,69.639,-0.038990211537889286,0,0.55312717,1,False,False,-0.038990211537889286,-0.0,7.0788284946871025,6.905158990930356
2013-01-14,64.945,65.568,64.407,64.827,202815867,0,AAPL,-0.03562821695278329,-0.04228161148783394,-0.05273540241977914,66.87280000000001,67.50575,70.31476,1.2134985372875913,1.4292455821908163,67.222,67.689,68.436,0.006000586175513245,1,0.5445686,1,False,False,0.006000586175513245,0.0,7.0788284946871025,6.946593992511053
2013-01-15,64.382,64.47,62.452,62.781,242045402,0,AAPL,-0.0315609236892036,-0.07499521150417698,-0.04677963013573827,65.8548,67.35170000000001,70.03594,2.028245473309265,1.7465580617773193,64.827,67.871,65.862,0.05782004109523586,1,0.51355183,1,False,False,0.05782004109523586,0.0,7.0788284946871025,7.3482463426299605
2013-01-16,63.907,65.82,63.63,65.383,190827569,0,AAPL,0.04144566031124053,-0.02132978086456727,-0.024600190953574463,65.56979999999999,67.26925,69.8599,1.9597830747303717,1.8005327829931441,62.781,66.808,67.032,-0.10979918327393967,0,0.5278671,1,False,False,-0.10979918327393967,-0.0,7.0788284946871025,6.541414895713476
2013-01-17,65.931,65.99,64.862,64.945,125178052,0,AAPL,-0.006698989033846803,-0.03978650422851737,-0.05846791730696743,65.0316,67.0676,69.65498000000001,1.5839740528177302,1.8247639328219385,65.383,67.636,68.978,-0.12489029178535671,0,0.5340975,1,False,False,-0.12489029178535671,-0.0,7.0788284946871025,5.724455680698742
2013-01-18,64.407,64.887,64.133,64.601,130744810,0,AAPL,-0.005296789591192508,-0.038990211537889286,-0.04999926471669547,64.5074,66.89759999999998,69.44776,1.0061723510413205,1.8904244135006762,64.945,67.222,68.001,-0.100323524403647,0,0.5340975,1,False,False,-0.100323524403647,-0.0,7.0788284946871025,5.150158111518566
2013-01-22,65.188,65.617,64.165,65.216,127334286,0,AAPL,0.009519976470952374,0.006000586175513245,-0.032504042606850914,64.5852,66.78805,69.31020000000001,1.0510990438583743,1.922562037189852,64.601,64.827,67.407,-0.09212463199214915,0,0.529331,1,False,False,-0.09212463199214915,-0.0,7.0788284946871025,4.675701690793536
2013-01-23,65.739,66.537,65.216,66.411,237111514,0,AAPL,0.0183237242394505,0.05782004109523586,-0.010238755253509702,65.3112,66.75370000000001,69.24888,0.6823241165309405,1.9228699794568087,65.216,62.781,67.098,-0.11126168857568786,0,0.51651156,1,False,False,-0.11126168857568786,-0.0,7.0788284946871025,4.155475225399648
2013-01-24,59.431,60.171,58.17,58.204,403617999,0,AAPL,-0.12357892517805791,-0.10979918327393967,-0.13392059996428773,63.8754,66.3037,68.9994,3.2427531975159956,2.7057030431842057,66.411,65.383,67.204,0.01103016974778348,1,0.51323736,1,False,False,0.01103016974778348,0.0,7.0788284946871025,4.201310822518515
2013-01-25,58.359,58.944,56.203,56.834,333813084,0,AAPL,-0.023537901175176956,-0.12489029178535671,-0.14249072090286374,62.25320000000001,65.8315,68.73338000000001,4.3971979373233525,3.4359619123557636,58.204,64.945,66.278,0.03119611500158359,1,0.5153788,1,False,False,0.03119611500158359,0.0,7.0788284946871025,4.3323753980952
2013-01-28,56.566,58.556,56.313,58.12,216935263,0,AAPL,0.02262730055952411,-0.100323524403647,-0.12663230498745248,60.956999999999994,65.41015,68.49292,4.4864212909624515,3.8369082026111574,56.834,64.601,66.547,-0.016724019270474733,0,0.51997936,1,False,False,-0.016724019270474733,-0.0,7.0788284946871025,4.259920668450525
2013-01-29,59.238,59.458,58.413,59.208,157788647,0,AAPL,0.018719889883000773,-0.09212463199214915,-0.10071538146083625,59.755399999999995,65.07860000000001,68.28978000000001,3.8148594731656393,4.076890396523411,58.12,65.216,65.839,-0.0009627077421968666,0,0.53286314,1,False,False,-0.0009627077421968666,-0.0,7.0788284946871025,4.255819609841864
2013-01-30,59.044,59.766,58.721,59.022,115265298,0,AAPL,-0.0031414673692744532,-0.11126168857568786,-0.14154812810891015,58.27759999999999,64.592,68.11202,0.9399482964515191,4.194218564693877,59.208,66.411,68.754,0.0011521127715090618,1,0.5337842,1,False,False,0.0011521127715090618,0.0,7.0788284946871025,4.260722793967601
2013-01-31,59.041,59.339,58.783,58.846,88226409,0,AAPL,-0.002981938938023121,0.01103016974778348,-0.17042362726439708,58.40599999999999,63.98755,67.9254,0.9707265320377664,4.102076425101095,59.022,58.204,70.935,0.03397002345104183,1,0.53584,1,False,False,0.03397002345104183,0.0,7.0788284946871025,4.405459647197069
2013-02-01,59.317,59.365,57.926,58.607,149077967,0,AAPL,-0.004061448526662792,0.03119611500158359,-0.16322334699238994,58.7606,63.415949999999995,67.63574,0.4212336643740079,4.009917501120351,58.846,56.834,70.039,0.05320183595816208,1,0.52598155,1,False,False,0.05320183595816208,0.0,7.0788284946871025,4.63983818866755
2013-02-04,58.644,58.907,57.107,57.148,131820063,0,AAPL,-0.02489463715938367,-0.016724019270474733,-0.1606744213370931,58.5662,62.86895,67.32929999999999,0.8232412769061195,4.084529831539819,58.607,58.12,68.088,0.09135927766501006,1,0.5255904,1,False,False,0.09135927766501006,0.0,7.0788284946871025,5.0637304540667465
2013-02-05,57.37,59.398,57.135,59.151,158410285,0,AAPL,0.0350493455588996,-0.0009627077421968666,-0.12613570890395764,58.5548,62.442049999999995,67.06094,0.8124559680388986,3.9995374268719224,57.148,59.208,67.689,0.027945427803418355,1,0.53479284,1,False,False,0.027945427803418355,0.0,7.0788284946871025,5.205238567886839
2013-02-06,58.975,60.271,58.473,59.09,163969146,0,AAPL,-0.0010312589812513373,0.0011521127715090618,-0.12937779021968132,58.5684,62.003,66.766,0.8227358628393563,3.8514326521031323,59.151,59.022,67.871,0.027060416314097058,1,0.5373492,1,False,False,0.027060416314097058,0.0,7.0788284946871025,5.346094490548052
2013-02-07,60.203,61.076,59.014,60.845,193075926,0,AAPL,0.029700456930106478,0.03397002345104183,-0.08925577775116766,58.9682,61.70485,66.45958,1.3242189018443595,3.6871912470208605,59.09,58.846,66.808,-0.0034678280877639134,0,0.53225267,1,False,False,-0.0034678280877639134,-0.0,7.0788284946871025,5.327555153913889
2013-02-08,61.597,62.222,60.849,61.725,173919690,0,AAPL,0.01446297970252286,0.05320183595816208,-0.08739428706605945,59.5918,61.409299999999995,66.18302,1.7705450290804992,3.4134954780912468,60.845,58.607,67.636,-0.031219117051437872,0,0.5375519,1,False,False,-0.031219117051437872,-0.0,7.0788284946871025,5.16123358596586
2013-02-11,61.921,63.017,61.501,62.369,142116427,0,AAPL,0.010433373835560866,0.09135927766501006,-0.07219362708637045,60.636,61.16664999999999,65.92412,1.4856170435214102,3.140089158556849,61.725,57.148,67.222,-0.04157514149657682,0,0.5373492,1,False,False,-0.04157514149657682,-0.0,7.0788284946871025,4.946654569332445
2013-02-12,62.313,62.688,60.784,60.804,167111380,0,AAPL,-0.02509259407718578,0.027945427803418355,-0.06205747605164513,60.96660000000001,60.9655,65.6173,1.2353895337103913,3.0198219274795464,62.369,59.151,64.827,-0.04070455891059799,0,0.52590436,1,False,False,-0.04070455891059799,-0.0,7.0788284946871025,4.745303177004674
2013-02-13,60.716,61.548,60.198,60.689,130528184,0,AAPL,-0.0018913229392802933,0.027060416314097058,-0.033322183463149635,61.2864,60.860899999999994,65.31869999999999,0.7329432447339039,2.989708257198347,60.804,59.09,62.781,-0.04486809800787617,0,0.529331,1,False,False,-0.04486809800787617,-0.0,7.0788284946871025,4.532390448981742
2013-02-14,60.365,61.289,60.301,60.634,97666569,0,AAPL,-0.0009062597834862407,-0.0034678280877639134,-0.07263355918205028,61.2442,60.62344999999999,65.0167,0.7698556358182219,2.7938202382555533,60.689,60.845,65.383,-0.03380941386021041,0,0.5394028,1,False,False,-0.03380941386021041,-0.0,7.0788284946871025,4.379152984516053
2013-02-15,60.927,61.098,59.766,59.798,107675202,0,AAPL,-0.013787643896163826,-0.031219117051437872,-0.07925167449380233,60.858799999999995,60.366099999999996,64.72464,0.9338590364724335,2.605502192224436,60.634,61.725,64.945,-0.037743737248737474,0,0.53607386,1,False,False,-0.037743737248737474,-0.0,7.0788284946871025,4.213867384896455
2013-02-19,59.921,60.133,58.98,59.776,119714613,0,AAPL,-0.00036790528111307896,-0.04157514149657682,-0.07468924629649687,60.3402,60.12485,64.5279,0.5087712649132384,2.408690412368043,59.798,62.369,64.601,-0.02392264453961468,0,0.5373492,1,False,False,-0.02392264453961468,-0.0,7.0788284946871025,4.1130605333105015
2013-02-20,59.479,59.479,58.322,58.329,130823949,0,AAPL,-0.024207039614561054,-0.04070455891059799,-0.10560291952894985,59.8452,59.780499999999996,64.28041999999999,0.9539500511041471,2.1171944072042423,59.776,60.804,65.216,-0.009549280803716864,0,0.52916276,1,False,False,-0.009549280803716864,-0.0,7.0788284946871025,4.073783763315234
2013-02-21,57.958,58.37,57.544,57.966,122781947,0,AAPL,-0.006223319446587494,-0.04486809800787617,-0.12716266883498217,59.300599999999996,59.35825,64.06184,1.1154070109165595,1.4677356306846179,58.329,60.689,66.411,-0.010454404305972442,0,0.5621527,1,False,False,-0.010454404305972442,-0.0,7.0788284946871025,4.0311947807984305
2013-02-22,58.381,58.685,58.036,58.584,90807897,0,AAPL,0.010661422213021465,-0.03380941386021041,0.006528760909903175,58.890600000000006,59.377250000000004,63.86448,0.847288498683872,1.4544063674163321,57.966,60.634,58.204,-0.04509763758022678,0,0.5581415,1,False,False,-0.04509763758022678,-0.0,7.0788284946871025,3.8493974195586813
2013-02-25,58.98,59.142,57.512,57.541,102261994,0,AAPL,-0.017803495835040373,-0.037743737248737474,0.012439736777281052,58.43920000000001,59.4126,63.61634,0.8442195804422834,1.396788813484668,58.584,59.798,56.834,-0.05137206513616366,0,0.5529457,1,False,False,-0.05137206513616366,-0.0,7.0788284946871025,3.6516459245861324
2013-02-26,57.678,58.678,56.874,58.346,137689988,0,AAPL,0.013990024504266563,-0.02392264453961468,0.0038885065381968342,58.15319999999999,59.4239,63.390480000000004,0.4072771783469507,1.3866587596779876,57.541,59.776,58.12,-0.03974565522915019,0,0.5522443,1,False,False,-0.03974565522915019,-0.0,7.0788284946871025,3.5065088646486005
2013-02-27,58.274,58.795,57.262,57.772,161369210,0,AAPL,-0.00983786377815099,-0.009549280803716864,-0.024253479259559563,58.0418,59.35209999999999,63.1772,0.4230416055216054,1.4347690773310477,58.346,58.329,59.208,-0.04254656234854248,0,0.5515992,1,False,False,-0.04254656234854248,-0.0,7.0788284946871025,3.357318966613112
2013-02-28,57.705,58.201,57.36,57.36,88603115,0,AAPL,-0.00713148237900707,-0.010454404305972442,-0.02815899156246826,57.9206,59.26899999999999,63.00715999999999,0.5247654714273277,1.5014741528182172,57.772,57.966,59.022,-0.024511854951185463,0,0.5521791,1,False,False,-0.024511854951185463,-0.0,7.0788284946871025,3.2750248510786277
2013-03-01,56.919,56.944,55.878,55.942,151714021,0,AAPL,-0.02472105997210594,-0.04509763758022678,-0.0493491486252251,57.3922,59.123799999999996,62.78535999999999,0.8916614828524038,1.6749298052855313,57.36,58.584,58.846,0.0028779807657932643,1,0.52590436,1,False,False,0.0028779807657932643,0.0,7.0788284946871025,3.284450309607527
2013-03-04,55.593,55.645,54.452,54.585,159925050,0,AAPL,-0.02425726645454218,-0.05137206513616366,-0.06862661456822561,56.801,58.9227,62.4975,1.5240475714369186,1.957807664872585,55.942,57.541,58.607,0.04241091875057257,1,0.52916276,1,False,False,0.04241091875057257,0.0,7.0788284946871025,3.4237468648285847
2013-03-05,54.772,56.554,54.677,56.027,175360752,0,AAPL,0.02641751396903902,-0.03974565522915019,-0.019615734583887434,56.337199999999996,58.86665000000001,62.258019999999995,1.2676141763182314,2.0261435049457504,54.585,58.346,57.148,-0.006264836596640899,0,0.5278671,1,False,False,-0.006264836596640899,-0.0,7.0788284946871025,3.402297650172172
2013-03-06,56.465,56.563,55.157,55.314,126449262,0,AAPL,-0.012726007103717851,-0.04254656234854248,-0.06486788050920533,55.845600000000005,58.674800000000005,62.01616,1.0255872951646465,2.1740603681160313,56.027,57.772,59.151,0.006363669233828695,1,0.532821,1,False,False,0.006363669233828695,0.0,7.0788284946871025,3.4239487470529
2013-03-07,55.167,56.141,54.718,55.954,128660807,0,AAPL,0.011570307697870374,-0.024511854951185463,-0.05307158571670334,55.5644,58.517999999999994,61.793279999999996,0.6185251005442254,2.254152519007902,55.314,57.36,59.09,0.004503699467419686,1,0.5340975,1,False,False,0.004503699467419686,0.0,7.0788284946871025,3.4393691832014746
2013-03-08,55.854,56.585,55.699,56.103,107598393,0,AAPL,0.0026629016692283347,0.0028779807657932643,-0.07793573835154899,55.5966,58.28090000000001,61.57126,0.6466485134934057,2.245883202193974,55.954,55.942,60.845,0.027699053526549333,1,0.5373492,1,False,False,0.027699053526549333,0.0,7.0788284946871025,3.5346364543045365
2013-03-11,55.842,57.049,55.248,56.9,130331904,0,AAPL,0.014206013938648399,0.04241091875057257,-0.07816929931146221,56.0596,58.039649999999995,61.3837,0.5648648510954168,2.1115829002762805,56.103,54.585,61.725,0.04079086115992969,1,0.5375519,1,False,False,0.04079086115992969,0.0,7.0788284946871025,3.6788173191628992
2013-03-12,56.609,57.031,55.564,55.676,128044372,0,AAPL,-0.021511423550087838,-0.006264836596640899,-0.10731292789687186,55.9894,57.705000000000005,61.16628,0.5911292582871156,1.910092612800767,56.9,56.027,62.369,0.06078022846468856,1,0.53129816,1,False,False,0.06078022846468856,0.0,7.0788284946871025,3.902416676301473
2013-03-13,55.679,56.464,55.276,55.666,111528781,0,AAPL,-0.0001796106042101231,0.006363669233828695,-0.08450101966975865,56.059799999999996,57.4481,60.96282,0.5053159407767064,1.8144796238220906,55.676,55.314,60.804,0.05540186110013301,1,0.5373492,1,False,False,0.05540186110013301,0.0,7.0788284946871025,4.11861782295677
2013-03-14,56.247,56.481,55.939,56.206,83512928,0,AAPL,0.009700714978622571,0.004503699467419686,-0.07386841107943776,56.1102,57.22395,60.711859999999994,0.5046921834178015,1.6636817912792081,55.666,55.954,60.689,0.04673878233640538,1,0.5601315,1,False,False,0.04673878233640538,0.0,7.0788284946871025,4.311117004910786
2013-03-15,56.909,57.727,56.823,57.657,176977045,0,AAPL,0.025815749208269567,0.027699053526549333,-0.049097865883827585,56.42099999999999,57.075100000000006,60.4463,0.855630177122628,1.4636808287408425,56.206,56.103,60.634,0.041105156355689676,1,0.5574834,1,False,False,0.041105156355689676,0.0,7.0788284946871025,4.488326143465316
2013-03-18,57.366,59.448,57.336,59.221,166598826,0,AAPL,0.02712593440518929,0.04079086115992969,-0.009649152145556839,56.8852,57.04625000000001,60.22994,1.5379826722049599,1.4119588064299395,57.657,56.9,59.798,0.01725739180358321,1,0.5578848,1,False,False,0.01725739180358321,0.0,7.0788284946871025,4.5657829462653625
2013-03-19,59.714,59.903,58.283,59.06,144771276,0,AAPL,-0.0027186302156329,0.06078022846468856,-0.01197805139186292,57.562,57.010450000000006,60.04938,1.6154613892019956,1.3466712752883088,59.221,55.676,59.776,0.014663054520826169,1,0.55933344,1,False,False,0.014663054520826169,0.0,7.0788284946871025,4.63273127053671
2013-03-20,59.442,59.472,58.423,58.75,84828139,0,AAPL,-0.0052488994243142795,0.05540186110013301,0.007217679027584856,58.1788,57.03150000000001,59.870599999999996,1.2602756444533039,1.371429239114131,59.06,55.666,58.329,0.0,0,0.5581415,1,False,False,0.0,0.0,7.0788284946871025,4.63273127053671
2013-03-21,58.507,59.516,58.49,58.833,105328271,0,AAPL,0.001412765957446771,0.04673878233640538,0.014957043784287194,58.7042,57.07484999999999,59.689840000000004,0.614204933228305,1.4155168769568915,58.75,56.206,57.966,-0.022266415107167647,0,0.5603858,1,False,False,-0.022266415107167647,-0.0,7.0788284946871025,4.529576952986983
2013-03-22,59.073,60.052,58.882,60.027,108585162,0,AAPL,0.020294732548059802,0.041105156355689676,0.02463129864809499,59.17819999999999,57.14699999999999,59.55422000000001,0.5096034733023331,1.528735562828002,58.833,57.657,58.584,-0.07141786196211708,0,0.5538113,1,False,False,-0.07141786196211708,-0.0,7.0788284946871025,4.206084251411772
2013-03-25,60.386,61.069,60.009,60.243,137724822,0,AAPL,0.0035983807286721348,0.01725739180358321,0.04695782137953808,59.382600000000004,57.2821,59.40635999999999,0.700330850385534,1.6775382307988926,60.027,59.221,57.541,-0.07288813638099045,0,0.5367032,1,False,False,-0.07288813638099045,-0.0,7.0788284946871025,3.8995106088649347
2013-03-26,60.484,60.537,59.846,59.926,80879706,0,AAPL,-0.005262022143651568,0.014663054520826169,0.027079834093168387,59.5558,57.3611,59.260439999999996,0.707650125416269,1.7651906084649682,60.243,59.06,58.346,-0.06321129392917935,0,0.535601,1,False,False,-0.06321129392917935,-0.0,7.0788284946871025,3.6530174975880203
2013-03-27,59.317,59.364,58.574,58.75,91080036,0,AAPL,-0.01962420318392688,0.0,0.01692861593851691,59.5558,57.410000000000004,59.13889999999999,0.707650125416269,1.7905371143590212,59.926,58.75,57.772,-0.05392340425531916,0,0.52954715,1,False,False,-0.05392340425531916,-0.0,7.0788284946871025,3.456034358313827
2013-03-28,58.456,58.715,57.389,57.523,121743329,0,AAPL,-0.02088510638297869,-0.022266415107167647,0.0028417015341701823,59.29380000000001,57.418150000000004,59.033739999999995,1.147790355422868,1.7906685101269548,58.75,58.833,57.36,-0.04394763833597004,0,0.5237155,1,False,False,-0.04394763833597004,-0.0,7.0788284946871025,3.3041498102579645
2013-04-01,57.459,57.663,55.584,55.74,107028495,0,AAPL,-0.03099629713332064,-0.07141786196211708,-0.003610882699939144,58.436400000000006,57.40805,58.84088,1.8497249254962396,1.7999782008920564,57.523,60.027,55.942,-0.006297093649085039,0,0.5211292,1,False,False,-0.006297093649085039,-0.0,7.0788284946871025,3.2833432694721636
2013-04-02,55.568,56.939,55.413,55.852,145557726,0,AAPL,0.0020093290276281817,-0.07288813638099045,0.023211504992213916,57.5582,57.4714,58.65902,1.8196890393697471,1.7157156677707315,55.74,60.243,54.585,-0.006517224092243756,0,0.5329532,1,False,False,-0.006517224092243756,-0.0,7.0788284946871025,3.2619449856132534
2013-04-03,56.057,56.827,55.92,56.138,99768431,0,AAPL,0.005120676072477348,-0.06321129392917935,0.001981187641672655,56.800599999999996,57.47695,58.489760000000004,1.3024760266518054,1.7109703764091757,55.852,59.926,56.027,0.008603797784032308,1,0.5313892,1,False,False,0.008603797784032308,0.0,7.0788284946871025,3.290010100652108
2013-04-04,56.368,56.529,55.262,55.582,98519648,0,AAPL,-0.009904164736898258,-0.05392340425531916,0.00484506634848314,56.166999999999994,57.49035,58.297079999999994,0.784754101615859,1.694105330566851,56.138,58.75,55.314,0.01547263502572771,1,0.53183573,1,False,False,0.01547263502572771,0.0,7.0788284946871025,3.340915226170456
2013-04-05,55.167,55.221,54.537,54.995,105265358,0,AAPL,-0.010560972976863092,-0.04394763833597004,-0.017139078528791596,55.6614,57.4424,58.06875999999999,0.4242779749210446,1.7524461220045278,55.582,57.523,55.954,0.015619601781980297,1,0.5215207,1,False,False,0.015619601781980297,0.0,7.0788284946871025,3.3930989915905934
2013-04-08,55.211,55.555,54.905,55.389,82705260,0,AAPL,0.007164287662514868,-0.006297093649085039,-0.012726592160847039,55.5912,57.4067,58.012460000000004,0.4368726359056245,1.7880782127019048,54.995,55.74,56.103,-0.014966870678293498,0,0.52716976,1,False,False,-0.014966870678293498,-0.0,7.0788284946871025,3.342314917784809
2013-04-09,55.407,55.685,54.939,55.488,84281124,0,AAPL,0.0017873585007852633,-0.006517224092243756,-0.024815465729349673,55.5184,57.3361,57.98553999999999,0.4121787233751351,1.836361216044348,55.389,55.852,56.9,-0.0017301038062282892,0,0.5235822,1,False,False,-0.0017301038062282892,-0.0,7.0788284946871025,3.336532366023936
2013-04-10,55.645,56.797,55.363,56.621,103269685,0,AAPL,0.020418829296424468,0.008603797784032308,0.016973202097851914,55.614999999999995,57.38334999999999,57.95556,0.6051301512923657,1.8032574698677883,55.488,56.138,55.676,-0.07550202221790514,0,0.5341394,1,False,False,-0.07550202221790514,-0.0,7.0788284946871025,3.0846174251936374
2013-04-11,56.364,56.918,56.035,56.442,90264574,0,AAPL,-0.0031613712226912227,0.01547263502572771,0.013940286710020455,55.787,57.42215,57.90024,0.7070449066382243,1.7724463105230028,56.621,55.582,55.666,-0.09737429573721701,0,0.535601,1,False,False,-0.09737429573721701,-0.0,7.0788284946871025,2.7842549757966593
2013-04-12,56.42,56.42,55.761,55.854,65581532,0,AAPL,-0.010417773998086521,0.015619601781980297,-0.0062626765825712916,55.9588,57.40455000000001,57.83688,0.5543687401026386,1.7868471343630221,56.442,54.995,56.206,-0.09139900454757044,0,0.5313892,1,False,False,-0.09139900454757044,-0.0,7.0788284946871025,2.529776842602225
2013-04-15,55.491,55.605,54.521,54.56,87163362,0,AAPL,-0.023167543953879655,-0.014966870678293498,-0.053714206427667,55.793000000000006,57.2497,57.75116,0.8251999757653011,1.894754451526994,55.854,55.389,57.657,-0.050403225806451624,0,0.5301001,1,False,False,-0.050403225806451624,-0.0,7.0788284946871025,2.402267929164613
2013-04-16,54.783,55.438,54.656,55.392,83893729,0,AAPL,0.015249266862170208,-0.0017301038062282892,-0.06465611860657527,55.77380000000001,57.05825,57.686859999999996,0.8351276549145412,1.8784618252575176,54.56,55.488,59.221,-0.04719093009820918,0,0.53635585,1,False,False,-0.04719093009820918,-0.0,7.0788284946871025,2.288902671242236
2013-04-17,54.616,54.661,51.735,52.346,259637011,0,AAPL,-0.05498989023685741,-0.07550202221790514,-0.11368100237047085,54.9188,56.72255,57.59082,1.5942625881589934,2.089927787093525,55.392,56.621,59.06,0.006571657815305887,1,0.5168172,1,False,False,0.006571657815305887,0.0,7.0788284946871025,2.3039445563701793
2013-04-18,52.624,52.732,50.648,50.946,183049763,0,AAPL,-0.026745119015779584,-0.09737429573721701,-0.13283404255319153,53.819599999999994,56.33235,57.426719999999996,2.096931758547202,2.3973781792226814,52.346,56.442,58.75,0.04167157382326403,1,0.5255904,1,False,False,0.04167157382326403,0.0,7.0788284946871025,2.3999535520356665
2013-04-19,50.417,51.929,50.043,50.749,167392732,0,AAPL,-0.003866839398578792,-0.09139900454757044,-0.13740587765369772,52.7986,55.92815,57.25990000000001,2.101552235849559,2.6243196065591943,50.946,55.854,58.833,0.06831661707619863,1,0.5337842,1,False,False,0.06831661707619863,0.0,7.0788284946871025,2.5639102598507497
2013-04-22,51.071,52.267,50.847,51.81,118083211,0,AAPL,0.02090681589785026,-0.050403225806451624,-0.136888400219901,52.248599999999996,55.5173,57.0792,1.8727244324791894,2.5918561546348253,50.749,54.56,60.027,0.07884578266743869,1,0.5323219,1,False,False,0.07884578266743869,0.0,7.0788284946871025,2.766063770977758
2013-04-23,52.501,53.069,51.827,52.778,181573630,0,AAPL,0.01868365180467091,-0.04719093009820918,-0.12391481167936524,51.72580000000001,55.14404999999999,56.900259999999996,0.8747983767730219,2.4063715965180843,51.81,55.392,60.243,0.0901890939406571,1,0.53643364,1,False,False,0.0901890939406571,0.0,7.0788284946871025,3.0155325562643194
2013-04-24,51.142,53.961,51.005,52.69,266505649,0,AAPL,-0.0016673614005835447,0.006571657815305887,-0.12074892367252954,51.7946,54.78225,56.70668,0.9463687442031712,2.183179619271562,52.778,52.346,59.926,0.08345037008920109,1,0.5250256,1,False,False,0.08345037008920109,0.0,7.0788284946871025,3.2671798641006116
2013-04-25,53.439,53.793,52.891,53.069,105544301,0,AAPL,0.007193015752514853,0.04167157382326403,-0.09669787234042548,52.2192,54.4982,56.55197999999999,0.9467051811438028,2.001810880178934,52.69,50.946,58.75,0.09097589930090999,1,0.5373492,1,False,False,0.09097589930090999,0.0,7.0788284946871025,3.5644144904149897
2013-04-26,53.255,54.42,53.051,54.216,210008006,0,AAPL,0.021613371271363757,0.06831661707619863,-0.057490047459277216,52.9126,54.33285000000001,56.422520000000006,0.8669929642184265,1.8711254500975552,53.069,50.749,57.523,0.07855614578722148,1,0.5202982,1,False,False,0.07855614578722148,0.0,7.0788284946871025,3.8444211547701146
2013-04-29,54.653,56.35,54.578,55.895,175893584,0,AAPL,0.03096871772170573,0.07884578266743869,0.002780767850735666,53.729600000000005,54.34060000000001,56.327740000000006,1.3553823445817574,1.8775703617070314,54.216,51.81,55.74,0.07111548439037474,1,0.528314,1,False,False,0.07111548439037474,0.0,7.0788284946871025,4.117819027392195
2013-04-30,56.543,57.862,56.147,57.538,189945171,0,AAPL,0.0293944002146882,0.0901890939406571,0.030186922581107112,54.6816,54.4249,56.28254000000001,2.0257772088765265,1.9838432371224424,55.895,52.778,55.852,0.03590670513399852,1,0.5314905,1,False,False,0.03590670513399852,0.0,7.0788284946871025,4.265676341003935
2013-05-01,57.756,57.82,56.451,57.087,139335780,0,AAPL,-0.007838298168167057,0.08345037008920109,0.016904770387260015,55.561,54.472350000000006,56.22876,1.895247345336022,2.0375950807657186,57.538,52.69,56.138,0.05587962233082844,1,0.5329532,1,False,False,0.05587962233082844,0.0,7.0788284946871025,4.504040723924786
2013-05-02,57.411,58.295,57.259,57.897,115954547,0,AAPL,0.014188869620053612,0.09097589930090999,0.04165017451692998,56.526599999999995,54.5881,56.22012000000001,1.4960585884258968,2.1656775261730834,57.087,53.069,55.582,0.03202238457951179,1,0.53690594,1,False,False,0.03202238457951179,0.0,7.0788284946871025,4.648270848148088
2013-05-03,58.647,58.897,58.368,58.475,99336255,0,AAPL,0.009983246109470212,0.07855614578722148,0.06327847986180579,57.3784,54.7621,56.2303,0.9724118469057158,2.3333951748702977,57.897,54.216,54.995,0.013339033775117581,1,0.5393481,1,False,False,0.013339033775117581,0.0,7.0788284946871025,4.71027428998743
2013-05-06,59.22,60.064,59.039,59.87,136422129,0,AAPL,0.023856348867037136,0.07111548439037474,0.0809005398183753,58.1734,54.986149999999995,56.25602,1.0758495712702167,2.596998252538284,58.475,55.895,55.389,-0.0063804910639718715,0,0.535242,1,False,False,-0.0063804910639718715,-0.0,7.0788284946871025,4.680220426971308
2013-05-07,60.425,60.527,58.958,59.604,132861539,0,AAPL,-0.004442959746116526,0.03590670513399852,0.07417820069204151,58.5866,55.191950000000006,56.29728,1.1639395602874598,2.794441954930598,59.87,57.538,55.488,-0.025837192134755993,0,0.5367032,1,False,False,-0.025837192134755993,-0.0,7.0788284946871025,4.559296672566641
2013-05-08,59.653,60.476,59.234,60.277,129824587,0,AAPL,0.011291188510838213,0.05587962233082844,0.06456968262658735,59.224599999999995,55.37474999999999,56.335899999999995,0.9990562046261205,3.0045267930245907,59.604,57.087,56.621,-0.06932992683776573,0,0.5367032,1,False,False,-0.06932992683776573,-0.0,7.0788284946871025,4.243200967825928
2013-05-09,60.149,60.565,59.596,59.751,108809587,0,AAPL,-0.008726379879556156,0.03202238457951179,0.05862655469331335,59.5954,55.540200000000006,56.375479999999996,0.6744562995493636,3.153790628167697,60.277,57.897,56.442,-0.048568224799585,0,0.5367032,1,False,False,-0.048568224799585,-0.0,7.0788284946871025,4.037116229350741
2013-05-10,59.908,60.136,58.929,59.255,91374242,0,AAPL,-0.008301116299308742,0.013339033775117581,0.060890894116804484,59.751400000000004,55.710249999999995,56.413380000000004,0.3736513080423634,3.261453016113887,59.751,58.475,55.854,-0.04355750569572192,0,0.5329007,1,False,False,-0.04355750569572192,-0.0,7.0788284946871025,3.8612695161965047
2013-05-13,59.062,59.9,59.06,59.488,86536358,0,AAPL,0.003932157623829147,-0.0063804910639718715,0.0903225806451613,59.675,55.95665,56.484300000000005,0.3822924273403731,3.3547962566580334,59.255,59.87,54.56,-0.026022054868208744,0,0.5329007,1,False,False,-0.026022054868208744,-0.0,7.0788284946871025,3.7607913489850975
2013-05-14,59.371,59.545,57.838,58.064,122016276,0,AAPL,-0.023937600860677755,-0.025837192134755993,0.04823801270941641,59.367000000000004,56.09024999999999,56.55388000000001,0.8216675118330388,3.3842018086369303,59.488,59.604,55.392,-0.009506751171121541,0,0.5306511,1,False,False,-0.009506751171121541,-0.0,7.0788284946871025,3.7250384414237896
2013-05-15,57.449,57.69,55.249,56.098,202406194,0,AAPL,-0.033859189859465455,-0.06932992683776573,0.07167691896228945,58.5312,56.27785,56.55530000000001,1.505490185953458,3.267707973086168,58.064,60.277,52.346,0.029145424079289883,1,0.5170499,1,False,False,0.029145424079289883,0.0,7.0788284946871025,3.833606266510743
2013-05-16,55.367,57.276,54.796,56.849,164727339,0,AAPL,0.01338728653427923,-0.048568224799585,0.11586778157264543,57.9508,56.573,56.58599999999999,1.4767842428744868,3.0178042732393013,56.098,59.751,50.946,0.017379373427852896,1,0.53465116,1,False,False,0.017379373427852896,0.0,7.0788284946871025,3.90023194139179
2013-05-17,57.435,57.568,56.382,56.674,116841489,0,AAPL,-0.0030783303136378004,-0.04355750569572192,0.11675106898658094,57.4346,56.86925,56.6004,1.3528243788469136,2.6888821170657664,56.849,59.255,50.749,0.027508204820552606,1,0.5367032,1,True,True,0.027508204820552606,0.027508204820552606,7.27355435880852,4.007520320483257
2013-05-20,56.497,58.316,56.261,57.94,123157148,0,AAPL,0.022338285633623833,-0.026022054868208744,0.11831692723412468,57.125,57.17575000000001,56.63714,0.8485652597193921,2.4175161649712043,56.674,59.488,51.81,-0.003400069036934683,0,0.535242,1,False,False,-0.003400069036934683,-0.0,7.27355435880852,3.9938944747266953
2013-05-21,57.315,58.274,56.799,57.512,124551615,0,AAPL,-0.007386952019330262,-0.009506751171121541,0.08969646443593926,57.014599999999994,57.41245,56.64938,0.7223848005064022,2.184823550023925,57.94,58.064,52.778,0.01203227152594244,1,0.5367032,1,False,False,0.01203227152594244,0.0,7.27355435880852,4.041950097492569
2013-05-22,58.088,58.649,57.324,57.733,120995087,0,AAPL,0.003842676311030635,0.029145424079289883,0.09571076105522858,57.34159999999999,57.66459999999999,56.69052,0.554224052168947,1.8810026833418136,57.512,56.098,52.69,0.023192974555280355,1,0.5367032,1,False,False,0.023192974555280355,0.0,7.27355435880852,4.135694943257427
2013-05-23,57.026,58.365,57.007,57.837,96414361,0,AAPL,0.0018013960819636132,0.017379373427852896,0.08984529574704636,57.539199999999994,57.903,56.73393999999999,0.5089682701333201,1.5389460166319953,57.733,56.849,53.069,0.017168940297733304,1,0.5575442,1,False,False,0.017168940297733304,0.0,7.27355435880852,4.206700442827851
2013-05-24,57.672,58.298,57.603,58.233,75413013,0,AAPL,0.006846828154987161,0.027508204820552606,0.07409251881363432,57.851,58.10385,56.774480000000004,0.2659351424735044,1.2712790606323188,57.837,56.674,54.216,0.01248433019078532,1,0.5542834,1,False,False,0.01248433019078532,0.0,7.27355435880852,4.259218280169837
2013-05-28,58.85,59.012,57.672,57.743,105341929,0,AAPL,-0.00841447289337649,-0.003400069036934683,0.033061991233563015,57.8116,58.19625,56.776199999999996,0.26403939100523527,1.1650005138928474,58.233,57.94,55.895,0.017906932442027568,1,0.55318874,1,False,False,0.017906932442027568,0.0,7.27355435880852,4.335487814168688
2013-05-29,57.557,58.54,57.478,58.204,90271911,0,AAPL,0.007983651698041383,0.01203227152594244,0.011574959157426568,57.95,58.229549999999996,56.755860000000006,0.24865236777954208,1.1546675746278274,57.743,57.512,57.538,0.0003951618445467986,1,0.5509371,1,False,False,0.0003951618445467986,0.0,7.27355435880852,4.337201033530345
2013-05-30,58.297,59.455,58.147,59.072,96536505,0,AAPL,0.014913064394199704,0.023192974555280355,0.03477148913062522,58.2178,58.3288,56.7561,0.5245290268443591,1.1364574968327767,58.204,57.733,57.087,-0.0290662242686891,0,0.57273453,1,False,False,-0.0290662242686891,-0.0,7.27355435880852,4.211134975591362
2013-05-31,59.193,59.794,58.801,58.83,104896197,0,AAPL,-0.004096695557963215,0.017168940297733304,0.016114824602311062,58.416399999999996,58.37545,56.75770000000001,0.5322342529396509,1.1369488936817937,59.072,57.837,57.897,-0.017610062893081757,0,0.5702712,1,True,True,-0.017610062893081757,-0.017610062893081757,7.145466609093653,4.136976623819941
2013-06-03,58.961,59.174,57.885,58.96,101611562,0,AAPL,0.0022097569267380823,0.01248433019078532,0.008294142796066772,58.56179999999999,58.39970000000001,56.76024,0.5677263425297289,1.144332262202694,58.83,58.233,58.475,-0.02623812754409771,0,0.5680384,1,True,True,-0.02623812754409771,-0.02623812754409771,6.957982944842162,4.028430103517203
2013-06-04,59.286,59.445,58.525,58.777,81219730,0,AAPL,-0.003103799185888767,0.017906932442027568,-0.018256221813930162,58.768600000000006,58.34505,56.735240000000005,0.3358940309117132,1.0954756465149822,58.96,57.743,59.87,-0.026149684400360695,0,0.56139153,1,True,True,-0.026149684400360695,-0.026149684400360695,6.776033886771447,3.923087927681316
2013-06-05,58.297,58.96,58.042,58.227,79253126,0,AAPL,-0.009357401704748525,0.0003951618445467986,-0.023102476343869527,58.773199999999996,58.276199999999996,56.69492,0.32624791187395835,1.0546998874721405,58.777,58.204,59.604,-0.02904150995242749,0,0.56139153,1,True,True,-0.02904150995242749,-0.02904150995242749,6.579247631210788,3.809155530585311
2013-06-06,58.273,58.473,56.779,57.355,113844438,0,AAPL,-0.014975870300719563,-0.0290662242686891,-0.048476201536241104,58.4298,58.130100000000006,56.6435,0.6629748864038697,0.9611930579956516,58.227,59.072,60.277,-0.005718769069828156,0,0.57172185,1,True,True,-0.005718769069828156,-0.005718769069828156,6.5416224333546795,3.7873718497548348
2013-06-07,57.099,57.98,56.612,57.794,110478249,0,AAPL,0.007654084212361578,-0.017610062893081757,-0.03275258991481311,58.2226,58.03225,56.62438,0.6684992894553352,0.8840130908188228,57.355,58.83,59.751,-0.02664636467453363,0,0.5717509,1,True,True,-0.02664636467453363,-0.02664636467453363,6.367311976432401,3.6864521582882044
2013-06-10,58.175,58.747,57.139,57.413,122922550,0,AAPL,-0.006592379831816486,-0.02623812754409771,-0.031085984305121994,57.913199999999996,57.94015,56.62218,0.5959481521092085,0.8450103876671449,57.794,58.96,59.255,-0.01572814519359722,0,0.56941557,1,False,False,-0.01572814519359722,-0.0,6.367311976432401,3.6284711034933976
2013-06-11,57.001,57.919,56.683,57.24,78124569,0,AAPL,-0.0030132548377543866,-0.026149684400360695,-0.03778913394298,57.6058,57.827749999999995,56.65218000000001,0.4047192854343231,0.7748855178616461,57.413,58.777,59.488,-0.01327742837176804,0,0.55969805,1,False,False,-0.01327742837176804,-0.0,6.367311976432401,3.5802943383177337
2013-06-12,57.492,57.72,56.447,56.536,72410954,0,AAPL,-0.012299091544374585,-0.02904150995242749,-0.02631578947368418,57.267599999999995,57.75135,56.665859999999995,0.45876933202053555,0.8241285205738857,57.24,58.227,58.064,-0.0212607895853969,0,0.5667783,1,False,False,-0.0212607895853969,-0.0,6.367311976432401,3.5041744537369723
2013-06-13,56.576,57.184,56.086,57.027,78073763,0,AAPL,0.008684731852271144,-0.005718769069828156,0.016560305180220336,57.202,57.797799999999995,56.68364,0.4665324211698337,0.7487720895623078,56.536,57.355,56.098,-0.04382134778262936,0,0.5690334,1,False,False,-0.04382134778262936,-0.0,6.367311976432401,3.3506168063087594
2013-06-14,56.956,57.073,56.053,56.254,74231979,0,AAPL,-0.013554982727480014,-0.02664636467453363,-0.010466323066368743,56.89399999999999,57.768049999999995,56.69708,0.485934666393206,0.7986148847928972,57.027,57.794,56.849,-0.0384150460411703,0,0.56614274,1,False,False,-0.0384150460411703,-0.0,6.367311976432401,3.2219027074280895
2013-06-17,56.439,56.995,56.297,56.51,70826350,0,AAPL,0.00455078749955562,-0.01572814519359722,-0.0028937431626495647,56.7134,57.75985000000001,56.727380000000004,0.40606132542108475,0.8111826502752082,56.254,57.413,56.674,-0.06820031852769415,0,0.55969805,1,False,False,-0.06820031852769415,-0.0,6.367311976432401,3.0021679165162536
2013-06-18,56.453,56.888,56.276,56.48,53253269,0,AAPL,-0.0005308794903556846,-0.01327742837176804,-0.025198481187435284,56.561400000000006,57.68684999999999,56.7492,0.2833686644686931,0.8584352518281191,56.51,57.24,57.94,-0.06749291784702549,0,0.55796325,1,False,False,-0.06749291784702549,-0.0,6.367311976432401,2.7995428439638466
2013-06-19,56.433,56.465,55.334,55.334,84900606,0,AAPL,-0.020290368271954518,-0.0212607895853969,-0.03787035749061063,56.321000000000005,57.57795,56.74612,0.6200999919390711,1.0070660081340828,56.48,56.536,57.512,-0.058987241117576916,0,0.56376874,1,False,False,-0.058987241117576916,-0.0,6.367311976432401,2.6344055352079643
2013-06-20,54.851,55.726,54.31,54.528,97571131,0,AAPL,-0.014566089565186013,-0.04382134778262936,-0.05551417733358732,55.8212,57.4177,56.704260000000005,0.866820165895426,1.2146909981781093,55.334,57.027,57.733,-0.05532937206572763,0,0.5584676,1,False,False,-0.05532937206572763,-0.0,6.367311976432401,2.4886455311784306
2013-06-21,54.743,54.941,53.384,54.093,131373254,0,AAPL,-0.007977552816901268,-0.0384150460411703,-0.06473364801078896,55.388999999999996,57.230500000000006,56.65728,1.1035039646521847,1.4181335212922839,54.528,56.254,57.837,-0.03547593958552875,0,0.5640463,1,False,False,-0.03547593958552875,-0.0,6.367311976432401,2.4003584926645485
2013-06-24,53.292,53.458,52.068,52.656,131201439,0,AAPL,-0.02656535965836626,-0.06820031852769415,-0.09577043944155372,54.6182,56.951649999999994,56.59331999999999,1.4241549073058386,1.7256097099445753,54.093,56.51,58.233,0.016636280765724765,1,0.52916276,1,False,False,0.016636280765724765,0.0,6.367311976432401,2.440291530486908
2013-06-25,53.07,53.345,52.173,52.668,85798615,0,AAPL,0.00022789425706482014,-0.06749291784702549,-0.08788944114438113,53.8558,56.69789999999999,56.555479999999996,1.1772405021929526,1.9602965645674735,52.656,56.48,57.743,0.039397736766157765,1,0.5394028,1,False,False,0.039397736766157765,0.0,6.367311976432401,2.5364334938377153
2013-06-26,52.837,52.952,51.758,52.07,100421751,0,AAPL,-0.011354142933090228,-0.058987241117576916,-0.10538794584564637,53.202999999999996,56.391200000000005,56.48904,1.050814921860024,2.1798154581480973,52.668,55.334,58.204,0.05715383138083352,1,0.5394028,1,False,False,0.05715383138083352,0.0,6.367311976432401,2.6814003860532147
2013-06-27,52.225,52.507,51.478,51.511,92086911,0,AAPL,-0.010735548300364828,-0.05532937206572763,-0.1279963434452871,52.599599999999995,56.013149999999996,56.47234,0.962240770287692,2.3401702653984686,52.07,54.528,59.072,0.060026013861117056,1,0.5394028,1,False,False,0.060026013861117056,0.0,6.367311976432401,2.8423541627936495
2013-06-28,51.492,52.665,51.167,52.174,157038434,0,AAPL,0.012871037254178708,-0.03547593958552875,-0.11313955464898862,52.2158,55.68035,56.496900000000004,0.4790638788344952,2.3912213632153123,51.511,54.093,58.83,0.04065243224594628,1,0.5373492,1,False,False,0.04065243224594628,0.0,6.367311976432401,2.9579027728156015
2013-07-01,52.677,53.93,52.485,53.532,106782954,0,AAPL,0.026028289952850114,0.016636280765724765,-0.09206241519674363,52.391,55.40894999999999,56.55255999999999,0.7588049815360359,2.305907709729962,52.174,52.656,58.96,0.03205559291638638,1,0.5358883,1,False,False,0.03205559291638638,0.0,6.367311976432401,3.052720099987229
2013-07-02,53.627,55.157,53.566,54.743,128310205,0,AAPL,0.022621983112904642,0.039397736766157765,-0.06863228813991862,52.806,55.20725,56.61122,1.3131250892446609,2.168106956844709,53.532,52.668,58.777,0.005370549659317048,1,0.5358883,1,False,False,0.005370549659317048,0.0,6.367311976432401,3.069114884880206
2013-07-03,55.052,55.332,54.607,55.046,65778191,0,AAPL,0.00553495424072481,0.05715383138083352,-0.05463101310388652,53.401199999999996,55.048199999999994,56.656580000000005,1.5493368581440397,2.048288646394846,54.743,52.07,58.227,0.015423464011917298,1,0.5361531,1,False,False,0.015423464011917298,0.0,6.367311976432401,3.1164512678555956
2013-07-05,54.992,55.373,54.33,54.603,74822054,0,AAPL,-0.008047814555099286,0.060026013861117056,-0.04798186731758336,54.019600000000004,54.9106,56.694840000000006,1.1791048723516873,1.9763395563789,55.046,51.511,57.355,0.021775360328187165,1,0.5361531,1,False,False,0.021775360328187165,0.0,6.367311976432401,3.184313117158387
2013-07-08,54.954,55.071,53.719,54.295,81408010,0,AAPL,-0.005640715711590971,0.04065243224594628,-0.060542616880644995,54.443799999999996,54.73565,56.71936000000001,0.576851540696025,1.859049849987771,54.603,52.174,57.794,0.029837001565521604,1,0.5361531,1,False,False,0.029837001565521604,0.0,6.367311976432401,3.2793234726201526
2013-07-09,54.104,55.4,53.683,55.248,96272163,0,AAPL,0.017552260797495167,0.03205559291638638,-0.03770922961698564,54.787,54.6274,56.74,0.37331555017610235,1.75507083078016,54.295,53.532,57.413,0.018588908195771747,1,0.5244548,1,False,False,0.018588908195771747,0.0,6.367311976432401,3.340282515596928
2013-07-10,54.889,55.569,54.712,55.037,76762108,0,AAPL,-0.003819142774399098,0.005370549659317048,-0.03848707197763812,54.84580000000001,54.51724999999999,56.72284,0.3875354177404572,1.6483585415745243,55.248,54.743,57.24,0.022766502534658395,1,0.5457599,1,False,False,0.022766502534658395,0.0,6.367311976432401,3.4163290659547405
2013-07-11,55.326,56.018,55.094,55.895,89091585,0,AAPL,0.015589512509766257,0.015423464011917298,-0.01133790858921746,55.01559999999999,54.4852,56.68998,0.6158967445954153,1.6128910166473425,55.037,55.046,56.536,0.01043027104392169,1,0.5517094,1,False,False,0.01043027104392169,0.0,6.367311976432401,3.451962304087876
2013-07-12,55.943,56.223,55.389,55.792,76341543,0,AAPL,-0.0018427408533858713,0.021775360328187165,-0.021656408367966007,55.2534,54.42345,56.66407999999999,0.6455867873517652,1.5320720223219624,55.895,54.603,57.027,-0.003674361915686819,0,0.5521791,1,False,False,-0.003674361915686819,-0.0,6.367311976432401,3.439278545263349
2013-07-15,55.595,56.442,55.569,55.915,66057635,0,AAPL,0.0022046171494121136,0.029837001565521604,-0.006026238134177131,55.5774,54.40650000000001,56.62443999999999,0.40664271787786205,1.5125042148710737,55.792,54.295,56.254,-0.0026647590092103712,0,0.54442155,1,False,False,-0.0026647590092103712,-0.0,6.367311976432401,3.4301136967746744
2013-07-16,55.793,56.341,55.488,56.275,59047139,0,AAPL,0.006438343914870748,0.018588908195771747,-0.0041585560077862516,55.782799999999995,54.39475,56.580439999999996,0.455145251543991,1.4961271010961414,55.915,55.248,56.51,-0.026050644158151948,0,0.5521791,1,False,False,-0.026050644158151948,-0.0,6.367311976432401,3.3407570254379944
2013-07-17,56.211,56.54,56.015,56.29,54331236,0,AAPL,0.0002665482007997433,0.022766502534658395,-0.0033640226628894876,56.03340000000001,54.385250000000006,56.50884,0.2321966838759277,1.482732714495214,56.275,55.037,56.48,0.023698703144430677,1,0.54267585,1,False,False,0.023698703144430677,0.0,6.367311976432401,3.4199286344615207
2013-07-18,56.691,56.884,56.329,56.478,59767782,0,AAPL,0.003339847219754777,0.01043027104392169,0.020674449705425202,56.15,54.442449999999994,56.44631999999999,0.28556873078638556,1.5421357191630531,56.29,55.895,55.334,0.015616700308084486,1,0.5454117,1,False,False,0.015616700308084486,0.0,6.367311976432401,3.4733366350209427
2013-07-19,56.654,56.77,55.511,55.587,73376842,0,AAPL,-0.015776054392860894,-0.003674361915686819,0.019421214788732488,56.109,54.495400000000004,56.352520000000005,0.355878490503371,1.563263637395417,56.478,55.792,54.528,0.03783258675589596,1,0.53937566,1,False,False,0.03783258675589596,0.0,6.367311976432401,3.604741944597804
2013-07-22,56.18,56.217,55.658,55.766,56758813,0,AAPL,0.0032201773796030064,-0.0026647590092103712,0.030928216220213134,56.0792,54.579049999999995,56.27282,0.3815005897806267,1.5852050000261795,55.587,55.915,54.093,0.050407058064053434,1,0.54740775,1,False,False,0.050407058064053434,0.0,6.367311976432401,3.7864463811050744
2013-07-23,55.729,55.852,54.772,54.809,100344971,0,AAPL,-0.01716099415414407,-0.026050644158151948,0.04088802795502877,55.786,54.686699999999995,56.183899999999994,0.6571548523773124,1.5194806626651245,55.766,56.275,52.656,0.08193909759346085,1,0.5515368,1,False,False,0.08193909759346085,0.0,6.367311976432401,4.09670438065885
2013-07-24,57.418,58.157,56.939,57.624,161614519,0,AAPL,0.05136017807294424,0.023698703144430677,0.09409888357256779,56.052800000000005,54.9345,56.146620000000006,1.0601564507198808,1.5760058275348268,54.809,56.29,52.668,0.027262945994724452,1,0.5575329,1,False,False,0.027262945994724452,0.0,6.367311976432401,4.208392610945103
2013-07-25,57.652,57.74,57.01,57.36,62696972,0,AAPL,-0.004581424406497336,0.015616700308084486,0.10159400806606489,56.229200000000006,55.199,56.13254,1.2112100148210978,1.5125888925604911,57.624,56.478,52.07,0.0414748953974895,1,0.5575442,1,False,False,0.0414748953974895,0.0,6.367311976432401,4.382935254275619
2013-07-26,56.944,57.693,56.818,57.69,54660341,0,AAPL,0.005753138075313746,0.03783258675589596,0.1199549610762749,56.649800000000006,55.507949999999994,56.164379999999994,1.2947116281252768,1.340960240198066,57.36,55.587,51.511,0.048812619171433536,1,0.56158364,1,False,False,0.048812619171433536,0.0,6.367311976432401,4.596877803695625
2013-07-29,57.665,58.863,57.584,58.577,67772196,0,AAPL,0.015375281677933783,0.050407058064053434,0.12272396212672976,57.212,55.82809999999999,56.19894,1.4193102197908114,1.2653112327771354,57.69,55.766,52.174,0.048363692234153266,1,0.5621944,1,False,False,0.048363692234153266,0.0,6.367311976432401,4.819199787031571
2013-07-30,58.859,59.801,58.766,59.3,84455163,0,AAPL,0.012342728374618028,0.08193909759346085,0.10774863632967202,58.1102,56.11650000000001,56.25146000000001,0.8076640390672156,1.3676287777341747,58.577,54.809,53.532,0.026306913996627435,1,0.5626618,1,False,False,0.026306913996627435,0.0,6.367311976432401,4.945978061361576
2013-07-31,59.517,59.828,58.792,59.195,88104757,0,AAPL,-0.0017706576728498957,0.027262945994724452,0.08132546626966008,58.42439999999999,56.339099999999995,56.276559999999996,0.8740819755619471,1.4892139537361373,59.3,57.624,54.743,0.027519216150012626,1,0.5575442,1,True,True,0.027519216150012626,0.027519216150012626,6.542535411006408,5.082087500705406
2013-08-01,59.601,59.754,59.291,59.739,56271954,0,AAPL,0.009189965368696651,0.0414748953974895,0.08525596773607513,58.9002,56.573750000000004,56.321099999999994,0.7936269274678959,1.6371253006420647,59.195,57.36,55.046,0.016170340983277187,1,0.5575442,1,True,True,0.016170340983277187,0.016170340983277187,6.648330439497546,5.164266588498663
2013-08-02,59.913,60.545,59.737,60.506,74882462,0,AAPL,0.012839183782788588,0.048812619171433536,0.10810761313480932,59.4634,56.8689,56.37656,0.7154392357160474,1.7882639302443133,59.739,57.69,54.603,-0.01099064555581264,0,0.5393481,1,True,True,-0.01099064555581264,-0.01099064555581264,6.575260996099109,5.1075079648687485
2013-08-05,60.787,61.568,60.457,61.41,87002474,0,AAPL,0.01494066704128505,0.048363692234153266,0.13104337415968303,60.029999999999994,57.22465,56.44802000000001,0.9281408837034314,1.9497008751687575,60.506,58.577,54.295,0.002084351082885627,1,0.5395507,1,True,True,0.002084351082885627,0.002084351082885627,6.588966148476584,5.11815380462617
2013-08-06,61.224,61.73,60.46,60.86,91429189,0,AAPL,-0.008956196059273669,0.026306913996627435,0.101578337677382,60.342,57.50524999999999,56.50055999999999,0.8824769118802421,2.051433821425003,61.41,59.3,55.248,0.05921787709497206,1,0.5393481,1,True,True,0.05921787709497206,0.05921787709497206,6.979150736040002,5.421240007581686
2013-08-07,60.671,61.089,60.404,60.824,81575272,0,AAPL,-0.0005915215248110117,0.027519216150012626,0.10514744626342276,60.6678,57.7946,56.56218,0.6125864836915559,2.0926765636385674,60.86,59.195,55.037,0.07919571221886113,1,0.5393481,1,True,True,0.07919571221886113,0.07919571221886113,7.531869549263479,5.850578971091501
2013-08-08,61.077,61.109,60.301,60.705,69398648,0,AAPL,-0.0019564645534657643,0.016170340983277187,0.08605420878432768,60.861000000000004,58.0351,56.612199999999994,0.33657540017286125,2.1387619611162583,60.824,59.739,55.895,0.07999341075693955,1,0.5308955,1,True,True,0.07999341075693955,0.07999341075693955,8.134369483885397,6.318586737891937
2013-08-09,60.389,60.631,59.735,59.841,72550376,0,AAPL,-0.014232765011119253,-0.01099064555581264,0.07257312876398059,60.727999999999994,58.23755,56.627579999999995,0.5654781162888307,2.1066537315702534,60.705,60.506,55.792,0.10531241122307455,1,0.5345591,1,True,True,0.10531241122307455,0.10531241122307455,8.991019548012765,6.984012342781478
2013-08-12,60.159,61.711,60.127,61.538,98783625,0,AAPL,0.028358483314115723,0.002084351082885627,0.1005633550925511,60.75359999999999,58.5187,56.68174,0.6055495850890797,2.1550385782361707,59.841,61.41,55.915,0.08643439825798693,1,0.5378881,1,True,True,0.08643439825798693,0.08643439825798693,9.768152912371047,7.587671247056148
2013-08-13,62.011,65.134,61.631,64.464,238766895,0,AAPL,0.04754785660892469,0.05921787709497206,0.14551754775655268,61.4744,58.928149999999995,56.79182,1.7765658726884632,2.4623378979510675,61.538,60.86,56.275,0.023532514271531246,1,0.5229121,1,True,True,0.023532514271531246,0.023532514271531246,9.998022110187918,7.7662282289651845
2013-08-14,65.557,66.398,64.969,65.641,205035729,0,AAPL,0.01825825266815606,0.07919571221886113,0.16612186889323155,62.437799999999996,59.3957,56.9291,2.496076060540026,2.7997134270646304,64.464,60.824,56.29,0.0077085967611705275,1,0.52478427,1,True,True,0.0077085967611705275,0.0077085967611705275,10.075092831044625,7.826094950737497
2013-08-15,65.366,66.153,64.401,65.561,132937506,0,AAPL,-0.0012187504760743373,0.07999341075693955,0.16082368355819976,63.409000000000006,59.84985,57.075779999999995,2.5960170453987197,3.028830037715897,65.641,60.705,56.478,0.01020423727520936,1,0.5367032,1,True,True,0.01020423727520936,0.01020423727520936,10.177901468862364,7.90595428055314
2013-08-16,65.856,66.229,65.687,66.143,98193588,0,AAPL,0.008877228840316498,0.10531241122307455,0.18990051630776983,64.6694,60.377649999999996,57.25154,1.8546097433153617,3.163632210891621,65.561,59.841,55.587,-0.0025550700754425337,0,0.5393481,1,True,True,-0.0025550700754425337,-0.0025550700754425337,10.151896217388472,7.885754013353082
2013-08-19,66.411,67.648,66.364,66.857,138397683,0,AAPL,0.010794793099798916,0.08643439825798693,0.1988846250403471,65.7332,60.9322,57.4328,0.8774800282626911,3.2825451710526985,66.143,61.538,55.766,-0.009378225167147702,0,0.5367032,1,True,True,-0.009378225167147702,-0.009378225167147702,10.056689448788289,7.8117996366031175
2013-08-20,67.118,67.23,65.946,65.981,97177688,0,AAPL,-0.013102592099555888,0.023532514271531246,0.2038351365651625,66.03659999999999,61.4908,57.60416,0.5172434629841041,3.1328738883014804,66.857,64.464,54.809,-0.024976887285733662,0,0.5380736,1,True,True,-0.024976887285733662,-0.024976887285733662,9.805504649958277,7.616685197580947
2013-08-21,66.311,66.782,65.999,66.147,91012161,0,AAPL,0.0025158757824224054,0.0077085967611705275,0.14790712203248657,66.1378,61.91695,57.78229999999999,0.4676122325172384,3.158772720952349,65.981,65.641,57.624,-0.02275235460413938,0,0.5393481,1,True,True,-0.02275235460413938,-0.02275235460413938,9.582406331089889,7.443387675057486
2013-08-22,66.492,66.576,65.6,66.23,66170157,0,AAPL,0.0012547810180356667,0.01020423727520936,0.15463737796373778,66.2716,62.36044999999999,57.97618000000001,0.339461043419884,3.1075613975390235,66.147,65.561,57.36,-0.0224369621017666,0,0.5308955,1,True,True,-0.0224369621017666,-0.0224369621017666,9.367406243395497,7.276380667883465
2013-08-23,66.271,66.278,65.755,65.974,60347161,0,AAPL,-0.0038653178317983317,-0.0025550700754425337,0.14359507713641895,66.23780000000001,62.77465000000001,58.155120000000004,0.3630601878473128,3.002588589779588,66.23,66.143,57.69,-0.021902567678176332,0,0.5308955,1,True,True,-0.021902567678176332,-0.021902567678176332,9.162235994180556,7.117009247852973
2013-08-26,65.936,67.179,65.903,66.23,89722850,0,AAPL,0.003880316488313662,-0.009378225167147702,0.1306485480649402,66.11240000000001,63.157300000000006,58.35464000000001,0.1277470156197978,2.9261613456973663,65.974,66.857,58.577,-0.028657707987317038,0,0.5308955,1,True,True,-0.028657707987317038,-0.028657707987317038,8.899667310548443,6.913052075084968
2013-08-27,65.574,66.168,64.036,64.333,114980660,0,AAPL,-0.02864260908953653,-0.024976887285733662,0.08487352445193941,65.7828,63.40894999999999,58.5111,0.8171742164311504,2.7902361430909837,66.23,65.981,59.3,0.020704770491039026,1,0.5285154,1,True,True,0.020704770491039026,0.020704770491039026,9.083932879659951,7.056185231692203
2013-08-28,63.993,65.285,63.993,64.642,83358341,0,AAPL,0.004803133694993189,-0.02275235460413938,0.09201790691781397,65.48179999999999,63.6813,58.67434,0.9201729185321408,2.617778127786318,64.333,66.147,59.195,0.00887967575260662,1,0.5393481,1,True,True,0.00887967575260662,0.00887967575260662,9.164595258189774,7.1188418685999615
2013-08-29,64.737,65.376,64.669,64.744,64955661,0,AAPL,0.00157792147520186,-0.0224369621017666,0.08378111451480619,65.1846,63.931549999999994,58.862539999999996,0.8558298896393167,2.4552584272816227,64.642,66.23,59.739,0.013267638700111162,1,0.5393481,1,True,True,0.013267638700111162,0.013267638700111162,9.286187796908187,7.21329209047577
2013-08-30,65.162,65.289,64.435,64.529,73441655,0,AAPL,-0.0033207710366984777,-0.021902567678176332,0.06648927379102898,64.8956,64.1327,59.06255999999999,0.7613857760689571,2.3209674956340955,64.744,65.974,60.506,0.032853445737575315,1,0.5393481,1,True,True,0.032853445737575315,0.032853445737575315,9.591271063802845,7.450273590759497
2013-09-03,64.928,65.915,64.172,64.332,90061942,0,AAPL,-0.003052890948255893,-0.028657707987317038,0.04758182706399605,64.51599999999999,64.2788,59.267340000000004,0.1839660294734681,2.2307732102995064,64.529,66.23,61.41,0.012419946527389314,1,0.5308955,1,True,True,0.012419946527389314,0.012419946527389314,9.710394137544972,7.542805590371151
2013-09-04,65.782,66.132,65.346,65.665,93457251,0,AAPL,0.020720636697133754,0.020704770491039026,0.07895169240880717,64.7824,64.51905000000001,59.52752,0.5165368331495488,2.097988873459133,64.332,64.333,60.86,-0.062118327876342194,0,0.5378881,1,True,True,-0.062118327876342194,-0.062118327876342194,9.107200690700441,7.074259119600969
2013-09-05,65.869,65.926,65.0,65.216,64045054,0,AAPL,-0.006837736998401178,0.00887967575260662,0.0722083388136261,64.8972,64.73865,59.77848,0.5407501271383407,1.9125272691555348,65.665,64.642,60.824,-0.04557163886162896,0,0.5393481,1,True,True,-0.04557163886162896,-0.04557163886162896,8.692170629783464,6.751873537788928
2013-09-06,65.632,65.759,64.515,65.603,97395330,0,AAPL,0.005934126594700606,0.013267638700111162,0.08068528127831298,65.06899999999999,64.98355000000001,60.049139999999994,0.611708672490496,1.666618052887593,65.216,64.744,60.705,-0.06687194183192835,0,0.5393481,1,True,True,-0.06687194183192835,-0.06687194183192835,8.110908301035387,6.30036264331337
2013-09-09,66.494,66.881,66.297,66.649,92247478,0,AAPL,0.015944392786915396,0.032853445737575315,0.11376815227018255,65.493,65.32395,60.35189999999999,0.8370588390310334,1.1873269170262064,65.603,64.529,59.841,-0.11071433929991448,0,0.56337893,1,True,True,-0.11071433929991448,-0.11071433929991448,7.212914447364063,5.602822155909068
2013-09-10,66.653,66.818,64.454,65.131,201381996,0,AAPL,-0.02277603564944708,0.012419946527389314,0.05838668790015933,65.6528,65.50359999999999,60.611039999999996,0.6037617079609633,0.7895198007584383,66.649,64.332,61.538,-0.07948595906711087,0,0.5568857,1,True,True,-0.07948595906711087,-0.07948595906711087,6.63958902484631,5.157476463364177
2013-09-11,61.496,62.374,61.205,61.586,243602913,0,AAPL,-0.05442876663954188,-0.062118327876342194,-0.04464507321916111,64.83699999999999,65.3597,60.77212,1.9150181461281637,1.1629401532324037,65.131,65.665,64.464,-0.006478745169356648,0,0.54488707,1,False,False,-0.006478745169356648,-0.0,6.63958902484631,5.124062487641086
2013-09-12,61.689,62.599,61.361,62.244,109494212,0,AAPL,0.01068424641964083,-0.04557163886162896,-0.05175119209030954,64.2426,65.18985,60.92214,2.206956569577276,1.3523399321566725,61.586,65.216,65.641,-0.0008836193046719565,0,0.5640463,1,False,False,-0.0008836193046719565,-0.0,6.63958902484631,5.119534767108661
2013-09-13,61.801,62.129,61.19,61.216,81010241,0,AAPL,-0.016515648094595492,-0.06687194183192835,-0.06627415689205485,63.3652,64.9726,61.04554,2.394947535959923,1.6133884382354675,62.244,65.603,65.561,0.005358076319916361,1,0.55089885,1,False,False,0.005358076319916361,0.0,6.63958902484631,5.146965625113294
2013-09-16,60.703,60.783,58.888,59.27,148654192,0,AAPL,-0.0317890747516989,-0.11071433929991448,-0.1039112226539467,61.8894,64.62895,61.13888,2.1237047346561266,2.0293287320274054,61.216,66.649,66.143,0.09004555424329341,1,0.52916276,1,False,False,0.09004555424329341,0.0,6.63958902484631,5.6104269974978
2013-09-17,58.986,60.533,58.927,59.954,108268776,0,AAPL,0.011540408300995342,-0.07948595906711087,-0.10325022062012956,60.854,64.2838,61.25205999999999,1.2163494563656851,2.2094737072792574,59.27,65.131,66.857,0.07422357140474367,1,0.5373492,1,False,False,0.07422357140474367,0.0,6.63958902484631,6.02685292635768
2013-09-18,60.991,61.407,60.659,61.187,123653234,0,AAPL,0.02056576708810076,-0.006478745169356648,-0.07265728012609685,60.77419999999999,64.0441,61.37084,1.168465746182197,2.2747384788957445,59.954,61.586,65.981,0.03628221681076038,1,0.5358883,1,False,False,0.03628221681076038,0.0,6.63958902484631,6.245520510918356
2013-09-19,61.981,62.654,61.788,62.189,109532530,0,AAPL,0.016376027587559516,-0.0008836193046719565,-0.059836424932347754,60.763200000000005,63.846199999999996,61.51388,1.151302610090467,2.254237964368568,61.187,62.244,66.147,0.029506825966006955,1,0.5336249,1,False,False,0.029506825966006955,0.0,6.63958902484631,6.42980599770115
2013-09-20,62.943,63.011,61.36,61.544,189486492,0,AAPL,-0.010371609127016068,0.005358076319916361,-0.07075343499924514,60.8288,63.611900000000006,61.62685999999999,1.1921718416407538,2.2368902262317483,62.189,61.216,66.23,0.03285454309112179,1,0.5373492,1,False,False,0.03285454309112179,0.0,6.63958902484631,6.641054335920176
2013-09-23,65.327,65.432,63.547,64.607,206436374,0,AAPL,0.0497692707656312,0.09004555424329341,-0.020720283748143276,61.8962,63.543549999999996,61.80316,1.7199795638323385,2.1811048980542864,61.544,59.27,65.974,-0.022644605073753654,0,0.51640016,1,False,False,-0.022644605073753654,-0.0,6.63958902484631,6.490670283209924
2013-09-24,65.163,65.241,64.234,64.404,98395445,0,AAPL,-0.0031420743882242252,0.07422357140474367,-0.02757058734712381,62.786199999999994,63.45224999999999,61.97294,1.6116558875891234,2.0994209696712485,64.607,59.954,66.23,-0.002329047885224367,0,0.5313892,1,False,False,-0.002329047885224367,-0.0,6.63958902484631,6.475553201313125
2013-09-25,64.447,64.474,63.394,63.407,85916079,0,AAPL,-0.015480404943792325,0.03628221681076038,-0.014393856962989449,63.23019999999999,63.405950000000004,62.11558,1.3446199091195206,2.0891606593383276,64.404,61.187,64.333,0.01665431261532624,1,0.525329,1,False,False,0.01665431261532624,0.0,6.63958902484631,6.5833990886849705
2013-09-26,63.993,64.33,63.719,64.024,64209217,0,AAPL,0.0097307868216443,0.029506825966006955,-0.009560347761517152,63.5972,63.37505,62.27026,1.2353731015367428,2.074434900223144,63.407,62.189,64.642,-0.005810321129576357,0,0.5313892,1,True,True,-0.005810321129576357,-0.005810321129576357,6.601010880443542,6.545147425855551
2013-09-27,63.702,63.82,63.3,63.566,61799628,0,AAPL,-0.007153567412220396,0.03285454309112179,-0.01819473619177059,64.00160000000001,63.31615000000001,62.412020000000005,0.5177434692977002,2.0501011085465564,64.024,61.544,64.744,0.0005663404964917351,1,0.5313892,1,True,True,0.0005663404964917351,0.0005663404964917351,6.604749300222919,6.548854207898321
2013-09-30,63.209,63.793,62.832,63.144,70054799,0,AAPL,-0.006638769153321067,-0.022644605073753654,-0.021463218087991454,63.70899999999999,63.246900000000004,62.563159999999996,0.5032712986059193,2.030272159614553,63.566,64.607,64.529,0.01710376282782211,1,0.5313892,1,True,True,0.01710376282782211,0.01710376282782211,6.717715365791157,6.6608642570641985
2013-10-01,63.0,64.407,62.991,64.254,95834066,0,AAPL,0.017578867350817262,-0.002329047885224367,-0.0012124603618726137,63.678999999999995,63.242999999999995,62.73291999999999,0.45349421165048925,2.0281518680810575,63.144,64.404,64.332,-0.014411554144489136,0,0.5309162,1,True,True,-0.014411554144489136,-0.014411554144489136,6.620902647069791,6.564870851174425
2013-10-02,63.945,64.759,63.698,64.463,78239935,0,AAPL,0.0032527157842312526,0.01665431261532624,-0.01830503312266829,63.89020000000001,63.1829,62.926,0.5339177839334874,1.9695668211966277,64.254,63.407,65.665,-0.006034469385538976,0,0.5313892,1,True,True,-0.006034469385538976,-0.006034469385538976,6.580949012741414,6.525255339002996
2013-10-03,64.588,64.832,63.303,63.652,87499474,0,AAPL,-0.012580860338488598,-0.005810321129576357,-0.0239818449460254,63.8158,63.1047,63.04656,0.5365241839847144,1.914885322937307,64.463,64.024,65.216,0.012913969710299789,1,0.5301118,1,True,True,0.012913969710299789,0.012913969710299789,6.665935188956984,6.609522288802853
2013-10-04,63.714,63.811,63.018,63.602,70181642,0,AAPL,-0.000785521271916112,0.0005663404964917351,-0.03050165388777948,63.823,63.004650000000005,63.17139999999999,0.5325607946520876,1.8277759644760982,63.652,63.566,65.603,0.020250935505172762,1,0.5313892,1,False,False,0.020250935505172762,0.0,6.665935188956984,6.743371298393401
2013-10-07,64.07,64.872,63.909,64.224,84575112,0,AAPL,0.009779566680293117,0.01710376282782211,-0.03638464193011148,64.039,62.883399999999995,63.302080000000004,0.38760933941329107,1.6445449026532775,63.602,63.144,66.649,0.01703413054309899,1,0.5457599,1,False,False,0.01703413054309899,0.0,6.665935188956984,6.858238765390822
2013-10-08,64.513,64.607,63.275,63.328,78690301,0,AAPL,-0.013951170901843613,-0.014411554144489136,-0.027682670310604784,63.8538,62.79325,63.3971,0.4713716156075289,1.5622091939910832,64.224,64.254,65.131,0.03687152602324395,1,0.5509105,1,False,False,0.03687152602324395,0.0,6.665935188956984,7.11111249450255
2013-10-09,63.816,64.229,62.978,64.074,81780985,0,AAPL,0.011779939363314673,-0.006034469385538976,0.04039879193323159,63.775999999999996,62.91765,63.49258,0.366013660947885,1.560074467689797,63.328,64.463,61.586,0.029840496925430005,1,0.5491463,1,False,False,0.029840496925430005,0.0,6.665935188956984,7.323311625031141
2013-10-10,64.695,64.836,64.13,64.474,75327135,0,AAPL,0.006242781783562856,0.012913969710299789,0.035826746353062155,63.9404,63.029149999999994,63.59816,0.46705331601481614,1.5888193324142819,64.074,63.652,62.244,0.030337810590315595,1,0.5575442,1,False,False,0.030337810590315595,0.0,6.665935188956984,7.545484866005192
2013-10-11,64.124,65.026,63.884,64.89,72543831,0,AAPL,0.0064522132952817834,0.020250935505172762,0.06001698902247776,64.19800000000001,63.21285,63.70118,0.5761926761078922,1.5805216752041578,64.474,63.602,61.216,0.0326552627523502,1,0.5575442,1,False,False,0.0326552627523502,0.0,6.665935188956984,7.791884656898474
2013-10-14,64.499,65.521,64.435,65.318,70939202,0,AAPL,0.006595777469563746,0.01703413054309899,0.10204150497722275,64.4168,63.51525,63.79742,0.765236695408892,1.3478950792763682,64.89,64.224,59.27,0.05104259162864766,1,0.5626618,1,False,False,0.05104259162864766,0.0,6.665935188956984,8.189602643458068
2013-10-15,65.511,66.1,65.248,65.663,86611099,0,AAPL,0.0052818518631922995,0.03687152602324395,0.09522300430329911,64.8838,63.800700000000006,63.882479999999994,0.6362846847129126,1.142948546063164,65.318,63.328,59.954,0.042520140718517396,1,0.57253504,1,False,False,0.042520140718517396,0.0,6.665935188956984,8.537825700286646
2013-10-16,65.942,66.171,65.737,65.986,67932110,0,AAPL,0.0049190563940120224,0.029840496925430005,0.07843169300668462,65.2662,64.04065,63.985,0.6015298828820725,1.066545938754705,65.663,64.074,61.187,0.047585851544266866,1,0.57505673,1,True,True,0.047585851544266866,0.047585851544266866,6.983139391262395,8.944105406571312
2013-10-17,65.836,66.465,65.795,66.43,68581262,0,AAPL,0.006728700027278656,0.030337810590315595,0.06819534001189931,65.6574,64.25269999999999,64.09712,0.5935097303330673,1.1000948810756452,65.986,64.474,62.189,0.054342917356615894,1,0.57505673,1,True,True,0.054342917356615894,0.054342917356615894,7.362623558091497,9.430154187509478
2013-10-18,66.624,67.057,66.592,67.009,78736831,0,AAPL,0.008715941592653875,0.0326552627523502,0.0887982581567659,66.0812,64.52595,64.2232,0.6612304439451704,1.0701890868343293,66.43,64.89,61.544,0.03354773239415598,1,0.57505673,1,True,True,0.03354773239415598,0.03354773239415598,7.609622882937259,9.746514476627675
2013-10-21,67.385,69.038,67.355,68.652,107479988,0,AAPL,0.024519094449999335,0.05104259162864766,0.06260931478013232,66.748,64.7282,64.39942,1.1781691304731132,1.4134766246462471,67.009,65.318,64.607,0.016328730408436742,1,0.5626505,1,True,True,0.016328730408436742,0.016328730408436742,7.733878363502613,9.905662683938454
2013-10-22,69.316,69.585,66.897,68.455,144756990,0,AAPL,-0.0028695449513488347,0.042520140718517396,0.06289981988696347,67.3064,64.93075,64.53775999999999,1.1968606017409213,1.6371317946818253,68.652,65.663,64.404,-0.006150025564239159,0,0.5589817,1,True,True,-0.006150025564239159,-0.006150025564239159,7.686314813856356,9.844742605201503
2013-10-23,68.339,69.217,68.339,69.126,85003666,0,AAPL,0.009802059747279435,0.047585851544266866,0.09019508887031424,67.93440000000001,65.2167,64.631,1.1538489069195725,1.8434345833682457,68.455,65.986,63.407,-0.00010126435783941456,0,0.5393481,1,True,True,-0.00010126435783941456,-0.00010126435783941456,7.685536464122579,9.843745683663494
2013-10-24,69.131,70.114,68.793,70.04,104264177,0,AAPL,0.013222231866446776,0.054342917356615894,0.09396476321379499,68.6564,65.5175,64.71897999999999,1.1055972594029588,2.110111583480108,69.126,66.43,64.024,-0.011593375214163482,0,0.5393481,1,True,True,-0.011593375214163482,-0.011593375214163482,7.5964351561718715,9.72962344643998
2013-10-25,69.962,70.212,69.144,69.257,91559954,0,AAPL,-0.011179326099371778,0.03354773239415598,0.08952899348708443,69.106,65.80205,64.7929,0.6175504028006373,2.214247893577082,70.04,67.009,63.566,-0.011247960494968123,0,0.5393481,1,True,True,-0.011247960494968123,-0.011247960494968123,7.510990753632663,9.620185026283508
2013-10-28,69.661,69.921,68.894,69.773,148557120,0,AAPL,0.00745051041771938,0.016328730408436742,0.10498226276447475,69.3302,66.1335,64.8655,0.6150038211256683,2.290265590206546,69.257,68.652,63.144,-0.005904862912587849,0,0.5367032,1,True,True,-0.005904862912587849,-0.005904862912587849,7.466639382894748,9.563379152509574
2013-10-29,70.614,71.007,67.752,68.034,172429868,0,AAPL,-0.024923681080073812,-0.006150025564239159,0.05882902231767684,69.24600000000001,66.3225,64.88904000000001,0.7732447865968397,2.282957142784191,69.773,68.455,64.254,0.016962107181703212,1,0.5285154,1,True,True,0.016962107181703212,0.016962107181703212,7.593289320394534,9.725594214713707
2013-10-30,68.393,69.462,68.078,69.119,96044079,0,AAPL,0.015947908398741717,-0.00010126435783941456,0.07222747932922768,69.2446,66.55530000000002,64.9518,0.7735226564226757,2.3204437892237753,68.034,69.126,64.463,-0.0018518786440776536,0,0.53887624,1,True,True,-0.0018518786440776536,-0.0018518786440776536,7.579227470063793,9.707583594486513
2013-10-31,69.533,69.862,69.04,69.228,74342353,0,AAPL,0.0015769904078473118,-0.011593375214163482,0.08760133224407696,69.08219999999999,66.8341,65.01342,0.6381799902842704,2.288004345321547,69.119,70.04,63.652,-0.01952967007569173,0,0.5393481,1,True,True,-0.01952967007569173,-0.01952967007569173,7.431207658144827,9.517997689653994
2013-11-01,69.051,69.105,67.924,68.478,74523668,0,AAPL,-0.010833766684000712,-0.011247960494968123,0.07666425584101133,68.9264,67.0779,65.05838,0.678643720960617,2.182845581249081,69.228,69.257,63.602,0.006819708519524514,1,0.5393481,1,True,True,0.006819708519524514,0.006819708519524514,7.481886328321433,9.582907659586942
2013-11-04,68.616,69.371,68.313,69.361,66254698,0,AAPL,0.012894652297088305,-0.005904862912587849,0.07998567513702048,68.84400000000001,67.33475000000001,65.12611999999999,0.5657795507079558,2.1309726436288123,68.478,69.773,64.224,-0.008895488819365416,0,0.5393481,1,True,True,-0.008895488819365416,-0.008895488819365416,7.415331292140087,9.497663011644075
2013-11-05,69.07,69.644,68.869,69.188,71969237,0,AAPL,-0.0024941970271478153,0.016962107181703212,0.09253410813542184,69.07480000000001,67.62775,65.18527999999999,0.34507926625522417,1.9458911332937256,69.361,68.034,63.328,-0.004509452506214928,0,0.5308955,1,True,True,-0.004509452506214928,-0.004509452506214928,7.381892207860332,9.454833751373032
2013-11-06,69.42,69.514,68.635,68.991,60179071,0,AAPL,-0.002847314563219072,-0.0018518786440776536,0.07673939507444527,69.0492,67.8736,65.27844,0.3457277830884432,1.7765107847746235,69.188,69.119,64.074,-0.0005363018364714645,0,0.5308955,1,True,True,-0.0005363018364714645,-0.0005363018364714645,7.377933285512622,9.44976310666864
2013-11-07,68.816,69.296,67.863,67.876,70759975,0,AAPL,-0.016161528315287388,-0.01952967007569173,0.05276545584266534,68.7788,68.0437,65.34312,0.6035227419073008,1.5865863089630285,68.991,69.228,64.474,0.030614650244563446,1,0.5515368,1,True,True,0.030614650244563446,0.030614650244563446,7.603806132576314,9.739064299073279
2013-11-08,68.154,69.02,67.889,68.945,75200409,0,AAPL,0.015749307560846137,0.006819708519524514,0.062490368315610834,68.87219999999999,68.24645000000001,65.42714,0.5810513746643099,1.4118340619281187,67.876,68.478,64.89,0.008514032924795245,1,0.5621944,1,True,True,0.008514032924795245,0.008514032924795245,7.668545188342828,9.821983013172288
2013-11-11,68.873,69.096,68.13,68.744,61238751,0,AAPL,-0.002915367321778106,-0.008895488819365416,0.05245108545883226,68.7488,68.41775,65.51144000000001,0.5127998634938501,1.2345273067259321,68.945,69.361,65.318,-0.0007709763761200028,0,0.5626618,1,True,True,-0.0007709763761200028,-0.0007709763761200028,7.662632921163407,9.81441049630248
2013-11-12,68.562,69.39,68.475,68.876,55096757,0,AAPL,0.0019201675782614114,-0.004509452506214928,0.048931666235170646,68.6864,68.5784,65.60232,0.4625119457909435,1.0528725818842084,68.744,69.188,65.663,-0.0009292061095302895,0,0.573986,1,True,True,-0.0009292061095302895,-0.0009292061095302895,7.655512755837974,9.805290886107878
2013-11-13,68.625,69.167,68.469,68.954,53108867,0,AAPL,0.0011324699459898113,-0.0005363018364714645,0.044979238020185885,68.679,68.7268,65.6681,0.4566793185587942,0.8596926990741364,68.876,68.991,65.986,-0.010760797053107729,0,0.5716537,1,False,False,-0.010760797053107729,-0.0,7.655512755837974,9.699778140835784
2013-11-14,69.243,70.1,69.12,69.954,76137223,0,AAPL,0.014502421904458052,0.030614650244563446,0.0530483215414721,69.0946,68.90299999999999,65.76286,0.48770462372138507,0.7127470947340633,68.954,67.876,66.43,-0.013337335963633179,0,0.5729255,1,True,True,-0.013337335963633179,-0.013337335963633179,7.553408610239484,9.570408940998751
2013-11-15,69.743,70.074,69.466,69.532,85689577,0,AAPL,-0.006032535666294914,0.008514032924795245,0.037651658732408944,69.212,69.02915,65.84144,0.5127006924114587,0.5685757159218283,69.954,68.945,67.009,-0.00983719726169241,0,0.572726,1,True,True,-0.00983719726169241,-0.00983719726169241,7.479104239742393,9.476262940371083
2013-11-18,69.532,69.825,68.635,68.691,65960448,0,AAPL,-0.012095150434332291,-0.0007709763761200028,0.0005680825030589531,69.2014,69.03110000000001,65.88228,0.5251912032766649,0.5672795560709188,69.532,68.744,68.652,0.009826614840372061,1,0.5667783,1,True,True,0.009826614840372061,0.009826614840372061,7.552598516457334,9.5693825264122
2013-11-19,68.741,69.319,68.602,68.812,56325427,0,AAPL,0.0017615116973110911,-0.0009292061095302895,0.005215104813381055,69.1886,69.04895,65.9559,0.5357777524302347,0.5536508946593207,68.691,68.876,68.455,0.026637795733302383,1,0.5678423,1,True,True,0.026637795733302383,0.026637795733302383,7.753783092994367,9.824289783444602
2013-11-20,68.768,68.927,68.121,68.212,52299532,0,AAPL,-0.00871940940533622,-0.010760797053107729,-0.013222231866446776,69.0402,69.00325000000001,66.08842,0.6958499838321602,0.5838545127893154,68.812,68.954,69.126,0.06009206591215621,1,0.5663266,1,True,True,0.06009206591215621,0.06009206591215621,8.219723937687148,10.414651652651477
2013-11-21,68.552,69.031,68.033,69.021,70627891,0,AAPL,0.011860083269805921,-0.013337335963633179,-0.014548829240434102,68.8536,68.95230000000001,66.22395999999999,0.4816817414011598,0.5306590837412436,68.212,69.954,70.04,0.06706654496457598,1,0.5674021,1,False,False,0.06706654496457598,0.0,8.219723937687148,11.113126356004424
2013-11-22,68.808,69.156,68.677,68.848,60271546,0,AAPL,-0.0025064835339969616,-0.00983719726169241,-0.005905540234200202,68.7168,68.93185,66.3766,0.30590145471912833,0.5261605993563157,69.021,69.532,69.257,0.06042296072507547,1,0.55904335,1,False,False,0.06042296072507547,0.0,8.219723937687148,11.78461435334608
2013-11-25,69.005,69.65,69.002,69.366,61838610,0,AAPL,0.00752382059028589,0.009826614840372061,-0.005833201954910883,68.8518,68.9115,66.57852,0.4195154347568833,0.4990899613024682,68.848,68.691,69.773,0.08130784534209834,1,0.5604964,1,False,False,0.08130784534209834,0.0,8.219723937687148,12.742795954604215
2013-11-26,69.41,71.01,69.401,70.645,108093005,0,AAPL,0.018438428048323408,0.026637795733302383,0.03837786988858505,69.2184,69.04205,66.79234000000001,0.9008297841430358,0.590578438570558,69.366,68.812,68.034,0.059268171845141104,1,0.57368743,1,True,True,0.059268171845141104,0.059268171845141104,8.706891948545609,13.498038175029267
2013-11-27,71.032,72.316,70.645,72.311,97875204,0,AAPL,0.023582702243612585,0.06009206591215621,0.046181223686685424,70.03819999999999,69.20165,67.01482,1.4523214864481813,0.9402559715866698,70.645,68.212,69.119,0.040173694182074504,1,0.5736204,1,True,True,0.040173694182074504,0.040173694182074504,9.056679962962846,14.04030423273086
2013-11-29,72.774,73.948,72.554,73.65,85784777,0,AAPL,0.018517238041238615,0.06706654496457598,0.06387588836886815,70.964,69.42275000000001,67.24404,2.0100886796355275,1.3689597231778876,72.311,69.021,69.228,0.007101154107264085,1,0.5621944,1,True,True,0.007101154107264085,0.007101154107264085,9.120992843080016,14.140006596800353
2013-12-02,73.904,74.742,72.954,73.008,127378358,0,AAPL,-0.008716904276985904,0.06042296072507547,0.06615263296241136,71.796,69.64925,67.47332,1.7607658844942327,1.565119530494666,73.65,68.848,68.478,0.02754492658338825,1,0.5589817,1,True,True,0.02754492658338825,0.02754492658338825,9.372229921310264,14.529492040397844
2013-12-03,73.945,75.012,73.861,75.006,121442841,0,AAPL,0.0273668639053255,0.08130784534209834,0.0813857931690718,72.924,69.9315,67.68130000000001,1.615430747509338,1.9676430597354884,73.008,69.366,69.361,-0.0013598912087033899,0,0.535242,1,True,True,-0.0013598912087033899,-0.0013598912087033899,9.359484708234328,14.509733511905182
2013-12-04,74.899,75.386,74.278,74.832,101776136,0,AAPL,-0.0023198144148468547,0.059268171845141104,0.08157483956755485,73.76140000000001,70.21369999999999,67.88986000000001,1.1596222660842788,2.2411244381709934,75.006,70.645,69.188,-0.0064544579858882845,0,0.5393481,1,True,True,-0.0064544579858882845,-0.0064544579858882845,9.299074307415466,14.416081046566156
2013-12-05,75.845,76.175,75.016,75.216,120550905,0,AAPL,0.005131494547786941,0.040173694182074504,0.09022916032525963,74.3424,70.52495,68.12604,0.962196861353406,2.481729182285863,74.832,72.311,68.991,-0.012975962561157184,0,0.5367032,1,True,True,-0.012975962561157184,-0.012975962561157184,9.178409867349025,14.229018518627305
2013-12-06,74.937,75.063,74.113,74.173,92774029,0,AAPL,-0.0138667304828759,0.007101154107264085,0.09277211385467621,74.44699999999999,70.8398,68.32902,0.8941286260926499,2.527005063206705,75.216,73.65,67.876,-0.009976676149002883,0,0.5380736,1,True,True,-0.009976676149002883,-0.009976676149002883,9.086839844539671,14.087060208948795
2013-12-09,74.289,75.439,74.289,75.019,86349511,0,AAPL,0.011405767597373773,0.02754492658338825,0.08809920951483075,74.8492,71.1435,68.55808,0.40171594441626474,2.6493306900539437,74.173,73.008,68.945,-0.0157560084778523,0,0.5315569,1,True,True,-0.0157560084778523,-0.0157560084778523,8.943667518912218,13.865104368868582
2013-12-10,74.644,75.213,74.328,74.904,74866930,0,AAPL,-0.0015329449872699685,-0.0013598912087033899,0.08960782031886416,74.8288,71.4515,68.79328000000001,0.3942837810489488,2.712995906644928,75.019,75.006,68.744,-0.018663889778916976,0,0.5315569,1,True,True,-0.018663889778916976,-0.018663889778916976,8.77674389411996,13.606327589154839
2013-12-11,75.097,75.622,74.129,74.349,96933561,0,AAPL,-0.007409484139698663,-0.0064544579858882845,0.07946164121029087,74.7322,71.72515,68.99518,0.4487144972009227,2.7155614767868705,74.904,74.832,68.876,-0.0188435621191948,0,0.53513765,1,True,True,-0.0188435621191948,-0.0188435621191948,8.611358775346847,13.349935910014485
2013-12-12,74.463,74.877,74.174,74.24,70680718,0,AAPL,-0.0014660587230495015,-0.012975962561157184,0.07665980218696533,74.537,71.98945,69.19072,0.39467138228952386,2.688761375468042,74.349,75.216,68.954,-0.028677262931034342,0,0.5315569,1,True,True,-0.028677262931034342,-0.028677262931034342,8.364408575552757,12.967096287810543
2013-12-13,74.547,74.552,73.33,73.433,89649953,0,AAPL,-0.010870150862068773,-0.009976676149002883,0.04973268147639898,74.38900000000001,72.1634,69.38634,0.6324282567994215,2.662556397227909,74.24,74.173,69.954,-0.009777620415889365,0,0.5393481,1,True,True,-0.009777620415889365,-0.009777620415889365,8.282624563497592,12.840308942412044
2013-12-16,73.51,74.518,73.509,73.837,76133485,0,AAPL,0.005501613715904297,-0.0157560084778523,0.06191393890582764,74.1526,72.37865,69.59104,0.5541302193513825,2.6121673250786723,73.433,75.019,69.532,0.022590300255969087,1,0.5393481,1,True,True,0.022590300255969087,0.022590300255969087,8.469731539294468,13.130375376800536
2013-12-17,73.614,74.096,73.293,73.506,61879032,0,AAPL,-0.004482847352953123,-0.018663889778916976,0.07009651919465432,73.873,72.6194,69.77668,0.41558693434525584,2.472564072928121,73.837,74.904,68.691,0.022868881451854284,1,0.5315569,1,True,True,0.022868881451854284,0.022868881451854284,8.663424825795625,13.430652374710935
2013-12-18,72.804,73.037,71.362,72.948,152480161,0,AAPL,-0.007591217043506737,-0.0188435621191948,0.06010579550078465,73.59279999999998,72.8262,69.96907999999999,0.4814921598516059,2.304620612686399,73.506,74.349,68.812,0.023811482151669727,1,0.5367032,1,True,True,0.023811482151669727,0.023811482151669727,8.86971381140739,13.750456114016645
2013-12-19,72.759,72.844,72.014,72.111,86456519,0,AAPL,-0.011473926632669662,-0.028677262931034342,0.05716003049316831,73.167,73.02115,70.12982,0.6703868286285789,2.043923040959794,72.948,74.24,68.212,0.02871961281912605,1,0.5393481,1,True,True,0.02871961281912605,0.02871961281912605,9.124448557887465,14.145363889697588
2013-12-20,72.238,73.056,72.159,72.715,117510402,0,AAPL,0.008375975926002921,-0.009777620415889365,0.05351994320569098,73.02340000000001,73.20585,70.29464,0.6760394219265041,1.8178218972159632,72.111,73.433,69.021,0.010039194114006555,1,0.5367032,1,False,False,0.010039194114006555,0.0,9.124448557887465,14.28737194359952
2013-12-23,75.23,75.588,74.534,75.505,135046926,0,AAPL,0.038368974764491304,0.022590300255969087,0.09669126191029509,73.357,73.5387,70.50694,1.300775345706791,1.5705262979744408,72.715,73.837,68.848,-0.0159194755314217,0,0.5575329,1,False,False,-0.0159194755314217,-0.0,9.124448557887465,14.059924475535068
2013-12-24,75.48,75.741,74.968,75.187,45181907,0,AAPL,-0.0042116416131381396,0.022868881451854284,0.08391719286105581,73.6932,73.82974999999999,70.70432,1.5435035471285845,1.266486431659085,75.505,73.506,69.366,-0.025642730791227142,0,0.5640051,1,False,False,-0.025642730791227142,-0.0,9.124448557887465,13.699389617263936
2013-12-26,75.242,75.428,74.618,74.685,54960420,0,AAPL,-0.006676686129250986,0.023811482151669727,0.05718734517658719,74.04060000000001,74.03175,70.88476,1.5292582515711384,1.032332814295479,75.187,72.948,70.645,-0.04065073307893152,0,0.573986,1,True,True,-0.04065073307893152,-0.04065073307893152,8.75353303506834,13.142499386588254
2013-12-27,74.675,74.753,74.104,74.182,60845998,0,AAPL,-0.006734953471245864,0.02871961281912605,0.025874348301088368,74.4548,74.12530000000001,71.04868,1.09468634777195,0.9496556772118333,74.685,72.111,72.311,-0.028861448868997996,0,0.57136923,1,True,True,-0.028861448868997996,-0.028861448868997996,8.50089338895363,12.763187812531399
2013-12-30,73.832,74.182,73.152,73.445,68315985,0,AAPL,-0.009935024669057269,0.010039194114006555,-0.002783435166327397,74.6008,74.11505,71.18898,0.8184688143101454,0.9561399630518959,74.182,72.715,73.65,-0.02612839539791678,0,0.56974006,1,True,True,-0.02612839539791678,-0.02612839539791678,8.278778685251513,12.429706194827705
2013-12-31,73.398,74.338,73.374,74.303,60185593,0,AAPL,0.011682211178432933,-0.0159194755314217,0.017737782160859084,74.3604,74.1798,71.33485999999999,0.6445368880043479,0.9204056085270316,73.445,75.505,73.008,-0.0312773373887999,0,0.57136923,1,True,True,-0.0312773373887999,-0.0312773373887999,8.019840531145697,12.040938080528424
2014-01-02,73.596,73.776,73.112,73.259,63381747,0,AAPL,-0.01405057669273102,-0.025642730791227142,-0.023291470015732063,73.9748,74.09245,71.42699999999999,0.6016828067997628,0.9207676702779587,74.303,75.187,75.006,-0.03003043994594523,0,0.56501216,1,False,False,-0.03003043994594523,-0.0,8.019840531145697,11.67934341260827
2014-01-03,73.224,73.334,71.579,71.649,105949677,0,AAPL,-0.021976821960441706,-0.04065073307893152,-0.04253527902501597,73.3676,73.9333,71.49088,1.0617899038880623,1.0519502739887219,73.259,74.685,74.832,-0.014864129296989437,0,0.5704831,1,False,False,-0.014864129296989437,-0.0,8.019840531145697,11.50574014201932
2014-01-06,71.181,72.421,70.671,72.041,111371946,0,AAPL,0.005471116135605358,-0.028861448868997996,-0.042211763454584106,72.9394,73.77455,71.54918,1.0827551893197067,1.0871700818362053,71.649,74.182,75.216,-0.015102511070084979,0,0.5764315,1,False,False,-0.015102511070084979,-0.0,8.019840531145697,11.331974574154952
2014-01-07,72.092,72.311,71.247,71.526,85837203,0,AAPL,-0.007148706986299436,-0.02612839539791678,-0.03568684022487978,72.5556,73.6422,71.57889999999999,1.1932090344943247,1.1921612660241097,72.041,73.445,74.173,0.01174398120963005,1,0.55849683,1,False,False,0.01174398120963005,0.0,8.019840531145697,11.465057070621834
2014-01-08,71.363,72.257,71.347,71.979,69742195,0,AAPL,0.006333361295193463,-0.0312773373887999,-0.04052306748956935,72.09079999999999,73.4902,71.63334,0.6880873491054971,1.2011463208986064,71.526,74.303,75.019,0.025563011433890503,1,0.5632117,1,False,False,0.025563011433890503,0.0,8.019840531145697,11.758138455608346
2014-01-09,72.421,72.429,70.905,71.059,75296626,0,AAPL,-0.012781505716945252,-0.03003043994594523,-0.05133237210295849,71.65079999999999,73.29795,71.65906,0.39553027696899246,1.2687540292901143,71.979,73.259,74.904,0.03305703711000718,1,0.55303496,1,False,False,0.03305703711000718,0.0,8.019840531145697,12.146827674879994
2014-01-10,71.496,71.626,70.343,70.584,82293116,0,AAPL,-0.006684586048213426,-0.014864129296989437,-0.050639551305330266,71.43780000000001,73.1097,71.71006,0.6198771652506894,1.3791121514632692,71.059,71.649,74.349,0.014521704635611421,1,0.56202704,1,False,False,0.014521704635611421,0.0,8.019840531145697,12.323220318634272
2014-01-13,70.186,71.852,70.182,70.953,102208792,0,AAPL,0.0052278136688201915,-0.015102511070084979,-0.04427532327586192,71.2202,72.94535,71.74673999999999,0.5411614361715888,1.4321609463721958,70.584,72.041,74.24,0.024946091074373067,1,0.56202704,1,False,False,0.024946091074373067,0.0,8.019840531145697,12.630636495032487
2014-01-14,71.284,72.411,71.21,72.366,90221824,0,AAPL,0.019914591349202926,0.01174398120963005,-0.014530252066509708,71.38820000000001,72.89200000000001,71.80950000000001,0.7499411310224585,1.4329126391992217,70.953,71.526,73.433,0.009369040709725551,1,0.5558595,1,False,False,0.009369040709725551,0.0,8.019840531145697,12.748973442544191
2014-01-15,73.31,74.196,73.063,73.819,106000094,0,AAPL,0.020078489898571084,0.025563011433890503,-0.00024378021858961763,71.75619999999999,72.89110000000001,71.91632,1.3353155806771433,1.4322933726234615,72.366,71.979,73.837,-0.0021132770695891923,0,0.5578848,1,False,False,-0.0021132770695891923,-0.0,8.019840531145697,12.72203132930726
2014-01-16,73.494,73.753,73.066,73.408,61901334,0,AAPL,-0.005567672279494507,0.03305703711000718,-0.001333224498680341,72.226,72.8862,71.99726,1.4379730525983414,1.4302451979691186,73.819,71.059,73.506,-0.01476678291194422,0,0.5573095,1,False,False,-0.01476678291194422,-0.0,8.019840531145697,12.534167854468427
2014-01-17,73.041,73.119,71.506,71.609,116852625,0,AAPL,-0.024506865736704575,0.014521704635611421,-0.018355540933267522,72.431,72.81924999999998,72.04568,1.1984850854303246,1.458265006418699,73.408,70.584,72.948,0.01818207208591116,1,0.54606766,1,False,False,0.01818207208591116,0.0,8.019840531145697,12.762064997935282
2014-01-21,71.639,72.854,71.577,72.723,88608305,0,AAPL,0.015556703766286484,0.024946091074373067,0.008486916004492917,72.785,72.84985,72.12032,0.8688593096691919,1.4490127047127646,71.609,70.953,72.111,-0.07754080552232434,0,0.55767304,1,False,False,-0.07754080552232434,-0.0,8.019840531145697,11.772484197867119
2014-01-22,72.964,73.809,72.554,73.044,102612534,0,AAPL,0.004414009323047807,0.009369040709725551,0.004524513511654948,72.9206,72.8663,72.22368,0.839531000022501,1.4492687121434529,72.723,72.366,72.715,-0.0920130332402388,0,0.55775183,1,True,True,-0.0920130332402388,-0.0920130332402388,7.2819106777719735,10.689262218048585
2014-01-23,72.837,73.705,72.157,73.663,108796944,0,AAPL,0.008474344230874564,-0.0021132770695891923,-0.024395735381762762,72.8894,72.7742,72.31804,0.7997526492602498,1.3260459863416183,73.044,73.819,75.505,-0.10138061170465507,0,0.55933344,1,True,True,-0.10138061170465507,-0.10138061170465507,6.543666118880791,9.60557827571136
2014-01-24,73.374,73.588,72.151,72.324,116677005,0,AAPL,-0.018177375344474167,-0.01476678291194422,-0.038078391211246565,72.6726,72.63105,72.38964,0.7704117730141855,1.2004560306720857,73.663,73.408,75.187,-0.08327802665781758,0,0.55452037,1,True,True,-0.08327802665781758,-0.08327802665781758,5.998722517392779,8.805644672002916
2014-01-27,72.907,73.48,72.283,72.911,153946079,0,AAPL,0.008116254631934217,0.01818207208591116,-0.02375309633795275,72.933,72.54235,72.47034,0.49007295375155446,1.10222517877923,72.324,71.609,74.685,-0.08895777043244513,0,0.5717509,1,True,True,-0.08895777043244513,-0.08895777043244513,5.465089536802613,8.022314154761197
2014-01-28,67.38,68.212,66.494,67.084,287513027,0,AAPL,-0.07991935373263293,-0.07754080552232434,-0.0956835890108112,71.8052,72.18744999999998,72.43294,2.6817775261939905,1.5839517362059259,72.911,72.723,74.182,0.004472005247152744,1,0.5417828,1,False,False,0.004472005247152744,0.0,5.465089536802613,8.058189985755597
2014-01-29,66.758,67.197,66.038,66.323,135707442,0,AAPL,-0.011343986643611137,-0.0920130332402388,-0.09697052215943902,70.46099999999998,71.83135,72.36032,3.473227821493956,2.0254090756394203,67.084,73.044,73.445,0.023611718408395266,1,0.5373492,1,False,False,0.023611718408395266,0.0,5.465089536802613,8.248457698580609
2014-01-30,66.562,67.084,65.786,66.195,183051179,0,AAPL,-0.0019299488865099912,-0.10138061170465507,-0.1091207622841609,68.9674,71.42595,72.29357999999999,3.3557783448851635,2.297776510477843,66.323,73.663,74.303,0.031573381675353174,1,0.5373492,1,False,False,0.031573381675353174,0.0,5.465089536802613,8.5088894017309
2014-01-31,65.593,66.425,65.368,66.301,125399329,0,AAPL,0.0016013294055443605,-0.08327802665781758,-0.09497809142903946,67.7628,71.07805,72.24578,2.89968156872451,2.5214877912806846,66.195,72.324,73.259,0.044328139847060966,1,0.5373492,1,False,False,0.044328139847060966,0.0,5.465089536802613,8.886072641074001
2014-02-03,66.57,67.246,66.129,66.425,108441037,0,AAPL,0.0018702583671437178,-0.08895777043244513,-0.07291099666429401,66.4656,70.81685,72.19804,0.35521796125912275,2.7218462633987324,66.301,72.911,71.649,0.06106134738426783,1,0.52889186,1,False,False,0.06106134738426783,0.0,5.465089536802613,9.428668209492459
2014-02-04,66.996,67.476,66.591,67.384,101619608,0,AAPL,0.014437335340609758,0.004472005247152744,-0.06464374453436228,66.5256,70.584,72.18148000000001,0.4867646248455871,2.8094017718703483,66.425,67.084,72.041,0.059747120978273616,1,0.53635585,1,False,False,0.059747120978273616,0.0,5.465089536802613,9.992003989669007
2014-02-05,67.088,68.246,67.05,67.889,88655086,0,AAPL,0.007494360679092926,0.023611718408395266,-0.05084864245169585,66.8388,70.40214999999999,72.15884,0.7541718637028003,2.8624272047740225,67.384,66.323,71.526,0.05179042260159972,1,0.5361531,1,False,False,0.05179042260159972,0.0,5.465089536802613,10.509494098930835
2014-02-06,67.959,68.417,67.66,68.285,69118384,0,AAPL,0.005833051009736412,0.031573381675353174,-0.05132052404173448,67.2568,70.21745,72.14758,0.8772822806832501,2.874478322921618,67.889,66.195,71.979,0.062297722779527165,1,0.5361531,1,False,False,0.062297722779527165,0.0,5.465089536802613,11.164211648859105
2014-02-07,69.43,69.674,68.935,69.24,100349532,0,AAPL,0.013985501940396938,0.044328139847060966,-0.025598446361474347,67.84459999999999,70.1265,72.14506,1.0452847937287701,2.8752267736648083,68.285,66.301,71.059,0.04680820335066427,1,0.5315922,1,False,False,0.04680820335066427,0.0,5.465089536802613,11.686788337968757
2014-02-10,69.021,70.882,69.017,70.481,92647341,0,AAPL,0.017923165800115548,0.06106134738426783,-0.0014592542219200588,68.6558,70.12135,72.14178,1.2263354761240122,2.8744563289152696,69.24,66.425,70.584,0.03215050864772073,1,0.5309162,1,False,False,0.03215050864772073,0.0,5.465089536802613,12.062524527492704
2014-02-11,70.697,71.647,70.551,71.41,75715859,0,AAPL,0.013180857252309108,0.059747120978273616,0.006440883401688247,69.46099999999998,70.1442,72.12375999999999,1.478343836866112,2.8832184063900366,70.481,67.384,70.953,0.00264668813891622,1,0.53222907,1,False,False,0.00264668813891622,0.0,5.465089536802613,12.094450268085005
2014-02-12,71.541,71.89,71.049,71.405,82624900,0,AAPL,-7.001820473317988e-05,0.05179042260159972,-0.013279716994168522,70.1642,70.09615,72.07885999999999,1.3763632151433565,2.8520820146727903,71.41,67.889,72.366,-0.008892934668440655,0,0.5313892,1,False,False,-0.008892934668440655,-0.0,5.465089536802613,11.986895112000221
2014-02-13,71.238,72.593,71.174,72.539,82460844,0,AAPL,0.015881240809467068,0.062297722779527165,-0.017339709288936467,71.015,70.03214999999999,72.06948,1.2315114696986957,2.7775324959014336,71.405,68.285,73.819,-0.035236217758722876,0,0.5309162,1,False,False,-0.035236217758722876,-0.0,5.465089536802613,11.564522265582811
2014-02-14,72.279,72.745,72.11,72.481,73373818,0,AAPL,-0.0007995698865438383,0.04680820335066427,-0.012628051438535404,71.66319999999999,69.9858,72.01898,0.86084214580793,2.7254800175959417,72.539,69.24,73.408,-0.030242408355293016,0,0.5313892,1,False,False,-0.030242408355293016,-0.0,5.465089536802613,11.214783260793178
2014-02-18,72.733,73.44,72.696,72.747,69951104,0,AAPL,0.0036699272912901204,0.03215050864772073,0.0158918571687916,72.1164,70.0427,71.97728000000001,0.6546508993341679,2.772622549139888,72.481,70.481,71.609,-0.04382311298060404,0,0.535601,1,False,False,-0.04382311298060404,-0.0,5.465089536802613,10.723316546902451
2014-02-19,72.58,72.865,71.194,71.599,84194209,0,AAPL,-0.015780719479841054,0.00264668813891622,-0.015455908034596955,72.1542,69.98649999999999,71.90494,0.6074184718948048,2.726441415008339,72.747,71.41,72.723,-0.03726309026662389,0,0.525329,1,False,False,-0.03726309026662389,-0.0,5.465089536802613,10.323732634457643
2014-02-20,70.988,71.549,70.482,70.77,82022735,0,AAPL,-0.011578373999637015,-0.008892934668440655,-0.031131920486282216,72.0272,69.87280000000001,71.83688000000001,0.8291400364227208,2.638212963751086,71.599,71.405,73.044,-0.006570580754556854,0,0.5313892,1,False,False,-0.006570580754556854,-0.0,5.465089536802613,10.255899715494486
2014-02-21,70.962,71.225,69.896,69.983,74764289,0,AAPL,-0.011120531298572711,-0.035236217758722876,-0.049957237690563705,71.516,69.6888,71.73616,1.1575923289307284,2.4837640493071533,70.77,72.539,73.663,0.0018861723561434118,1,0.5361531,1,False,False,0.0018861723561434118,0.0,5.465089536802613,10.27524411002523
2014-02-24,69.701,70.606,69.608,70.289,77490655,0,AAPL,0.004372490461969303,-0.030242408355293016,-0.028137271168629963,71.0776,69.58705,71.64385999999999,1.11505730794406,2.410737962467786,69.983,72.481,72.324,0.0004125823386305072,1,0.5313892,1,False,False,0.0004125823386305072,0.0,5.465089536802613,10.279483494270144
2014-02-25,70.539,70.56,69.417,69.559,62349200,0,AAPL,-0.01038569335173356,-0.04382311298060404,-0.04597385853986369,70.44,69.41945,71.54806,0.7842180819132722,2.2804874934745674,70.289,72.747,72.911,0.017567820123923772,1,0.5361531,1,False,False,0.017567820123923772,0.0,5.465089536802613,10.460071611264325
2014-02-26,69.87,69.951,68.699,68.931,74079480,0,AAPL,-0.009028306904929617,-0.03726309026662389,0.027532645638304043,69.9064,69.51180000000001,71.44188,0.7018096608055198,2.2174609377676675,69.559,71.599,67.084,0.029014521768145007,1,0.535601,1,False,False,0.029014521768145007,0.0,5.465089536802613,10.76356558672571
2014-02-27,68.902,70.452,68.755,70.305,80967174,0,AAPL,0.01993297645471581,-0.006570580754556854,0.060039503641270864,69.8134,69.7109,71.37931999999999,0.5787873530062689,2.0912528579271674,68.931,70.77,66.323,0.00584595690206946,1,0.5378881,1,False,False,0.00584595690206946,0.0,5.465089536802613,10.826488927258307
2014-02-28,70.493,70.981,69.567,70.115,99751584,0,AAPL,-0.0027025104900080255,0.0018861723561434118,0.059218974242767564,69.8398,69.9069,71.30488,0.5913317173972585,1.9211681725885983,70.305,69.983,66.195,0.007972616415888423,1,0.5393481,1,False,False,0.007972616415888423,0.0,5.465089536802613,10.912804370606201
2014-03-03,69.683,70.703,69.659,70.318,64072608,0,AAPL,0.002895243528489022,0.0004125823386305072,0.06058732145819823,69.84559999999999,70.10775000000001,71.24112,0.5969546046392379,1.7242317854624183,70.115,70.289,66.301,0.005972866122472276,1,0.5393481,1,False,False,0.005972866122472276,0.0,5.465089536802613,10.977985090132563
2014-03-04,70.75,70.966,70.319,70.781,69522755,0,AAPL,0.00658437384453503,0.017567820123923772,0.06557771923221689,70.09,70.32554999999999,71.19778000000001,0.6927474287212434,1.4943474363497768,70.318,69.559,66.425,0.009126743052514152,1,0.5575442,1,False,False,0.009126743052514152,0.0,5.465089536802613,11.078178339284534
2014-03-05,70.738,71.25,70.5,70.931,53655882,0,AAPL,0.002119212783091351,0.029014521768145007,0.05263860857176783,70.49,70.5029,71.17417999999999,0.34770533501764256,1.3281012128515342,70.781,68.931,67.384,0.007951389378410001,1,0.55320096,1,False,False,0.007951389378410001,0.0,5.465089536802613,11.166265248863652
2014-03-06,70.986,71.207,70.364,70.716,49737443,0,AAPL,-0.0030311147453159215,0.00584595690206946,0.041641503041729866,70.5722,70.64425,71.1342,0.34156361047350625,1.177118375972164,70.931,70.305,67.889,-0.00018383392725818126,0,0.55439055,1,False,False,-0.00018383392725818126,-0.0,5.465089536802613,11.164212510470147
2014-03-07,70.84,70.881,70.09,70.674,59366890,0,AAPL,-0.0005939249957574999,0.007972616415888423,0.03498572160796676,70.684,70.7637,71.03757999999999,0.22665943615841216,1.0381158083651423,70.716,70.115,68.285,-0.010838497891728305,0,0.56673294,1,False,False,-0.010838497891728305,-0.0,5.465089536802613,11.04320921671261
2014-03-10,70.399,71.059,70.397,70.738,47918092,0,AAPL,0.0009055664034862687,0.005972866122472276,0.021634893125361154,70.768,70.8386,70.9486,0.09896716627050553,0.9744850948057827,70.674,70.318,69.24,-0.007845853713703943,0,0.5619501,1,False,False,-0.007845853713703943,-0.0,5.465089536802613,10.956565812668455
2014-03-11,71.344,71.781,70.96,71.427,75267090,0,AAPL,0.00974016794367949,0.009126743052514152,0.013422057008271926,70.8972,70.88589999999999,70.88344,0.3121805567288871,0.9791616661306084,70.738,70.781,70.481,-0.008750192504235144,0,0.56302804,1,True,True,-0.008750192504235144,-0.008750192504235144,5.417268951302709,10.860693752622284
2014-03-12,71.216,71.597,70.884,71.495,53819509,0,AAPL,0.0009520209444606742,0.007951389378410001,0.0011903094804650571,71.01,70.89015,70.8297,0.4130466075390361,0.9817373040733153,71.427,70.931,71.41,-0.009944751381215422,0,0.56096697,1,True,True,-0.009944751381215422,-0.009944751381215422,5.363395558416825,10.752686853424937
2014-03-13,71.608,71.903,70.504,70.703,69087181,0,AAPL,-0.01107769774110079,-0.00018383392725818126,-0.009831244310622433,71.0074,70.85505,70.77486,0.4153941501748744,0.9748864697727618,71.495,70.716,71.405,-0.003691498239113078,0,0.56204545,1,True,True,-0.003691498239113078,-0.003691498239113078,5.343596593157263,10.712993328839785
2014-03-14,70.453,70.735,69.682,69.908,63579800,0,AAPL,-0.011244218774309478,-0.010838497891728305,-0.03627014433615017,70.8542,70.7235,70.68696,0.6462164498057755,0.9111235689484846,70.703,70.674,72.539,0.015591920810207771,1,0.56974006,1,True,True,0.015591920810207771,0.015591920810207771,5.426913528079467,10.880029472463338
2014-03-17,70.249,70.613,70.062,70.183,53487828,0,AAPL,0.003933741488813869,-0.007845853713703943,-0.031704860584152894,70.7432,70.6086,70.62544,0.7151546685854953,0.8179586529241419,69.908,70.738,72.481,0.023652451448356482,1,0.5663266,1,False,False,0.023652451448356482,0.0,5.426913528079467,11.137368841317464
2014-03-18,70.068,70.879,69.976,70.802,56191210,0,AAPL,0.00881979966658597,-0.008750192504235144,-0.02673649772499198,70.6182,70.51135000000001,70.6085,0.613093549142123,0.6483813266401397,70.183,71.427,72.747,0.025564249597468836,1,0.5674021,1,False,False,0.025564249597468836,0.0,5.426913528079467,11.422087318235976
2014-03-19,70.918,71.446,70.482,70.784,60225016,0,AAPL,-0.00025423010649416877,-0.009944751381215422,-0.011382840542465633,70.476,70.4706,70.58336,0.4065531945511552,0.6002505091068351,70.802,71.495,71.599,0.01602056962025311,1,0.55969805,1,False,False,0.01602056962025311,0.0,5.426913528079467,11.605075663326385
2014-03-20,70.617,70.97,70.261,70.442,55860392,0,AAPL,-0.004831600361663857,-0.003691498239113078,-0.00463473223117139,70.4238,70.45419999999999,70.56168,0.3863757238747967,0.596106278054219,70.784,70.703,70.77,0.016595213083103966,1,0.5599487,1,False,False,0.016595213083103966,0.0,5.426913528079467,11.797664366804831
2014-03-21,70.874,71.116,70.128,70.998,100370851,0,AAPL,0.007893018369722782,0.015591920810207771,0.014503522283983328,70.6418,70.50495,70.54205999999999,0.32526174075607706,0.5970845373442786,70.442,69.908,69.983,0.007507253725457019,1,0.56068176,1,False,False,0.007507253725457019,0.0,5.426913528079467,11.886232426574217
2014-03-24,71.742,72.016,71.29,71.843,95345170,0,AAPL,0.011901743711090429,0.023652451448356482,0.022108722559717853,70.97380000000001,70.58265,70.55774000000001,0.5254628435955526,0.6647788136300556,70.998,70.183,70.289,-0.004593349386857404,0,0.5690334,1,True,True,-0.004593349386857404,-0.004593349386857404,5.401985818152736,11.831634808145568
2014-03-25,72.149,72.715,71.895,72.612,75668667,0,AAPL,0.01070389599543442,0.025564249597468836,0.043890797740048004,71.33579999999999,70.73530000000001,70.5983,0.8808247271729819,0.7609221621432672,71.843,70.802,69.559,-0.0061146917864813854,0,0.572726,1,True,True,-0.0061146917864813854,-0.0061146917864813854,5.368954339839788,11.759288007963553
2014-03-26,72.816,73.148,71.797,71.918,80352724,0,AAPL,-0.00955764887346433,0.01602056962025311,0.04333318826072463,71.5626,70.88465,70.6176,0.8486299546912428,0.6766099922241441,72.612,70.784,68.931,0.005172557635084507,1,0.572726,1,True,True,0.005172557635084507,0.005172557635084507,5.396725565602746,11.820113602932302
2014-03-27,71.933,72.149,71.297,71.611,59515262,0,AAPL,-0.004268750521427167,0.016595213083103966,0.018576203683948522,71.7964,70.94995,70.6025,0.5818026297630093,0.680732150353496,71.918,70.442,70.305,0.0024577229755204932,1,0.5690334,1,True,True,0.0024577229755204932,0.0024577229755204932,5.409989222017907,11.84916416770749
2014-03-28,71.723,71.807,71.181,71.531,53761202,0,AAPL,-0.0011171468070547697,0.007507253725457019,0.02019539328246478,71.903,71.02075,70.55674,0.42724524573025613,0.6627198245020424,71.611,70.998,70.115,-0.009408508199242327,0,0.5637984,1,True,True,-0.009408508199242327,-0.009408508199242327,5.359089294064739,11.737681209481446
2014-03-31,71.847,72.058,71.406,71.513,45120078,0,AAPL,-0.00025163914945969257,-0.004593349386857404,0.016994226229415155,71.837,71.0805,70.51884,0.4628374444652624,0.6497693922896101,71.531,71.843,70.318,-0.024708794205249518,0,0.57037205,1,True,True,-0.024708794205249518,-0.024708794205249518,5.226672659570137,11.447657260029544
2014-04-01,71.649,72.196,71.518,72.168,53756949,0,AAPL,0.009159173856501557,-0.0061146917864813854,0.01959565420098608,71.7482,71.14985,70.53002000000001,0.2856496105356642,0.6889569748223574,71.513,72.612,70.781,-0.03362986365148002,0,0.55960256,1,True,True,-0.03362986365148002,-0.03362986365148002,5.050900370677875,11.062674107245876
2014-04-02,72.266,72.411,71.981,72.29,48236882,0,AAPL,0.001690499944573709,0.005172557635084507,0.019159464832019912,71.8226,71.2178,70.52136,0.3753069410484499,0.7319144039676281,72.168,71.918,70.931,-0.022575736616406217,0,0.5615864,1,True,True,-0.022575736616406217,-0.022575736616406217,4.9368725742337425,10.812926090327556
2014-04-03,72.133,72.283,71.634,71.787,43575329,0,AAPL,-0.006958085489002674,0.0024577229755204932,0.015145087391821077,71.8578,71.27135000000001,70.49622000000001,0.3583708972546867,0.7324475389861314,72.29,71.611,70.716,-0.028417401479376547,0,0.5620263,1,True,True,-0.028417401479376547,-0.028417401479376547,4.796579484239219,10.505650828451893
2014-04-04,71.946,71.946,70.693,70.858,73750958,0,AAPL,-0.012941061752127836,-0.009408508199242327,0.0026035034100233556,71.72319999999999,71.28055,70.44012000000001,0.5735710069374,0.7256738048538381,71.787,71.531,70.674,-0.022961415789325312,0,0.56614274,1,True,True,-0.022961415789325312,-0.022961415789325312,4.686443228335055,10.26442621164234
2014-04-07,70.385,70.736,69.534,69.746,77608565,0,AAPL,-0.01569335854808218,-0.024708794205249518,-0.014023579971161215,71.36980000000001,71.23095,70.38856000000001,1.0673112011027182,0.7952731060185143,70.858,71.513,70.738,-0.0034553952914861963,0,0.56142336,1,True,True,-0.0034553952914861963,-0.0034553952914861963,4.6702497144700486,10.228958561640823
2014-04-08,69.975,70.099,69.113,69.741,65359845,0,AAPL,-7.168869899343289e-05,-0.03362986365148002,-0.023604519299424642,70.8844,71.14665000000001,70.32516000000001,1.1612938043404488,0.8601135956179877,69.746,72.168,71.427,-0.010467300440200278,0,0.5674021,1,False,False,-0.010467300440200278,-0.0,4.6702497144700486,10.12188897918577
2014-04-09,69.619,70.68,69.553,70.658,55224337,0,AAPL,0.013148650005018636,-0.022575736616406217,-0.0117071123854815,70.558,71.1048,70.39664,0.8569238589277535,0.8626310792835319,69.741,72.29,71.495,-0.021342240086048236,0,0.5663266,1,False,False,-0.021342240086048236,-0.0,4.6702497144700486,9.90586519446766
2014-04-10,70.707,70.915,69.704,69.747,64210843,0,AAPL,-0.012893090662062345,-0.028417401479376547,-0.013521349871999822,70.15,71.057,70.46512,0.559516308966752,0.9111876576024,70.658,71.787,70.703,0.002795819175018144,1,0.56848234,1,False,False,0.002795819175018144,0.0,4.6702497144700486,9.933560202323498
2014-04-11,69.192,69.66,68.902,69.231,72865944,0,AAPL,-0.007398167663125399,-0.022961415789325312,-0.009684156319734627,69.82459999999999,71.02315000000002,70.52584,0.5162618521640908,0.9669854010211423,69.747,70.858,69.908,0.022273259089136355,1,0.56974006,1,False,False,0.022273259089136355,0.0,4.6702497144700486,10.154812962387384
2014-04-14,69.521,69.572,68.912,69.505,55141578,0,AAPL,0.003957764585229118,-0.0034553952914861963,-0.009660459085533701,69.7764,70.98925,70.58991999999999,0.5362963732861862,1.008962409971455,69.231,69.746,70.183,0.01923602618516651,1,0.568666,1,False,False,0.01923602618516651,0.0,4.6702497144700486,10.350151210437335
2014-04-15,69.319,69.5,68.128,69.011,71395004,0,AAPL,-0.007107402345155056,-0.010467300440200278,-0.025295895596169737,69.6304,70.8997,70.64164,0.6380554834808435,1.1016763351216323,69.505,69.741,70.802,0.01312834185854439,1,0.56974006,1,False,False,0.01312834185854439,0.0,4.6702497144700486,10.486031533815584
2014-04-16,69.023,69.429,68.503,69.15,57571857,0,AAPL,0.002014171653794472,-0.021342240086048236,-0.02308431283905965,69.3288,70.81800000000001,70.67696,0.29515622981751005,1.1692257897288578,69.011,70.658,70.784,0.09396963123644242,1,0.5501025,1,False,False,0.09396963123644242,0.0,4.6702497144700486,11.471400050181941
2014-04-17,69.304,70.318,69.176,69.942,76225876,0,AAPL,0.01145336225596516,0.002795819175018144,-0.0070980381022685,69.3678,70.793,70.71802,0.3680987639208654,1.1829532624120427,69.15,69.747,70.442,0.08951702839495601,1,0.5501025,1,False,False,0.08951702839495601,0.0,4.6702497144700486,12.498285694203979
2014-04-21,69.995,70.902,69.813,70.773,48937241,0,AAPL,0.011881273054816788,0.022273259089136355,-0.003169103355024183,69.6762,70.78175,70.76778,0.7110391691038835,1.1819705613480422,69.942,69.231,70.998,0.11842086671470753,1,0.5574165,1,False,False,0.11842086671470753,0.0,4.6702497144700486,13.978343518559644
2014-04-22,70.393,70.859,70.151,70.842,54306219,0,AAPL,0.0009749480734178029,0.01923602618516651,-0.013933159806800988,69.94359999999999,70.7317,70.79982,0.8652417581230294,1.155565757995332,70.773,69.505,71.843,0.11404251715084279,1,0.5574165,1,False,False,0.11404251715084279,0.0,4.6702497144700486,15.572468999015355
2014-04-23,70.494,70.767,69.876,69.917,105031141,0,AAPL,-0.013057225939414385,0.01312834185854439,-0.03711507739767528,70.12480000000001,70.59694999999999,70.78854,0.7002447429290396,1.0793850332475265,70.842,69.011,72.612,0.12449046726833246,1,0.5704946,1,False,False,0.12449046726833246,0.0,4.6702497144700486,17.511092941224398
2014-04-24,75.707,75.945,74.711,75.648,203605444,0,AAPL,0.08196861993506577,0.09396963123644242,0.051864623599098936,71.4244,70.78345,70.87330000000001,2.401669898216492,1.5425313602540118,69.917,69.15,71.918,0.04174598138747876,1,0.546167,1,False,False,0.04174598138747876,0.0,4.6702497144700486,18.24211070122316
2014-04-25,75.218,76.211,75.141,76.203,104551267,0,AAPL,0.007336611675127003,0.08951702839495601,0.06412422672494444,72.67660000000001,71.01304999999999,70.96926,2.994559950977557,1.9579932926874615,75.648,69.942,71.611,0.03607469522197282,1,0.5393481,1,True,True,0.03607469522197282,0.03607469522197282,4.838727549530061,18.900189284975276
2014-04-28,76.319,79.376,76.285,79.154,179365028,0,AAPL,0.03872550949437681,0.11842086671470753,0.10656917979617209,74.3528,71.3942,71.10156,3.8779615392623508,2.6748566631540123,76.203,70.773,71.531,0.011547110695605989,1,0.52421474,1,True,True,0.011547110695605989,0.011547110695605989,4.894600872170363,19.11843186281679
2014-04-29,79.108,79.408,78.544,78.921,90348130,0,AAPL,-0.0029436288753568185,0.11404251715084279,0.10358955714345641,75.96860000000001,71.7646,71.23036,3.729712763738968,3.160920808545022,79.154,70.842,71.513,0.0035098389528767093,1,0.532902,1,True,True,0.0035098389528767093,0.0035098389528767093,4.911780132970291,19.185534479686826
2014-04-30,78.961,79.866,78.583,78.621,122417131,0,AAPL,-0.003801269624054582,0.12449046726833246,0.08941636182241419,77.7094,72.08725,71.34784,1.6510957876503247,3.5139003352097906,78.921,69.917,72.168,0.0038157744114168946,1,0.5291216,1,True,True,0.0038157744114168946,0.0038157744114168946,4.930522377916185,19.25874215122377
2014-05-01,78.877,79.252,78.125,78.806,65429177,0,AAPL,0.002353060887040348,0.04174598138747876,0.09013694840226849,78.341,72.41305,71.49198,1.2106855495942666,3.8222341011091983,78.621,75.648,72.29,-0.00034261350658582046,0,0.5393481,1,True,True,-0.00034261350658582046,-0.00034261350658582046,4.928833114354988,19.25214384604291
2014-05-02,78.942,79.168,78.571,78.952,51295837,0,AAPL,0.0018526508133898112,0.03607469522197282,0.09980915764692755,78.89079999999998,72.7713,71.65562,0.19615988375850735,4.087072457601143,78.806,76.203,71.787,-0.006307629952376215,0,0.53158027,1,True,True,-0.006307629952376215,-0.006307629952376215,4.8977438589726185,19.130708446872152
2014-05-05,78.627,80.074,78.609,80.068,76869322,0,AAPL,0.01413517073665016,0.011547110695605989,0.12997826639193866,79.07359999999998,73.23179999999999,71.85732,0.5708242286344201,4.369264500311419,78.952,79.154,70.858,-0.007980716391067566,0,0.5395507,1,True,True,-0.007980716391067566,-0.007980716391067566,4.858656354278065,18.978031688397465
2014-05-06,80.183,80.532,79.198,79.198,100362399,0,AAPL,-0.010865764100514652,0.0035098389528767093,0.13552031657729469,79.12899999999999,73.70439999999999,72.0355,0.5657305012071199,4.482108871595961,80.068,78.921,69.746,0.004482436425162328,1,0.5393481,1,True,True,0.004482436425162328,0.004482436425162328,4.880434972497828,19.06309950891542
2014-05-07,79.306,79.581,78.307,78.921,75755285,0,AAPL,-0.0034975630697743343,0.0038157744114168946,0.13162988772744888,79.189,74.1634,72.22273999999999,0.5117137871857986,4.524712580577795,79.198,78.621,69.741,0.008210742387957604,1,0.5393481,1,True,True,0.008210742387957604,0.008210742387957604,4.920506966798187,19.219621708099126
2014-05-08,78.815,79.641,78.566,78.779,61329017,0,AAPL,-0.001799267622052514,-0.00034261350658582046,0.11493390698859285,79.1836,74.56944999999999,72.41969999999999,0.5168822883365555,4.55784954458232,78.921,78.806,70.658,0.0014216986760431372,1,0.5393481,1,True,True,0.0014216986760431372,0.0014216986760431372,4.927502445038345,19.246946218835582
2014-05-09,78.316,78.545,77.754,78.454,77701371,0,AAPL,-0.004125464908160792,-0.006307629952376215,0.12483691054812374,79.084,75.0048,72.58268,0.6119121668965869,4.48828281077185,78.779,78.952,69.747,0.020419608942820133,1,0.5393481,1,True,True,0.020419608942820133,0.020419608942820133,5.028120118030818,19.639961333967694
2014-05-12,78.713,79.54,78.701,79.429,56840197,0,AAPL,0.01242766461875755,-0.007980716391067566,0.14730395343126657,78.9562,75.51469999999999,72.76896,0.3764474730903761,4.375685138532596,78.454,80.068,69.231,0.01985420941973337,1,0.5329007,1,True,True,0.01985420941973337,0.01985420941973337,5.127949467841777,20.029897239287756
2014-05-13,79.315,79.657,79.141,79.553,42568593,0,AAPL,0.0015611426557049501,0.004482436425162328,0.1445651391986189,79.0272,76.0171,72.95366,0.45807990568906515,4.223549553583423,79.429,79.198,69.505,0.018440536497680737,1,0.54247475,1,True,True,0.018440536497680737,0.018440536497680737,5.222511607161776,20.399259290373635
2014-05-14,79.375,80.041,79.282,79.569,44314309,0,AAPL,0.00020112377911596369,0.008210742387957604,0.15299010302705374,79.1568,76.545,73.12942,0.5093222948154311,3.952920532573048,79.553,78.921,69.011,0.020937802410486483,1,0.54247475,1,True,True,0.020937802410486483,0.020937802410486483,5.331859523279001,20.82637495071576
2014-05-15,79.68,79.935,78.786,78.891,61473971,0,AAPL,-0.008520906383139182,0.0014216986760431372,0.14086767895878527,79.17920000000001,77.03205,73.28862,0.49067423001014376,3.5759383821806994,79.569,78.779,69.15,0.03134704845926661,1,0.5393481,1,True,True,0.03134704845926661,0.03134704845926661,5.49899758213323,21.479220335526705
2014-05-16,78.866,80.057,78.434,80.056,73643793,0,AAPL,0.014767210454931456,0.020419608942820133,0.14460553029653145,79.4996,77.53774999999999,73.47542,0.416121136204261,3.2177156472934394,78.891,78.454,69.942,0.0278180273808335,1,0.5317599,1,True,True,0.0278180273808335,0.0278180273808335,5.651968847440149,22.076729874939343
2014-05-19,80.1,81.371,80.031,81.006,84639303,0,AAPL,0.011866693314679821,0.01985420941973337,0.14458903819253122,79.81500000000001,78.0494,73.68206,0.7841393371052208,2.8814414046472834,80.056,79.429,70.773,0.03477520183690097,1,0.5393481,1,True,True,0.03477520183690097,0.03477520183690097,5.848517204885757,22.8444526122391
2014-05-20,80.996,81.247,80.488,81.02,62516532,0,AAPL,0.00017282670419471735,0.018440536497680737,0.14367183309336262,80.1084,78.5583,73.8877,0.9236424091582772,2.4001058331916756,81.006,79.553,70.842,0.03189335966428053,1,0.5393481,1,True,True,0.03189335966428053,0.03189335966428053,6.035046067603911,23.57303895573485
2014-05-21,80.9,81.286,80.665,81.235,52478753,0,AAPL,0.002653665761540358,0.020937802410486483,0.1618776549337071,80.4416,79.1242,74.08386,0.9792376116120042,1.3676228550584815,81.02,79.569,69.917,0.047947313350156895,1,0.56158364,1,True,True,0.047947313350156895,0.047947313350156895,6.324410312489948,24.703302841160927
2014-05-22,81.273,81.709,80.938,81.364,53517596,0,AAPL,0.001587985474241549,0.03134704845926661,0.07556049069373949,80.9362,79.41,74.28124,0.5145242462658122,1.1884655741949717,81.235,78.891,75.648,0.042389754682660596,1,0.5627686,1,True,True,0.042389754682660596,0.042389754682660596,6.5925005141488855,25.750469788449212
2014-05-23,81.361,82.362,81.256,82.283,61841671,0,AAPL,0.011294921586942674,0.0278180273808335,0.07978688503077302,81.3816,79.714,74.51284,0.5258690901690499,1.0992226439836572,81.364,80.056,76.203,0.023637932501245684,1,0.57505673,1,True,True,0.023637932501245684,0.023637932501245684,6.7483335963167645,26.359157655183942
2014-05-27,82.487,83.855,82.483,83.823,92959721,0,AAPL,0.018715895142374483,0.03477520183690097,0.05898627991004868,81.94500000000001,79.94744999999999,74.79114,1.1552504057540876,1.4223372342339904,82.283,81.006,79.154,0.01901626045357485,1,0.5617555,1,True,True,0.01901626045357485,0.01901626045357485,6.876661665611934,26.86041026249176
2014-05-28,83.874,84.387,83.575,83.604,84112408,0,AAPL,-0.0026126480798824847,0.03189335966428053,0.0593378188314897,82.4618,80.18159999999999,75.05956,1.2144606621849743,1.6166576111138937,83.823,81.02,78.921,0.03337160901392289,1,0.5575442,1,True,True,0.03337160901392289,0.03337160901392289,7.1061469300377675,27.756785371725197
2014-05-29,84.121,85.331,84.11,85.13,100301688,0,AAPL,0.01825271518109184,0.047947313350156895,0.0827895854797065,83.2408,80.50705,75.34612,1.4559968063132638,1.913812548565295,83.604,81.235,78.621,0.018830024668154755,1,0.53887624,1,True,True,0.018830024668154755,0.018830024668154755,7.239955852025911,28.27944632498346
2014-05-30,85.478,86.307,84.26,84.813,150300491,0,AAPL,-0.003723716668624366,0.042389754682660596,0.07622516052077266,83.9306,80.8074,75.6267,1.1236126111761662,2.095538152208549,85.13,81.364,78.806,0.019820074752691097,1,0.5367032,1,True,True,0.019820074752691097,0.019820074752691097,7.383452318219248,28.83994706510935
2014-06-02,84.939,85.054,83.404,84.228,98405789,0,AAPL,-0.006897527501680267,0.023637932501245684,0.06682541290910926,84.3196,81.0712,75.90242,0.6456154428093752,2.180059260419409,84.813,82.283,78.952,0.04334663057415589,1,0.5393481,1,True,True,0.04334663057415589,0.04334663057415589,7.703500098218993,30.090061596318854
2014-06-03,84.202,85.581,84.174,85.417,78047724,0,AAPL,0.014116445837488723,0.01901626045357485,0.0668057151421293,84.6384,81.33865,76.1908,0.7274587960797528,2.3703151750221467,84.228,83.823,80.068,0.034852546916890104,1,0.5395507,1,True,True,0.034852546916890104,0.034852546916890104,7.971986696816438,31.13877687983667
2014-06-04,85.403,86.805,85.227,86.394,89398150,0,AAPL,0.011438004144374014,0.03337160901392289,0.09086088032526085,85.19640000000001,81.69845,76.48182,0.8018904538610995,2.566325931528341,85.417,83.604,79.198,0.01893650021992266,1,0.5393481,1,True,True,0.01893650021992266,0.01893650021992266,8.122948224653923,31.72843633506982
2014-06-05,86.578,87.002,86.097,86.733,80934610,0,AAPL,0.003923883603027978,0.018830024668154755,0.09898506101037752,85.51700000000001,82.08905000000001,76.76424000000002,1.0505857889736656,2.7117254649689215,86.394,85.13,78.921,-0.002040745736916816,0,0.5393481,1,True,True,-0.002040745736916816,-0.002040745736916816,8.106371352693264,31.66368666387999
2014-06-06,87.075,87.256,86.346,86.494,93342815,0,AAPL,-0.002755583226684233,0.019820074752691097,0.09793219005064802,85.8532,82.4748,77.05576,1.0378683442485699,2.7643095378493547,86.733,84.813,78.779,-0.010243485097232163,0,0.5393481,1,True,True,-0.010243485097232163,-0.010243485097232163,8.023333858549321,31.339340161415105
2014-06-09,86.938,88.048,86.051,87.879,80295914,0,AAPL,0.016012671399172174,0.04334663057415589,0.1201340913146558,86.58340000000001,82.94604999999999,77.38112,0.8810949438017052,2.8449748028654644,86.494,84.228,78.454,-0.01599927172589588,0,0.53887624,1,True,True,-0.01599927172589588,-0.01599927172589588,7.8949663599988105,30.837933542462345
2014-06-10,88.846,89.147,87.757,88.394,66883772,0,AAPL,0.005860330681960457,0.034852546916890104,0.11286809603545311,87.1788,83.3943,77.71838,0.9014697443578817,2.965376590975851,87.879,85.417,79.429,-0.023033237550059926,0,0.5393481,1,True,True,-0.023033237550059926,-0.023033237550059926,7.713119724379226,30.12763609362585
2014-06-11,88.282,88.872,87.662,88.03,48658211,0,AAPL,-0.004117926556101104,0.01893650021992266,0.10655789222279499,87.506,83.81814999999999,78.04871999999999,0.8402264575651724,2.9931224723024705,88.394,86.394,79.553,-0.01790298761785758,0,0.5400313,1,True,True,-0.01790298761785758,-0.01790298761785758,7.575031837458612,29.588261397686345
2014-06-12,88.189,88.273,86.19,86.556,58320003,0,AAPL,-0.016744291718732263,-0.002040745736916816,0.0878105794970403,87.4706,84.16749999999999,78.33648,0.8835478481624747,2.8765522034092643,88.03,86.733,79.569,-0.0046790517121862996,0,0.5333005,1,True,True,-0.0046790517121862996,-0.0046790517121862996,7.539587871769686,29.449816392532885
2014-06-13,86.473,86.697,85.234,85.608,58118984,0,AAPL,-0.010952446970747154,-0.010243485097232163,0.08514279195345464,87.2934,84.50335,78.60284,1.1705937809473532,2.6076222537806717,86.556,86.494,78.891,-0.004053359499112341,0,0.5393481,1,True,True,-0.004053359499112341,-0.004053359499112341,7.509027211650256,29.330445699511095
2014-06-16,85.824,86.986,85.769,86.473,37895837,0,AAPL,0.010104195869544919,-0.01599927172589588,0.08015639052663137,87.0122,84.8242,78.89656,1.1636065486206026,2.4196116173754674,85.608,87.879,80.056,-0.014883258358100115,0,0.54247475,1,True,True,-0.014883258358100115,-0.014883258358100115,7.397268419641261,28.893913098407044
2014-06-17,86.574,86.938,86.096,86.358,31676565,0,AAPL,-0.0013298948804828514,-0.023033237550059926,0.06606918006073625,86.60499999999999,85.0918,79.20656,0.8811169048389318,2.2661999633031105,86.473,88.394,81.006,-0.019534959123648,0,0.5416339,1,True,True,-0.019534959123648,-0.019534959123648,7.252763083436917,28.329471687107425
2014-06-18,86.537,86.556,85.674,86.454,35716386,0,AAPL,0.0011116514972555613,-0.01790298761785758,0.06706985929400155,86.2898,85.3635,79.54072,0.3875850874235029,2.0695435423481348,86.358,88.03,81.02,-0.01975617091169868,0,0.5374814,1,True,True,-0.01975617091169868,-0.01975617091169868,7.109476256378478,27.769789802618803
2014-06-19,86.556,86.565,85.665,86.151,37860944,0,AAPL,-0.00350475397321115,-0.0046790517121862996,0.06051578753000553,86.2088,85.60929999999999,79.86892,0.35933508038197787,1.831658584019297,86.454,86.556,81.235,-0.010446773688059241,0,0.5340299,1,True,True,-0.010446773688059241,-0.010446773688059241,7.035205166887462,27.479685093185868
2014-06-20,86.142,86.799,85.251,85.261,107532634,0,AAPL,-0.010330698424858675,-0.004053359499112341,0.047895875325696835,86.1394,85.80415,80.16098,0.5073877215632604,1.54040152916149,86.151,85.608,81.364,0.011787335358487638,1,0.5589817,1,True,True,0.011787335358487638,0.011787335358487638,7.118131489505329,27.803597356924882
2014-06-23,85.646,85.928,84.973,85.186,46568517,0,AAPL,-0.0008796518924243379,-0.014883258358100115,0.03528067766124243,85.882,85.9493,80.46976,0.6115917756095719,1.3108081516822607,85.261,86.473,82.283,0.023137604770736786,1,0.56158364,1,False,False,0.023137604770736786,0.0,7.118131489505329,28.446906003774114
2014-06-24,85.113,86.041,84.589,84.671,41613569,0,AAPL,-0.006045594346488881,-0.019534959123648,0.010116555122102744,85.5446,85.99170000000001,80.77856,0.7360246599084923,1.2507489587783238,85.186,86.358,83.823,0.03588005338309452,1,0.55948776,1,False,False,0.03588005338309452,0.0,7.118131489505329,29.4675825097734
2014-06-25,84.608,85.064,84.08,84.746,39299432,0,AAPL,0.0008857814363829597,-0.01975617091169868,0.01365963351035826,85.203,86.0488,81.08338,0.5903875845523546,1.1586865340551864,84.671,86.454,83.604,0.03451490335827079,1,0.56148064,1,False,False,0.03451490335827079,0.0,7.118131489505329,30.4846532723001
2014-06-26,84.756,85.392,84.221,85.251,34768469,0,AAPL,0.0059589833148467886,-0.010446773688059241,0.0014213555738282757,85.023,86.05485,81.40818,0.2897542061707554,1.1539427731367362,84.746,86.151,85.13,0.03446293885115703,1,0.5484009,1,False,False,0.03446293885115703,0.0,7.118131489505329,31.535244013922103
2014-06-27,85.177,86.286,85.13,86.266,68252052,0,AAPL,0.011906018697727783,0.011787335358487638,0.017131807623831374,85.22400000000002,86.12750000000001,81.7505,0.6368339657976482,1.1167840812801633,85.251,85.261,84.813,0.04335427630816313,1,0.57136923,1,False,False,0.04335427630816313,0.0,7.118131489505329,32.90243169634703
2014-06-30,86.377,87.895,86.368,87.157,52861317,0,AAPL,0.010328518767532824,0.023137604770736786,0.03477465925820389,85.6182,86.27395,82.09479999999999,1.0700825669047158,1.0442762527681244,86.266,85.186,84.228,0.026044953360028655,1,0.573986,1,False,False,0.026044953360028655,0.0,7.118131489505329,33.759373995309915
2014-07-01,87.709,88.225,87.345,87.709,40725631,0,AAPL,0.006333398350103936,0.03588005338309452,0.026833066017303286,86.2258,86.38855000000001,82.43352,1.2458606262311716,1.0707126733804362,87.157,84.671,85.417,0.019986546420549756,1,0.572706,1,False,False,0.019986546420549756,0.0,7.118131489505329,34.43410729079588
2014-07-02,88.03,88.215,87.307,87.671,30350622,0,AAPL,-0.00043325086365131327,0.03451490335827079,0.014781119059193992,86.8108,86.4524,82.7701,1.0483731205982267,1.108465007870925,87.709,84.746,86.394,0.016721606916768383,1,0.56793123,1,True,True,0.016721606916768383,0.016721606916768383,7.237158086254708,35.00990089744239
2014-07-03,87.851,88.255,87.41,88.189,24408182,0,AAPL,0.0059084531943285334,0.03446293885115703,0.016787151372603226,87.39840000000001,86.5252,83.13554,0.7308274762162387,1.1737534305719892,87.671,85.251,86.733,0.012643300184830508,1,0.55356985,1,True,True,0.012643300184830508,0.012643300184830508,7.3286596484243,35.45254158392992
2014-07-07,88.292,90.026,88.255,90.006,60137317,0,AAPL,0.020603476624068806,0.04335427630816313,0.04060397252988657,88.1464,86.7008,83.4227,1.1018351963847677,1.4081442285543757,88.189,86.266,86.494,0.005021887429726979,1,0.5612156,1,True,True,0.005021887429726979,0.005021887429726979,7.36546335218947,35.63058025686213
2014-07-08,90.29,90.785,88.084,89.427,69499690,0,AAPL,-0.006432904473035017,0.026044953360028655,0.01761512989451397,88.60040000000001,86.7782,83.68717999999998,1.059080639041261,1.5148168067078744,90.006,87.157,87.879,-0.00031310454337063476,0,0.55382264,1,True,True,-0.00031310454337063476,-0.00031310454337063476,7.3631571921498695,35.619424160300774
2014-07-09,89.509,89.989,88.872,89.462,38832141,0,AAPL,0.0003913806792130714,0.019986546420549756,0.01208226802724166,88.951,86.83160000000001,83.89334000000001,0.9772110826182226,1.5916504310704405,89.427,87.709,88.394,-0.006382598198117595,0,0.5543624,1,True,True,-0.006382598198117595,-0.006382598198117595,7.316161118322797,35.39207968783725
2014-07-10,87.933,89.615,87.709,89.137,42298257,0,AAPL,-0.003632827345688705,0.016721606916768383,0.012575258434624592,89.2442,86.88694999999998,84.09765999999999,0.6682310229192759,1.6535624214310127,89.462,87.671,88.03,-0.020530195092946846,0,0.55517155,1,True,True,-0.020530195092946846,-0.020530195092946846,7.165958903232198,34.66547338710083
2014-07-11,89.436,89.933,88.966,89.304,36251885,0,AAPL,0.0018735205358044738,0.012643300184830508,0.03174823235824209,89.4672,87.02435,84.31132,0.32696131268336814,1.7366957820710736,89.137,88.189,86.556,-0.00828630296515287,0,0.53140515,1,True,True,-0.00828630296515287,-0.00828630296515287,7.106579596724182,34.37822477218487
2014-07-14,89.905,90.87,89.707,90.458,45599128,0,AAPL,0.012922153542954451,0.005021887429726979,0.056653583777217076,89.55760000000001,87.26685,84.54436000000001,0.5191659657485135,1.8625663188447572,89.304,90.006,85.608,-0.026034181609144613,0,0.54247475,1,True,True,-0.026034181609144613,-0.026034181609144613,6.921565612883223,33.48321582506582
2014-07-15,90.785,90.832,89.127,89.399,48635107,0,AAPL,-0.011707090583475188,-0.00031310454337063476,0.033837151480809124,89.55199999999999,87.41315,84.7533,0.5210743708834562,1.9112093794492622,90.458,89.427,86.473,-0.0062864237855009275,0,0.536285,1,True,True,-0.0062864237855009275,-0.0062864237855009275,6.878053718181488,33.272726140688064
2014-07-16,90.936,91.067,88.853,88.891,56993284,0,AAPL,-0.005682390183335384,-0.006382598198117595,0.029331387943213105,89.43780000000001,87.5398,84.92976,0.6020147008102409,1.9215070729946466,89.399,89.462,86.358,0.02542439617059089,1,0.535601,1,True,True,0.02542439617059089,0.02542439617059089,7.05292408079514,34.11866511176449
2014-07-17,89.127,89.361,86.818,87.307,61033713,0,AAPL,-0.017819576785051416,-0.020530195092946846,0.009866518611053365,89.07180000000001,87.58245000000001,85.09194,1.1434306712660025,1.905538367769622,88.891,89.137,86.454,0.042321921495412695,1,0.52617,1,True,True,0.042321921495412695,0.042321921495412695,7.351417380055658,35.562632578152865
2014-07-18,87.804,88.853,87.24,88.564,53258066,0,AAPL,0.01439747099316202,-0.00828630296515287,0.028008961010319133,88.9238,87.70309999999999,85.28479999999999,1.1537069385211718,1.886429596100011,87.307,89.304,86.151,0.03429158574590141,1,0.5371245,1,True,True,0.03429158574590141,0.03429158574590141,7.6035091394977465,36.78213164255658
2014-07-21,89.089,89.098,87.895,88.103,41588495,0,AAPL,-0.005205275281152555,-0.026034181609144613,0.033332942376936625,88.4528,87.8452,85.47128,0.7960679619179055,1.7977461796107737,88.564,90.458,85.261,0.054095774264213636,1,0.53873134,1,True,True,0.054095774264213636,0.054095774264213636,8.014826853523902,38.77188953284891
2014-07-22,88.798,88.994,88.273,88.837,58640916,0,AAPL,0.008331157849335469,-0.0062864237855009275,0.04285915526025397,88.3404,88.02775,85.67894,0.6565141277932884,1.6959978858880143,88.103,89.399,85.186,0.03861003861003853,1,0.5393481,1,True,True,0.03861003861003853,0.03861003861003853,8.324279627791233,40.26887368469635
2014-07-23,89.49,91.798,89.256,91.151,99020557,0,AAPL,0.02604770534799683,0.02542439617059089,0.07653151610350628,88.7924,88.35175000000001,85.91338,1.4403849485439473,1.6389850477753543,88.837,88.891,84.671,0.00988469682175741,1,0.55609435,1,True,True,0.00988469682175741,0.00988469682175741,8.40656260817148,40.66691929242322
2014-07-24,91.011,91.273,90.43,91.002,48739410,0,AAPL,-0.0016346501958288684,0.042321921495412695,0.07382059330233881,89.53139999999999,88.66454999999999,86.14236000000001,1.4356313245369012,1.506209654620869,91.151,87.307,84.746,-0.014735939869453318,0,0.55646336,1,True,True,-0.014735939869453318,-0.014735939869453318,8.28268400706867,40.06765401505417
2014-07-25,90.832,91.761,90.636,91.601,46330790,0,AAPL,0.006582272917078802,0.03429158574590141,0.07448592978381474,90.1388,88.98205,86.383,1.5609978219047136,1.4153105099102559,91.002,88.564,85.251,-0.015753103132061907,0,0.56158364,1,True,True,-0.015753103132061907,-0.015753103132061907,8.152206031695037,39.43646412909524
2014-07-28,91.741,93.074,91.49,92.869,58914302,0,AAPL,0.013842643639261576,0.054095774264213636,0.07654232258363658,91.092,89.31219999999999,86.66256,1.458887932635938,1.5150203264188442,91.601,88.103,86.266,-0.03464019209854741,0,0.555508,1,True,True,-0.03464019209854741,-0.03464019209854741,7.869812048730185,38.07037743597591
2014-07-29,93.159,93.262,92.146,92.267,45964362,0,AAPL,-0.006482249189718847,0.03861003861003853,0.05862982892940316,91.77799999999999,89.5677,86.90678000000001,0.7835872638005279,1.562568671329366,92.869,88.837,87.157,-0.033132105736612294,0,0.55646336,1,True,True,-0.033132105736612294,-0.033132105736612294,7.609068603804391,36.80902566533442
2014-07-30,92.324,92.567,91.601,92.052,35187956,0,AAPL,-0.0023301938938080635,0.00988469682175741,0.04951601317994747,91.9582,89.78484999999999,87.1277,0.7027842485359911,1.5921632842370603,92.267,91.151,87.709,-0.03251423108677709,0,0.55895895,1,True,True,-0.03251423108677709,-0.03251423108677709,7.361665588865155,35.612208498772624
2014-07-31,91.124,91.395,89.408,89.661,60546841,0,AAPL,-0.025974449224351548,-0.014735939869453318,0.022698497792884798,91.69,89.88435000000001,87.30051999999999,1.2225767869505975,1.5133383548645265,92.052,91.002,87.671,-0.006814557053791526,0,0.5456813,1,True,True,-0.006814557053791526,-0.006814557053791526,7.3114990986989,35.36952707214622
2014-08-01,89.004,90.617,88.921,90.158,51711818,0,AAPL,0.005543101236881176,-0.015753103132061907,0.022327047590969595,91.4014,89.9828,87.47897999999999,1.4054740481384234,1.4603620891981475,89.661,91.601,88.189,-0.00957208456265668,0,0.55274004,1,True,True,-0.00957208456265668,-0.00957208456265668,7.241512811046366,35.03096696807046
2014-08-04,90.382,90.579,89.256,89.652,42582820,0,AAPL,-0.005612369395949335,-0.03464019209854741,-0.0039330711285914255,90.75800000000001,89.96509999999999,87.64474,1.297898493716271,1.4622102196004612,90.158,92.869,90.006,0.009168785972426763,1,0.553529,1,True,True,0.009168785972426763,0.009168785972426763,7.3079086921274365,35.35215840660785
2014-08-05,89.436,89.734,88.498,89.21,59603481,0,AAPL,-0.0049301744523269075,-0.033132105736612294,-0.0024265602111220863,90.1466,89.95425,87.78327999999999,1.1167290629294602,1.4672097713504164,89.652,92.267,89.427,0.013967044053357247,1,0.5521791,1,True,True,0.013967044053357247,0.013967044053357247,7.409978574768293,35.8459235604542
2014-08-06,88.862,89.548,88.827,89.059,41075935,0,AAPL,-0.0016926353547808137,-0.03251423108677709,-0.004504705908654039,89.548,89.9341,87.88799999999999,0.43273837360653195,1.4770601634002747,89.21,92.052,89.462,0.02912675866560388,1,0.54933983,1,False,False,0.02912675866560388,0.0,7.409978574768293,36.88999912514524
2014-08-07,89.474,90.437,88.693,89.05,49506505,0,AAPL,-0.00010105660292614171,-0.006814557053791526,-0.0009760256683531976,89.42580000000001,89.92975,87.99692,0.4768702129423622,1.4796570326257317,89.059,89.661,89.137,0.031982032565974094,1,0.5510957,1,False,False,0.031982032565974094,0.0,7.409978574768293,38.069816278524385
2014-08-08,88.845,89.373,87.919,89.295,44397365,0,AAPL,0.002751263335204923,-0.00957208456265668,-0.00010077936038699331,89.25319999999999,89.9293,88.08022000000001,0.24579401943861556,1.4798587094679883,89.05,90.158,89.304,0.03420124307072059,1,0.5451171,1,False,False,0.03420124307072059,0.0,7.409978574768293,39.37185131872387
2014-08-11,89.797,90.558,89.392,90.474,38777694,0,AAPL,0.013203426843608312,0.009168785972426763,0.0001768776669837102,89.4176,89.9301,88.19344000000001,0.5995484133843539,1.4801638565015436,89.295,89.652,90.458,0.033026062736255746,1,0.553529,1,False,False,0.033026062736255746,0.0,7.409978574768293,40.67214855041858
2014-08-12,90.523,91.313,90.116,90.456,35843833,0,AAPL,-0.00019895218515819657,0.013967044053357247,0.011823398472018631,89.6668,89.98295,88.31800000000001,0.7352732145206635,1.479072557022001,90.474,89.21,89.399,0.04760325462103121,1,0.5558006,1,False,False,0.04760325462103121,0.0,7.409978574768293,42.608275193848556
2014-08-13,90.624,91.653,90.523,91.653,33844029,0,AAPL,0.013232953037941142,0.02912675866560388,0.03107176204565132,90.1856,90.12105,88.44272,1.0478918360170808,1.5005391478394314,90.456,89.059,88.891,0.03431420684538411,1,0.5552398,1,True,True,0.03431420684538411,0.03431420684538411,7.664246112302757,44.07034436217533
2014-08-14,91.735,91.963,91.238,91.898,29809389,0,AAPL,0.002673125811484489,0.031982032565974094,0.052584557939225895,90.75520000000002,90.3506,88.5528,1.0503350417799604,1.3948315650016245,91.653,89.05,87.307,0.03164377897233894,1,0.5595185,1,True,True,0.03164377897233894,0.03164377897233894,7.906771822270073,45.46489659840687
2014-08-15,92.273,92.547,91.294,92.349,51895143,0,AAPL,0.004907614964417162,0.03420124307072059,0.04273745539948526,91.36600000000001,90.53985,88.66512,0.8595705322953825,1.3964409375599098,91.898,89.295,88.564,0.0340339364800919,1,0.56158364,1,True,True,0.0340339364800919,0.0340339364800919,8.175870392231793,47.01224600131099
2014-08-18,92.831,93.659,92.349,93.462,50442748,0,AAPL,0.012052106682259645,0.033026062736255746,0.06082653258118342,91.9636,90.8078,88.80447999999998,1.0917153017111345,1.4182212209548755,92.349,90.474,88.103,0.023977659369583293,1,0.56158364,1,True,True,0.023977659369583293,0.023977659369583293,8.371908627546588,48.13948962212948
2014-08-19,93.698,94.904,93.612,94.762,73588829,0,AAPL,0.013909396332199231,0.04760325462103121,0.06669518331325919,92.82480000000001,91.10405,88.94214,1.2861985461000012,1.5929456486212314,93.462,90.456,88.837,0.0034613030539667466,1,0.55774534,1,True,True,0.0034613030539667466,0.0034613030539667466,8.400886340446647,48.30611498457496
2014-08-20,94.685,95.271,94.209,94.798,55845077,0,AAPL,0.00037989911567937185,0.03431420684538411,0.040010531974416175,93.4538,91.2864,89.07022,1.337855074359478,1.794583558198379,94.762,91.653,91.151,0.01548555876706259,1,0.5400313,1,True,True,0.01548555876706259,0.01548555876706259,8.530978759567047,49.05416216697708
2014-08-21,94.798,95.128,94.359,94.806,35506462,0,AAPL,8.438996603299387e-05,0.03164377897233894,0.04180127909276732,94.0354,91.47659999999999,89.20573999999999,1.1040904854173288,1.9570823181428596,94.798,91.898,91.002,0.016517941902411293,1,0.54391974,1,True,True,0.016517941902411293,0.016517941902411293,8.67189297108828,49.86443596772267
2014-08-22,94.529,95.635,94.437,95.492,46837483,0,AAPL,0.0072358289559733,0.0340339364800919,0.04247770220849123,94.664,91.67115,89.38446,0.7379214050213796,2.153628768158513,94.806,92.349,91.601,0.011739203284044653,1,0.5400313,1,True,True,0.011739203284044653,0.011739203284044653,8.773694085533362,50.44980471819199
2014-08-25,95.957,96.304,95.453,95.703,42651286,0,AAPL,0.002209609181921035,0.023977659369583293,0.030516103328344313,95.1122,91.81285,89.58636,0.4495588949052995,2.32315135956763,95.492,93.462,92.869,0.01728263481813519,1,0.5345201,1,True,True,0.01728263481813519,0.01728263481813519,8.925326636419669,51.321710269782734
2014-08-26,95.585,95.664,95.06,95.09,35148584,0,AAPL,-0.006405232855814291,0.0034613030539667466,0.030595987731258267,95.1778,91.954,89.7587,0.40766064316835476,2.4352521321940337,95.703,94.762,92.267,-0.019297507624356003,0,0.5310075,1,True,True,-0.019297507624356003,-0.019297507624356003,8.753090077603492,50.331329174556615
2014-08-27,95.203,96.682,94.924,96.266,50529216,0,AAPL,0.012367231044273952,0.01548555876706259,0.04577847303697902,95.4714,92.16470000000001,89.95685999999999,0.5642860976386713,2.61950634360705,95.09,94.798,92.052,-0.039307751438721894,0,0.5400313,1,True,True,-0.039307751438721894,-0.039307751438721894,8.409025788512311,48.35291779778265
2014-08-28,95.75,96.885,95.721,96.372,72606328,0,AAPL,0.0011011156586957505,0.016517941902411293,0.07484859637969676,95.7846,92.50025000000001,90.15522000000001,0.5365461769392378,2.7101703165527633,96.266,94.806,89.661,-0.032042501971526915,0,0.5393481,1,True,True,-0.032042501971526915,-0.032042501971526915,8.139579563105285,46.80356933391812
2014-08-29,96.91,96.998,96.332,96.613,47291611,0,AAPL,0.0025007263520524514,0.011739203284044653,0.07159653053528259,96.0088,92.82300000000001,90.36446,0.6125419985502991,2.7994422940795585,96.372,95.492,90.158,-0.04043969238094247,0,0.5400313,1,True,True,-0.04043969238094247,-0.04043969238094247,7.810417469463101,44.91084738772436
2014-09-02,97.144,97.778,96.826,97.357,56799272,0,AAPL,0.007700827010857836,0.01728263481813519,0.08594342569044744,96.3396,93.20824999999999,90.60637999999999,0.8182018699488685,2.869386783468615,96.613,95.703,89.652,-0.05133683248251286,0,0.5393481,1,True,True,-0.05133683248251286,-0.05133683248251286,7.4094553762147815,42.60526673873306
2014-09-03,97.173,97.261,92.914,93.255,132973538,0,AAPL,-0.042133590804975585,-0.019297507624356003,0.045342450397937384,95.9726,93.4105,90.76776,1.5777855684433224,2.710916634643411,97.357,95.09,89.21,0.020685217950780155,1,0.5285154,1,True,True,0.020685217950780155,0.020685217950780155,7.562721575568364,43.486565967074874
2014-09-04,93.171,94.341,92.172,92.482,90877484,0,AAPL,-0.00828909978017256,-0.039307751438721894,0.038435194646245785,95.21579999999999,93.58165,90.92397999999999,2.1904396134083215,2.5232917572273568,93.255,96.266,89.059,0.03366060422568706,1,0.5393481,1,True,True,0.03366060422568706,0.03366060422568706,7.8172873533926355,44.95035005322681
2014-09-05,93.122,93.678,92.662,93.284,61989515,0,AAPL,0.00867195778638008,-0.032042501971526915,0.047546322290847876,94.5982,93.79335,91.09474,2.218107684488899,2.2899026703027845,92.482,96.372,89.05,0.027121478495776286,1,0.5393481,1,True,True,0.027121478495776286,0.027121478495776286,8.029303744242977,46.16947000557302
2014-09-08,93.593,93.603,92.418,92.706,49137848,0,AAPL,-0.006196132241327645,-0.04043969238094247,0.038199227280362846,93.81680000000001,93.9639,91.24384,2.0092336101083665,2.051890807084181,93.284,96.613,89.295,0.033244881668931914,1,0.5400313,1,False,False,0.033244881668931914,0.0,8.029303744242977,47.7043685726256
2014-09-09,93.385,97.153,90.615,92.359,201284504,0,AAPL,-0.003743015554548923,-0.05133683248251286,0.020834714945730193,92.8172,94.05815,91.3657,0.4313475396818696,1.9223546765926356,92.706,97.357,90.474,0.029244578221938378,1,0.51947606,1,False,False,0.029244578221938378,0.0,8.029303744242977,49.099462710875926
2014-09-10,92.378,95.289,92.142,95.184,106928476,0,AAPL,0.030587165300620445,0.020685217950780155,0.05226850623507562,93.203,94.29454999999999,91.52624,1.1629819431054842,1.7379336936920478,92.359,93.255,90.456,0.005841317868549245,1,0.535242,1,False,False,0.005841317868549245,0.0,8.029303744242977,49.38626827974513
2014-09-11,94.645,95.605,93.897,95.595,66170138,0,AAPL,0.004317952597075125,0.03366060422568706,0.04301004877090753,93.82560000000001,94.49164999999999,91.68396000000001,1.4725638526016738,1.6435563582114716,95.184,92.482,91.653,0.003588053768502464,1,0.5575442,1,False,False,0.003588053768502464,0.0,8.029303744242977,49.563468865758544
2014-09-12,95.385,96.323,95.261,95.814,66492385,0,AAPL,0.002290914796798882,0.027121478495776286,0.042612461642255406,94.3316,94.68745,91.84682,1.6623779052877297,1.5488384263822712,95.595,93.284,91.898,-0.006950967499530281,0,0.5575442,1,False,False,-0.006950967499530281,-0.0,8.029303744242977,49.21895480450868
2014-09-15,96.91,97.134,95.605,95.788,65021888,0,AAPL,-0.0002713590915731645,0.033244881668931914,0.03723916880529288,94.94800000000001,94.85940000000001,91.99880000000002,1.4690798140293482,1.4641439891753227,95.814,92.706,92.349,-0.005689647972606182,0,0.5575442,1,True,True,-0.005689647972606182,-0.005689647972606182,7.983619832473106,48.93891627809141
2014-09-16,94.065,95.433,93.207,95.06,70954298,0,AAPL,-0.007600116924875722,0.029244578221938378,0.017097857952964812,95.48819999999999,94.9393,92.09988,0.34760782498127724,1.4270040054479542,95.788,92.359,93.462,0.017778245318746055,1,0.5505565,1,True,True,0.017778245318746055,0.017778245318746055,8.12555458438642,49.808964337316894
2014-09-17,95.443,95.947,94.815,95.74,64628387,0,AAPL,0.007153376814643231,0.005841317868549245,0.010320592642620419,95.5994,94.98819999999999,92.22614000000002,0.31319450823435024,1.4373280986411654,95.06,95.184,94.762,0.0016503029036976091,1,0.54974574,1,True,True,0.0016503029036976091,0.0016503029036976091,8.138964210711185,49.89116421579294
2014-09-18,96.13,96.469,95.721,95.938,39549055,0,AAPL,0.0020681011071652655,0.003588053768502464,0.012025570159708066,95.66799999999999,95.0452,92.35566,0.34765787778809487,1.4519187522528252,95.74,95.595,94.798,-0.03850403385519818,0,0.55109704,1,True,True,-0.03850403385519818,-0.03850403385519818,7.825581257195715,47.970153139752796
2014-09-19,96.362,96.469,95.08,95.148,75183589,0,AAPL,-0.008234484771414974,-0.006950967499530281,0.0036073666223657153,95.53479999999999,95.06230000000001,92.47588,0.40119720835044664,1.4509669407479253,95.938,95.814,94.806,-0.0019022995753983363,0,0.55001223,1,True,True,-0.0019022995753983363,-0.0019022995753983363,7.810694657292906,47.87889953780325
2014-09-22,95.947,96.276,94.806,95.243,55962429,0,AAPL,0.000998444528524045,-0.005689647972606182,-0.0026075482762955016,95.42580000000001,95.04984999999999,92.59466,0.3890593784864295,1.4481513905616028,95.148,95.788,95.492,-0.009281522001616915,0,0.5498201,1,True,True,-0.009281522001616915,-0.009281522001616915,7.73819952298333,47.434510478329926
2014-09-23,94.825,97.036,94.771,96.75,67229669,0,AAPL,0.015822685131715808,0.017778245318746055,0.01094009592175782,95.76379999999999,95.1022,92.72049999999999,0.6430289262452193,1.491286996271555,95.243,95.06,95.703,-0.018428940568475438,0,0.55254346,1,True,True,-0.018428940568475438,-0.018428940568475438,7.595592703867266,46.56034270383006
2014-09-24,96.295,96.949,95.375,95.898,63786691,0,AAPL,-0.008806201550387582,0.0016503029036976091,0.008497213166473783,95.7954,95.1426,92.85048,0.6454446529239074,1.5018463513766496,96.75,95.74,95.09,-0.025193434691025862,0,0.553013,1,True,True,-0.025193434691025862,-0.025193434691025862,7.404233635142753,45.387327750729334
2014-09-25,94.742,94.933,92.105,92.244,106124440,0,AAPL,-0.03810298442094717,-0.03850403385519818,-0.041780067729001,95.0566,94.94149999999999,92.91753999999999,1.697746683103353,1.6089607139184352,95.898,95.938,96.266,0.020760157842244498,1,0.5508085,1,True,True,0.020760157842244498,0.020760157842244498,7.557946694109172,46.32957583887216
2014-09-26,92.869,94.967,92.745,94.967,66137193,0,AAPL,0.02951953514591743,-0.0019022995753983363,-0.014578923338729122,95.0204,94.87125,93.07074,1.6972402010288512,1.5734968725359202,92.244,95.148,96.372,-0.011267071719649913,0,0.5507259,1,True,True,-0.011267071719649913,-0.011267071719649913,7.472790766653353,45.80757718515463
2014-09-29,92.983,94.665,92.963,94.359,52777909,0,AAPL,-0.006402223930418005,-0.009281522001616915,-0.023330193659238496,94.84360000000001,94.75855,93.18664000000001,1.714213026431823,1.5220594937837402,94.967,95.243,96.613,-0.004896194321686198,0,0.5510957,1,True,True,-0.004896194321686198,-0.004896194321686198,7.436202530934516,45.58329438585047
2014-09-30,95.012,95.703,94.762,94.967,58608757,0,AAPL,0.006443476509924828,-0.018428940568475438,-0.02454882545682391,94.487,94.63905,93.32392,1.3692291627002162,1.3959064391383094,94.359,96.75,97.357,-0.019922709993997922,0,0.5573095,1,False,False,-0.019922709993997922,-0.0,7.436202530934516,44.675151631230136
2014-10-01,94.815,94.914,93.028,93.482,54606482,0,AAPL,-0.01563701075110302,-0.025193434691025862,0.0024341858345398037,94.0038,94.6504,93.41682,1.1565948728872146,1.384940333119616,94.967,95.898,93.255,0.01625981472369009,1,0.55084646,1,False,False,0.01625981472369009,0.0,7.436202530934516,45.4015613195067
2014-10-02,93.564,94.463,92.408,94.159,50644838,0,AAPL,0.00724203589995942,0.020760157842244498,0.018133258363789873,94.3868,94.73425,93.47698,0.6214082393956397,1.2945642174660712,93.482,92.244,92.482,0.011087628373283476,1,0.5578691,1,False,False,0.011087628373283476,0.0,7.436202530934516,45.90495695898423
2014-10-03,93.726,94.454,93.348,93.897,46100381,0,AAPL,-0.002782527427011794,-0.011267071719649913,0.006571330560439126,94.1728,94.76489999999998,93.53487999999999,0.5520155794802332,1.2653480444801912,94.159,94.967,93.284,0.011235715731066964,1,0.55706096,1,False,False,0.011235715731066964,0.0,7.436202530934516,46.42073200602224
2014-10-06,94.209,94.874,93.708,93.897,39284946,0,AAPL,0.0,-0.004896194321686198,0.012847064914892181,94.08040000000001,94.82445,93.5808,0.5517225752032857,1.1890789215037634,93.897,94.359,92.706,0.0018956942181325154,1,0.56148064,1,False,False,0.0018956942181325154,0.0,7.436202530934516,46.50873151928754
2014-10-07,93.717,94.369,93.057,93.075,44640757,0,AAPL,-0.00875427329946643,-0.019922709993997922,0.007752357647874186,93.70200000000001,94.86025000000001,93.58492,0.42615372811832475,1.1196983557549436,93.897,94.967,92.359,0.0,0,0.5642187,1,False,False,0.0,0.0,7.436202530934516,46.50873151928754
2014-10-08,93.084,95.289,92.662,95.002,60880729,0,AAPL,0.020703733548213643,0.01625981472369009,-0.0019120860648849103,94.006,94.85115,93.63962,0.6902803778096145,1.1176664258441675,93.075,93.482,95.184,-0.03227300477884665,0,0.5682993,1,False,False,-0.03227300477884665,-0.0,7.436202530934516,45.00775500470748
2014-10-09,95.703,96.499,94.835,95.203,82050763,0,AAPL,0.002115744931685759,0.011087628373283476,-0.004100632878288546,94.2148,94.83155000000001,93.70263999999999,0.8799660220649859,1.1073246314696006,95.002,94.159,95.595,-0.04699431740596416,0,0.56974006,1,False,False,-0.04699431740596416,-0.0,7.436202530934516,42.89264628028638
2014-10-10,94.914,96.169,94.539,94.952,70335317,0,AAPL,-0.0026364715397624305,0.011235715731066964,-0.008996597574467136,94.42580000000001,94.78845,93.80846,0.9106622315594106,1.0835938486965457,95.203,93.897,95.814,-0.03048908922402893,0,0.56974006,1,False,False,-0.03048908922402893,-0.0,7.436202530934516,41.58488856079202
2014-10-13,95.502,95.928,94.075,94.075,56785539,0,AAPL,-0.009236245682028743,0.0018956942181325154,-0.01788324215976944,94.4614,94.7028,93.88680000000001,0.8880198758973519,1.0680165876823322,94.952,93.897,95.788,-0.0005102311985117902,0,0.56974006,1,False,False,-0.0005102311985117902,-0.0,7.436202530934516,41.56367065326167
2014-10-14,94.626,94.752,92.904,93.075,67552864,0,AAPL,-0.01062981663566298,0.0,-0.020881548495686908,94.4614,94.60355,93.95526000000001,0.8880198758973519,1.1238481576995456,94.075,93.075,95.06,0.03770077894171364,1,0.56974006,1,False,False,0.03770077894171364,0.0,7.436202530934516,43.130653412566474
2014-10-15,92.34,93.452,89.71,91.936,107047620,0,AAPL,-0.012237442922374386,-0.03227300477884665,-0.039732609149780496,93.8482,94.41335000000001,94.00978,1.3564330798049253,1.2375366565486452,93.075,95.002,95.74,0.0560063522450398,1,0.56342137,1,False,False,0.0560063522450398,0.0,7.436202530934516,45.5462439801494
2014-10-16,90.059,92.105,89.928,90.729,76540345,0,AAPL,-0.013128698224852187,-0.04699431740596416,-0.05429548249911409,92.9534,94.1529,94.04318,1.6770683647334,1.432547157297336,91.936,95.203,95.938,0.0890233552667834,1,0.5607642,1,False,False,0.0890233552667834,0.0,7.436202530934516,49.60092343906183
2014-10-17,91.898,93.313,91.247,92.057,72278875,0,AAPL,0.01463699588885592,-0.03048908922402893,-0.032486231975448754,92.37440000000001,93.99835,94.10332,1.2632457401431736,1.4853051175065966,90.729,94.952,95.148,0.07729993373670663,1,0.5523807,1,False,False,0.07729993373670663,0.0,7.436202530934516,53.43507153418077
2014-10-20,92.716,94.218,92.576,94.027,82008266,0,AAPL,0.02139978491586736,-0.0005102311985117902,-0.012767342481862176,92.3648,93.93755,94.19796000000001,1.2471712793317047,1.4562791257486722,92.057,94.075,95.243,0.05367607176662026,1,0.5558595,1,False,False,0.05367607176662026,0.0,7.436202530934516,56.30325626870395
2014-10-21,97.104,97.104,95.443,96.584,100342644,0,AAPL,0.027194316526104156,0.03770077894171364,-0.0017157622739017997,93.06660000000001,93.92925,94.32016,2.2943622861243,1.439785688543065,94.027,93.075,96.75,0.041580385985256374,1,0.5558595,1,False,False,0.041580385985256374,0.0,7.436202530934516,58.64436739658346
2014-10-22,96.94,98.132,96.71,97.085,72394711,0,AAPL,0.005187194566387721,0.0560063522450398,0.01237773467642711,94.09639999999999,93.98859999999999,94.45273999999999,2.766913225959389,1.5457753428336027,96.584,91.936,95.898,0.04217953339856839,1,0.55382264,1,False,False,0.04217953339856839,0.0,7.436202530934516,61.11795944982557
2014-10-23,98.102,99.014,97.67,98.806,75378691,0,AAPL,0.0177267343049905,0.0890233552667834,0.07113741815185803,95.71180000000001,94.3167,94.5958,2.665361082477978,1.8268426631145147,97.085,90.729,92.244,0.02038337752768049,1,0.53887624,1,False,False,0.02038337752768049,0.0,7.436202530934516,62.36374989101283
2014-10-24,99.143,99.423,98.518,99.173,49878793,0,AAPL,0.0037143493310123343,0.07729993373670663,0.044289068834437284,97.135,94.527,94.74130000000001,2.0561766704219493,2.1236260697675293,98.806,92.057,94.967,0.026388230667621304,1,0.5400313,1,False,False,0.026388230667621304,0.0,7.436202530934516,64.00941890843472
2014-10-27,98.826,99.413,98.686,99.074,36271985,0,AAPL,-0.000998255573593676,0.05367607176662026,0.049968736421539095,98.14439999999999,94.76275000000001,94.8758,1.216250919829876,2.3532887373980675,99.173,94.027,94.359,0.040737226719421926,1,0.5435987,1,False,False,0.040737226719421926,0.0,7.436202530934516,66.61698511868609
2014-10-28,99.343,100.6,99.303,100.6,50990915,0,AAPL,0.01540262833841366,0.041580385985256374,0.05931534111849368,98.9476,95.04440000000001,95.01856000000002,1.2536483956782443,2.6917674178064597,99.074,96.584,94.967,0.01739562624254476,1,0.5401957,1,True,True,0.01739562624254476,0.01739562624254476,7.565559930826518,67.77582929321592
2014-10-29,100.52,101.21,100.24,101.18,55900054,0,AAPL,0.005765407554672031,0.04217953339856839,0.08234740377826766,99.76660000000001,95.4293,95.14692,1.054403053858549,2.9904071030698463,100.6,97.085,93.482,0.01393556038742827,1,0.5400313,1,True,True,0.01393556038742827,0.01393556038742827,7.670990248107258,68.72032345513956
2014-10-30,100.8,101.19,99.82,100.82,43133355,0,AAPL,-0.0035580154180669954,0.02038337752768049,0.07074204271498186,100.1694,95.76235,95.26736000000001,0.9775892798031469,3.2047308496044122,101.18,98.806,94.159,0.02043245387819881,1,0.54247475,1,True,True,0.02043245387819881,0.02043245387819881,7.827727402551822,70.1244482946316
2014-10-31,101.8,101.83,101.05,101.79,47360766,0,AAPL,0.009621106923229705,0.026388230667621304,0.08406019361640937,100.6928,96.15700000000001,95.40704000000001,1.0107567461984999,3.440270475900609,100.82,99.173,93.897,0.01365556537970325,1,0.5400313,1,True,True,0.01365556537970325,0.01365556537970325,7.9346194458718635,71.08203728303457
2014-11-03,102.01,103.96,101.8,103.11,55411077,0,AAPL,0.012967875036840493,0.040737226719421926,0.09811815073964025,101.5,96.61765,95.55940000000001,1.0063548081990612,3.7266211488192456,101.79,99.074,93.897,-0.0009698380370477544,0,0.5400313,1,True,True,-0.0009698380370477544,-0.0009698380370477544,7.926924150123758,71.01309921952664
2014-11-04,103.07,103.19,101.53,102.35,44070830,0,AAPL,-0.007370769081563422,0.01739562624254476,0.09965081923180219,101.85,97.0814,95.69234,0.9152868402775115,3.8379996489379336,103.11,100.6,93.075,0.014753297508549146,1,0.54247475,1,True,True,0.014753297508549146,0.014753297508549146,8.043872420438237,72.06077659931643
2014-11-05,102.81,103.01,101.92,102.59,39689849,0,AAPL,0.0023448949682463027,0.01393556038742827,0.0798720026946802,102.13199999999999,97.46079999999999,95.84233999999998,0.8735101602071147,3.993524147388348,102.35,101.18,95.002,0.026415830002924245,1,0.54247475,1,True,True,0.026415830002924245,0.026415830002924245,8.256357986861746,73.96432182384267
2014-11-06,102.71,102.97,102.06,102.88,36913586,0,AAPL,0.002826786236475254,0.02043245387819881,0.08063821518229464,102.54400000000001,97.84465,95.97462,0.5102744359507532,4.131647553048995,102.59,100.82,95.203,0.03819984447900482,1,0.5435987,1,True,True,0.03819984447900482,0.03819984447900482,8.571749577922853,76.78974741450853
2014-11-07,102.93,103.49,102.74,103.18,35579243,0,AAPL,0.0029160186625194484,0.01365556537970325,0.08665430954587583,102.822,98.25605,96.11077999999999,0.35038550196139095,4.236764250361574,102.88,101.79,94.952,0.04748982360922649,1,0.5354787,1,True,True,0.04748982360922649,0.04748982360922649,8.978820453400871,80.43647897422059
2014-11-10,103.19,103.5,102.85,103.01,28715933,0,AAPL,-0.0016476061252180818,-0.0009698380370477544,0.09497741163964935,102.80199999999999,98.7028,96.23872000000001,0.33221980673154705,4.2437595373100585,103.18,103.11,94.075,0.04756819726240158,1,0.52918476,1,True,True,0.04756819726240158,0.04756819726240158,9.40592675591193,84.26269727315933
2014-11-11,102.89,103.91,102.6,103.86,28975210,0,AAPL,0.008251626055722605,0.014753297508549146,0.1158742949234488,103.104,99.24205,96.36878,0.47447866125318366,4.1756762638535365,103.01,102.35,93.075,0.0525707683419987,1,0.5376414,1,True,True,0.0525707683419987,0.0525707683419987,9.900403552438783,88.69245201137856
2014-11-12,103.55,105.48,103.54,105.3,49565600,0,AAPL,0.013864818024263315,0.026415830002924245,0.14536199095022617,103.646,99.91024999999999,96.60968000000001,0.9987392051904138,4.011035696082293,103.86,102.59,91.936,0.030769230769230882,1,0.5386178,1,True,True,0.030769230769230882,0.030769230769230882,10.205031354052286,91.4214505348056
2014-11-13,105.84,107.39,105.65,106.81,62848423,0,AAPL,0.014339981006647795,0.03819984447900482,0.17724211663305,104.43199999999999,100.7143,96.89623999999999,1.60663312550938,3.6710891127384855,105.3,102.88,90.729,0.030802359329650697,1,0.5395507,1,True,True,0.030802359329650697,0.030802359329650697,10.519370396790157,94.23744690461658
2014-11-14,107.1,108.09,107.01,108.08,46514993,0,AAPL,0.011890272446400063,0.04748982360922649,0.1740552049273818,105.412,101.51545,97.19216,2.077467207920167,3.4222866851340217,106.81,103.18,92.057,0.020077720207253957,1,0.5400313,1,True,True,0.020077720207253957,0.020077720207253957,10.73057537237338,96.12951999661342
2014-11-17,108.17,111.03,107.24,107.91,49355439,0,AAPL,-0.001572908956328667,0.04756819726240158,0.1476490795197123,106.39200000000001,102.2096,97.49624,1.7980461618054178,3.225762894667508,108.08,103.01,94.027,0.04068204985636181,1,0.5400313,1,True,True,0.04068204985636181,0.04068204985636181,11.167117174659722,100.04026592178379
2014-11-18,107.86,109.52,107.82,109.32,46700497,0,AAPL,0.013066444259104859,0.0525707683419987,0.13186449101300401,107.484,102.84639999999999,97.83546,1.510936795495674,3.3126989060412777,107.91,103.86,96.584,0.01829491401390415,1,0.5400313,1,True,True,0.01829491401390415,0.01829491401390415,11.371418623153314,101.87049398475092
2014-11-19,109.29,109.57,107.73,108.54,44193084,0,AAPL,-0.007135016465422472,0.030769230769230882,0.11798939074007331,108.13199999999999,103.41914999999999,98.10258,0.9188960768130808,3.2538884151738507,109.32,105.3,97.085,0.03795835636631639,1,0.54247475,1,True,True,0.03795835636631639,0.03795835636631639,11.803058983641534,105.7373304986368
2014-11-20,108.78,110.62,108.72,110.1,45810221,0,AAPL,0.014372581536760576,0.030802359329650697,0.11430479930368609,108.79,103.98385,98.39268,0.9135097153190004,3.388392636709562,108.54,106.81,98.806,0.02270663033605813,1,0.5408699,1,True,True,0.02270663033605813,0.02270663033605813,12.071066680817772,108.13826897499095
2014-11-21,111.23,111.29,109.83,110.25,60391456,0,AAPL,0.0013623978201635634,0.020077720207253957,0.11169370695653047,109.224,104.5377,98.68140000000001,1.0029606173634267,3.4650757582637803,110.1,108.08,99.173,-0.01188208616780051,0,0.5393481,1,True,True,-0.01188208616780051,-0.01188208616780051,11.92763722637903,106.85336074499332
2014-11-24,110.63,112.44,110.39,112.3,50094566,0,AAPL,0.018594104308389925,0.04068204985636181,0.13349617457657903,110.102,105.199,99.01163999999999,1.4057453538894096,3.6258079317409257,110.25,107.91,99.074,-0.03374888691006228,0,0.5401957,1,True,True,-0.03374888691006228,-0.03374888691006228,11.525092746521715,103.24717875725045
2014-11-25,112.73,113.34,111.18,111.32,72696667,0,AAPL,-0.008726625111309061,0.01829491401390415,0.10656063618290257,110.502,105.73499999999999,99.33684000000001,1.4121331381925355,3.7017286146910497,112.3,109.32,100.6,-0.014283147682357056,0,0.5393481,1,True,True,-0.014283147682357056,-0.014283147682357056,11.360478144770283,101.77248405527392
2014-11-26,111.64,112.76,111.53,112.66,43101440,0,AAPL,0.012037369744879678,0.03795835636631639,0.11346115833168602,111.326,106.309,99.67523999999999,1.1607239120398916,3.845511258868631,111.32,108.54,101.18,-0.02946919936090886,0,0.54247475,1,True,True,-0.02946919936090886,-0.02946919936090886,11.0256939494868,98.77333043319413
2014-11-28,112.91,113.02,111.75,112.6,26213573,0,AAPL,-0.0005325758920646795,0.02270663033605813,0.11684189644911736,111.826,106.898,100.00848,1.031881776164786,3.862643763290256,112.66,110.1,100.82,-0.03312611012433386,0,0.5376414,1,True,True,-0.03312611012433386,-0.03312611012433386,10.660455597518899,95.50135421191693
2014-12-01,112.47,112.89,105.32,108.94,88523014,0,AAPL,-0.032504440497335696,-0.01188208616780051,0.07024265644955285,111.564,107.25550000000001,100.28432000000001,1.5621395584201476,3.6921131803916545,112.6,110.25,101.79,-0.023407380209289452,0,0.53116626,1,True,True,-0.023407380209289452,-0.023407380209289452,10.410922260143526,93.26591770337657
2014-12-02,107.44,109.57,106.74,108.51,62668871,0,AAPL,-0.003947126858821259,-0.03374888691006228,0.05237125400058207,110.806,107.5255,100.54966,1.9794898332604238,3.5683764183641595,108.94,112.3,103.11,-0.004515712837526609,0,0.5393481,1,True,True,-0.004515712837526609,-0.004515712837526609,10.363909524842905,92.84475560149974
2014-12-03,109.57,110.14,108.98,109.73,45449566,0,AAPL,0.011243203391392509,-0.014283147682357056,0.0721055202735712,110.48800000000001,107.8945,100.80926,2.0038388158685576,3.3817131675155063,108.51,111.32,102.35,-0.034083659892463425,0,0.54247475,1,True,True,-0.034083659892463425,-0.034083659892463425,10.010669557441897,89.68026652877934
2014-12-04,109.58,110.95,109.14,109.34,44522535,0,AAPL,-0.0035541784379841124,-0.02946919936090886,0.06579588653864898,109.824,108.232,101.07809999999999,1.6168889881441346,3.1535887660318562,109.73,112.66,102.59,-0.033565026522773045,0,0.54247475,1,True,True,-0.033565026522773045,-0.033565026522773045,9.674661168235643,86.67014600417151
2014-12-05,109.79,109.88,108.52,108.87,40469204,0,AAPL,-0.004298518383025418,-0.03312611012433386,0.0582231726283049,109.078,108.53150000000001,101.41062,0.4686896627642443,2.8921532226244353,109.34,112.6,102.88,-0.045742628823367326,0,0.54247475,1,True,True,-0.045742628823367326,-0.045742628823367326,9.232116733425194,82.70562568543565
2014-12-08,108.0,108.52,105.67,106.39,60872177,0,AAPL,-0.02277946174336365,-0.023407380209289452,0.03111068036441167,108.56800000000001,108.69199999999998,101.63907999999999,1.3023517190000014,2.659231388752454,108.87,108.94,103.18,-0.03712754958172759,0,0.52954715,1,False,False,-0.03712754958172759,-0.0,9.232116733425194,79.63496846711183
2014-12-09,104.32,108.2,103.52,108.02,63577767,0,AAPL,0.01532098881473809,-0.004515712837526609,0.04863605475196575,108.47,108.9425,101.9123,1.32602790316882,2.3086812708784925,106.39,108.51,103.01,-0.06452508794667655,0,0.53887624,1,False,False,-0.06452508794667655,-0.0,9.232116733425194,74.49651512314063
2014-12-10,108.3,108.72,105.59,105.99,47045201,0,AAPL,-0.018792816145158264,-0.034083659892463425,0.02050837666088956,107.72200000000001,109.049,102.13276000000002,1.4831284502640356,2.101738378225292,108.02,109.73,103.86,-0.02273799415039146,0,0.5308651,1,False,False,-0.02273799415039146,-0.0,9.232116733425194,72.80261379804611
2014-12-11,106.27,107.73,105.39,105.67,43789936,0,AAPL,-0.003019152750259435,-0.033565026522773045,0.0035137701804368593,106.98799999999999,109.0675,102.37651999999999,1.3872346593071059,2.0683654237814317,105.99,109.34,105.3,0.009179521150752379,1,0.5349694,1,False,False,0.009179521150752379,0.0,9.232116733425194,73.47090693123533
2014-12-12,104.57,105.91,103.74,103.89,59159400,0,AAPL,-0.01684489448282389,-0.045742628823367326,-0.027338264207471208,105.99199999999999,108.9215,102.57114,1.4826732613705969,2.323432748504016,105.67,108.87,106.81,0.01857734141880818,1,0.525329,1,False,False,0.01857734141880818,0.0,9.232116733425194,74.83580105364638
2014-12-15,104.77,105.65,100.66,102.44,70959092,0,AAPL,-0.01395706997786128,-0.03712754958172759,-0.05218356772760924,105.202,108.6395,102.742,2.129030295694183,2.7364950210038654,103.89,106.39,108.08,0.043732916829363644,1,0.5348773,1,False,False,0.043732916829363644,0.0,9.232116733425194,78.1085889169843
2014-12-16,100.68,104.3,100.59,101.05,64100708,0,AAPL,-0.013568918391253404,-0.06452508794667655,-0.06357149476415536,103.80799999999999,108.29650000000001,102.88506,2.104333623735617,3.219962855290848,102.44,108.02,107.91,0.05423057892132621,1,0.5348773,1,False,False,0.05423057892132621,0.0,9.232116733425194,82.34446291268024
2014-12-17,101.42,103.98,101.12,103.58,56384329,0,AAPL,0.025037110341415092,-0.02273799415039146,-0.05250640321990485,103.326,108.0095,103.09515999999999,1.7206190746311312,3.375963761027171,101.05,105.99,109.32,0.02374975864066431,1,0.5346917,1,False,False,0.02374975864066431,0.0,9.232116733425194,84.30012403225153
2014-12-18,105.91,106.64,104.74,106.64,62279357,0,AAPL,0.029542382699362824,0.009179521150752379,-0.01750506725631107,103.52000000000001,107.9145,103.32791999999999,2.0701569988733706,3.386964912095897,103.58,105.67,108.54,0.011909227306826642,1,0.52992594,1,False,False,0.011909227306826642,0.0,9.232116733425194,85.3040733713453
2014-12-19,106.27,107.18,105.71,105.82,93393464,0,AAPL,-0.007689422355589004,0.01857734141880818,-0.038873751135331536,103.90599999999999,107.7005,103.54026,2.3211161108363845,3.3768070795665808,106.64,103.89,110.1,0.019089019089019166,1,0.5361531,1,False,False,0.019089019089019166,0.0,9.232116733425194,86.932444456302
2014-12-22,106.18,107.43,106.01,106.92,47699142,0,AAPL,0.010395010395010562,0.043732916829363644,-0.03020408163265309,104.80199999999999,107.53399999999999,103.77962,2.4734227297378477,3.3261996648586503,105.82,102.44,110.25,-0.0038346427235316227,0,0.5320739,1,False,False,-0.0038346427235316227,-0.0,9.232116733425194,86.59908959072882
2014-12-23,107.17,107.27,106.45,106.53,27476050,0,AAPL,-0.00364758698092027,0.05423057892132621,-0.05138023152270699,105.898,107.24549999999999,104.02872,1.3577260401065208,3.135846188155455,106.92,101.05,112.3,-0.019149535342157242,0,0.53579974,1,False,False,-0.019149535342157242,-0.0,9.232116733425194,84.94075726401252
2014-12-24,106.57,106.7,106.04,106.04,15296050,0,AAPL,-0.0045996432929690245,0.02374975864066431,-0.04743083003952553,106.39000000000001,106.98150000000001,104.28802000000002,0.4501110973783135,2.9938081276599737,106.53,103.58,111.32,-0.023953225198038552,0,0.531585,1,False,False,-0.023953225198038552,-0.0,9.232116733425194,82.90615217677569
2014-12-26,106.13,108.4,106.04,107.91,35610489,0,AAPL,0.01763485477178417,0.011909227306826642,-0.042162258121782314,106.644,106.744,104.6075,0.8270006045844202,2.692909598416374,106.04,106.64,112.66,-0.0679269761838569,0,0.5387526,1,False,False,-0.0679269761838569,-0.0,9.232116733425194,77.27458795236863
2014-12-29,107.72,108.64,107.63,107.84,29133164,0,AAPL,-0.0006486887220831239,0.019089019089019166,-0.04227353463587913,107.048,106.506,104.94972,0.8171719525184509,2.3346258575448116,107.91,105.82,112.6,-0.06722922848664692,0,0.5366908,1,True,True,-0.06722922848664692,-0.06722922848664692,8.611448648138355,72.07947702270735
2014-12-30,107.57,107.84,106.14,106.51,31555587,0,AAPL,-0.012333086053412434,-0.0038346427235316227,-0.022305856434734594,106.96600000000001,106.3845,105.23877999999999,0.8530123093970273,2.2634335236029224,107.84,106.92,108.94,-0.042249554032485204,0,0.53368026,1,True,True,-0.042249554032485204,-0.042249554032485204,8.247618783180862,69.0341512636032
2014-12-31,106.81,107.09,104.34,104.49,43715939,0,AAPL,-0.018965355365693437,-0.019149535342157242,-0.0370472767486868,106.55799999999999,106.18350000000001,105.44804,1.41586369399848,2.2431516245021164,106.51,106.53,108.51,0.013781223083548788,1,0.5291008,1,True,True,0.013781223083548788,0.013781223083548788,8.361281057539944,69.98552630255037
2015-01-02,105.44,105.49,101.62,103.5,56196458,0,AAPL,-0.009474590869939625,-0.023953225198038552,-0.05677572222728522,106.05,105.872,105.58636,1.9881775574588956,2.1556012715911974,104.49,106.04,109.73,0.024541062801932467,1,0.5361531,1,True,True,0.024541062801932467,0.024541062801932467,8.56647578107764,71.70304549876755
2015-01-05,102.51,102.83,99.79,100.58,67880159,0,AAPL,-0.028212560386473462,-0.0679269761838569,-0.08011706603255908,104.58400000000002,105.434,105.65626,2.8074418961011105,2.2990510628200997,103.5,107.91,109.34,0.028236229866772655,1,0.53122103,1,False,False,0.028236229866772655,0.0,8.56647578107764,73.72766917361841
2015-01-06,100.97,101.69,99.044,100.59,69460979,0,AAPL,9.942334460144586e-05,-0.06722922848664692,-0.07605400936897222,103.13399999999999,105.02000000000001,105.69194000000002,2.5673390894045056,2.391403463720948,100.58,107.84,108.87,0.03737946117904345,1,0.5394028,1,False,False,0.03737946117904345,0.0,8.56647578107764,76.48356972131504
2015-01-07,101.49,102.42,100.99,102.01,42324520,0,AAPL,0.014116711402723858,-0.042249554032485204,-0.04116928282733334,102.23400000000001,104.801,105.74867999999998,1.7450587382620375,2.458940507827203,100.59,106.51,106.39,0.019017743358494155,1,0.5374947,1,False,False,0.019017743358494155,0.0,8.56647578107764,77.9381146214165
2015-01-08,103.4,106.17,102.88,105.93,62679241,0,AAPL,0.038427605136751364,0.013781223083548788,-0.019348268839103788,102.522,104.69649999999999,105.8858,2.254832588017259,2.357247000429434,102.01,104.49,108.02,-0.045407344472765065,0,0.52992594,1,False,False,-0.045407344472765065,-0.0,8.56647578107764,74.399151803244
2015-01-09,106.66,107.19,104.34,106.04,56712884,0,AAPL,0.0010384215991692258,0.024541062801932467,0.00047174261722804367,103.03,104.699,105.99459999999999,2.7598278931818236,2.3587170910837116,105.93,103.5,105.99,-0.05394190871369309,0,0.5313892,1,False,False,-0.05394190871369309,-0.0,8.56647578107764,70.38591954829721
2015-01-12,106.59,106.62,102.98,103.42,52421263,0,AAPL,-0.02470765748774051,0.028236229866772655,-0.021292703700198756,103.598,104.5865,106.0394,2.3980763123771096,2.363619603819519,106.04,100.58,105.67,-0.005028040997872685,0,0.5245107,1,False,False,-0.005028040997872685,-0.0,8.56647578107764,70.0320162591354
2015-01-13,105.48,106.79,103.09,104.35,70853466,0,AAPL,0.008992457938503229,0.03737946117904345,0.004427760130907732,104.35,104.6095,106.11,1.7097514439192354,2.358718374118036,103.42,100.59,103.89,-0.006037374221370295,0,0.53183573,1,False,False,-0.006037374221370295,-0.0,8.56647578107764,69.60920676950191
2015-01-14,103.21,104.59,102.7,103.95,51653023,0,AAPL,-0.003833253473885856,0.019017743358494155,0.01474033580632561,104.73800000000001,104.68499999999999,106.1532,1.1858203911148484,2.30926851028903,104.35,102.01,102.44,0.023472823472823423,1,0.536285,1,False,False,0.023472823472823423,0.0,8.56647578107764,71.24313139208569
2015-01-15,104.14,104.2,100.96,101.12,63283616,0,AAPL,-0.027224627224627262,-0.045407344472765065,0.0006927263730827082,103.776,104.6885,106.1134,1.7795027395270102,2.3035151056778846,103.95,105.93,101.05,0.057753164556962,1,0.5231909,1,False,False,0.057753164556962,0.0,8.56647578107764,75.35764768292607
2015-01-16,101.33,101.84,99.59,100.32,82925523,0,AAPL,-0.007911392405063444,-0.05394190871369309,-0.0314732573855957,102.63199999999999,104.52550000000001,106.07279999999999,1.7986856312275832,2.493582236141829,101.12,106.04,103.58,0.06718500797448179,1,0.5313892,1,False,False,0.06718500797448179,0.0,8.56647578107764,80.42055184344164
2015-01-20,102.1,102.96,100.8,102.9,86996261,0,AAPL,0.02571770334928236,-0.005028040997872685,-0.035071267816954244,102.52799999999999,104.3385,106.07900000000001,1.7562659251903194,2.466756393575235,100.32,103.42,106.64,0.0039844509232263015,1,0.52992594,1,False,False,0.0039844509232263015,0.0,8.56647578107764,80.7409835854806
2015-01-21,103.13,105.12,102.49,103.72,57995531,0,AAPL,0.007968901846452825,-0.006037374221370295,-0.01984501984501974,102.402,104.2335,106.0958,1.6093228389557692,2.4449739531455443,102.9,104.35,105.82,0.05244890088700349,1,0.5313892,1,False,False,0.05244890088700349,0.0,8.56647578107764,84.97575943107465
2015-01-22,104.4,106.46,103.88,106.39,80829941,0,AAPL,0.025742383339760977,0.023472823472823423,-0.004956977179199407,102.89000000000001,104.207,106.16,2.3810081898188553,2.4170362451786973,103.72,103.95,106.92,0.058088166181031964,1,0.52992594,1,False,False,0.058088166181031964,0.0,8.56647578107764,89.91184546626631
2015-01-23,106.33,107.68,105.58,106.96,53300672,0,AAPL,0.005357646395337756,0.057753164556962,0.004036421665258638,104.05799999999999,104.22850000000001,106.23899999999999,2.7059046546365977,2.4405850786844114,106.39,101.12,106.53,0.03692969334330587,1,0.53252035,1,False,False,0.03692969334330587,0.0,8.56647578107764,93.23226234726623
2015-01-26,107.67,108.26,106.79,107.06,58694780,0,AAPL,0.0009349289454001486,0.06718500797448179,0.009619011693700497,105.40599999999999,104.27950000000001,106.30300000000001,1.9520194671118125,2.4905769253395498,106.96,100.32,106.04,0.04894451709321879,1,0.53222907,1,False,False,0.04894451709321879,0.0,8.56647578107764,97.79547040536146
2015-01-27,106.41,106.47,103.2,103.31,100510975,0,AAPL,-0.03502708761442186,0.0039844509232263015,-0.042628116022611406,105.48799999999999,104.0495,106.2632,1.8249027371296958,2.3458574349786208,107.06,102.9,107.91,0.08721324169973865,1,0.5279641,1,False,False,0.08721324169973865,0.0,8.56647578107764,106.32453040296389
2015-01-28,111.34,111.82,109.16,109.16,155781252,0,AAPL,0.05662568967186132,0.05244890088700349,0.012240356083085935,106.576,104.1155,106.31020000000001,2.1071378692394735,2.4732260521926475,103.31,103.72,107.84,0.03673506779039948,1,0.5314905,1,False,False,0.03673506779039948,0.0,8.56647578107764,110.23036923509916
2015-01-29,110.11,112.84,109.4,112.57,89138209,0,AAPL,0.031238548919017894,0.058088166181031964,0.05689606609707987,107.81200000000001,104.4185,106.4,3.391720802186203,3.079036546163857,109.16,106.39,106.51,0.012614373278848623,1,0.5378881,1,False,False,0.012614373278848623,0.0,8.56647578107764,111.62085625929602
2015-01-30,112.08,113.58,110.61,110.91,88431556,0,AAPL,-0.014746380030203454,0.03692969334330587,0.06144128624748779,108.602,104.73949999999999,106.46,3.597439367102986,3.404350892605061,112.57,106.96,104.49,0.019024434225948905,1,0.5345591,1,False,False,0.019024434225948905,0.0,8.56647578107764,113.7443798974451
2015-02-02,111.75,112.82,109.88,112.3,66181590,0,AAPL,0.012532684158326646,0.04894451709321879,0.08502415458937196,109.65,105.1795,106.5196,3.793817338773962,3.783310267335733,110.91,107.06,103.5,0.013089937666963536,1,0.5393481,1,False,False,0.013089937666963536,0.0,8.56647578107764,115.23328674027007
2015-02-03,112.17,112.75,111.33,112.32,54824287,0,AAPL,0.00017809439002669514,0.08721324169973865,0.11672300656194068,111.452,105.7665,106.5952,1.4378351783084493,3.9396450214095537,112.3,103.31,100.58,0.03240740740740744,1,0.5400313,1,False,False,0.03240740740740744,0.0,8.56647578107764,118.96769881055661
2015-02-04,112.17,114.08,111.99,113.17,74030839,0,AAPL,0.007567663817663828,0.03673506779039948,0.1250621334128641,112.25399999999999,106.3955,106.6566,0.8294154568013563,4.071713043086781,112.32,109.16,100.59,0.048599452151630196,1,0.5393481,1,False,False,0.048599452151630196,0.0,8.56647578107764,124.7494637964898
2015-02-05,114.06,114.26,113.31,113.99,44438620,0,AAPL,0.007245736502606626,0.012614373278848623,0.11743946671894911,112.53800000000001,106.99449999999999,106.7314,1.1469829989938383,4.269018715050705,113.17,112.57,102.01,0.054390736029476194,1,0.54247475,1,True,True,0.054390736029476194,0.054390736029476194,9.032412703989134,131.53467895166338
2015-02-06,114.06,114.28,112.59,113.02,45964935,0,AAPL,-0.008509518378805203,0.019024434225948905,0.06693099216463683,112.96,107.349,106.7458,0.6988919801948996,4.46581153112827,113.99,110.91,105.93,0.0685719341709432,1,0.5400313,1,True,True,0.0685719341709432,0.0685719341709432,9.651782713331869,140.554266297933
2015-02-09,112.68,113.89,112.57,113.77,40895791,0,AAPL,0.006635993629446224,0.013089937666963536,0.07289701999245568,113.25399999999999,107.7355,106.7948,0.6599469675516709,4.676110028643364,113.02,112.3,106.04,0.06785620110749768,1,0.54247475,1,True,True,0.06785620110749768,0.06785620110749768,10.306716022173585,150.09174485836232
2015-02-10,114.21,116.07,114.2,115.96,65164771,0,AAPL,0.019249362749406584,0.03240740740740744,0.12125314252562358,113.982,108.3625,106.8608,1.1771023744689313,4.902257133196775,113.77,112.32,103.42,0.05476026215936547,1,0.5378881,1,True,True,0.05476026215936547,0.05476026215936547,10.871114493549943,158.31080815476284
2015-02-11,116.67,118.71,116.42,118.67,77332011,0,AAPL,0.023370127630217397,0.048599452151630196,0.13723047436511737,115.082,109.07849999999999,106.98219999999999,2.2809142903625417,5.313843167661664,115.96,113.17,104.35,0.028650880593241723,1,0.5378881,1,True,True,0.028650880593241723,0.028650880593241723,11.182581496820102,162.84655221582454
2015-02-12,119.8,121.15,119.34,120.19,78330856,0,AAPL,0.012808628971096248,0.054390736029476194,0.15622895622895627,116.322,109.8905,107.2072,3.0830780074431545,5.714610522251748,118.67,113.99,103.95,0.023962060071553326,1,0.5393481,1,True,True,0.023962060071553326,0.023962060071553326,11.450539186401945,166.74869108246548
2015-02-13,120.96,120.96,119.42,120.77,56927581,0,AAPL,0.0048256926532990185,0.0685719341709432,0.1943235759493669,117.872,110.87299999999998,107.4524,2.9534082007028983,5.815652291783319,120.19,113.02,101.12,0.046617537467914305,1,0.5393481,1,True,True,0.046617537467914305,0.046617537467914305,11.984335125951858,174.522104436728
2015-02-17,121.16,122.47,120.61,121.49,66393629,0,AAPL,0.005961745466589452,0.06785620110749768,0.21102472089314195,119.41600000000001,111.9315,107.6876,2.192847463910479,5.719591699632319,120.77,113.77,100.32,0.033912256152769826,1,0.5393481,1,True,True,0.033912256152769826,0.033912256152769826,12.390750968563776,180.44054274670677
2015-02-18,121.3,122.37,121.12,122.31,47218044,0,AAPL,0.006749526710017273,0.05476026215936547,0.18862973760932933,120.68599999999999,112.902,107.947,1.3785064381344807,5.753116866898028,121.49,115.96,102.9,0.0005723162456052755,1,0.5400313,1,True,True,0.0005723162456052755,0.0005723162456052755,12.397842396638334,180.54381180068654
2015-02-19,122.1,122.61,121.97,122.07,39279445,0,AAPL,-0.0019622271277901504,0.028650880593241723,0.1769186270728884,121.36600000000001,113.81950000000002,108.211,0.88604740278272,5.6743916669057315,122.31,118.67,103.72,0.015237159007127188,1,0.54247475,1,True,True,0.015237159007127188,0.015237159007127188,12.586750292581215,183.29478656884646
2015-02-20,122.22,123.07,121.71,123.07,51474822,0,AAPL,0.008192020971573788,0.023962060071553326,0.15678165241094089,121.94199999999998,114.65349999999998,108.54459999999999,0.8663255738911365,5.7502350295193905,122.07,120.19,106.39,-0.008044202486389818,0,0.5400313,1,True,True,-0.008044202486389818,-0.008044202486389818,12.485499924582065,181.82032619098706
2015-02-23,123.59,126.4,123.23,126.4,74617465,0,AAPL,0.027057771999675184,0.046617537467914305,0.18175018698578915,123.06799999999998,115.62549999999999,108.91220000000001,1.9469771441846533,6.0181020569940085,123.07,120.77,106.96,-0.029509493670886067,0,0.5378881,1,True,True,-0.029509493670886067,-0.029509493670886067,12.117059143579763,176.45490042601568
2015-02-24,126.34,126.97,124.65,125.61,72791386,0,AAPL,-0.006250000000000089,0.033912256152769826,0.1732673267326732,123.89199999999998,116.553,109.3046,1.9836632778718102,6.057838853825786,126.4,121.49,107.06,-0.02125626940530212,0,0.5393481,1,True,True,-0.02125626940530212,-0.02125626940530212,11.859495670023852,172.70412752467453
2015-02-25,125.03,125.07,121.79,122.38,78560740,0,AAPL,-0.025714513175702614,0.0005723162456052755,0.184590068725196,123.90599999999999,117.5065,109.63879999999999,1.9699060891263658,5.319499654941315,125.61,122.31,103.31,-0.0017976793593724727,0,0.53116626,1,True,True,-0.0017976793593724727,-0.0017976793593724727,11.838176099445283,172.393660879345
2015-02-26,122.38,124.36,120.33,123.93,96020337,0,AAPL,0.012665468213760578,0.015237159007127188,0.1353059728838404,124.27799999999999,118.245,110.03960000000001,1.692622226008214,5.121338743560004,122.38,122.07,109.16,-0.030581780037117756,0,0.5393481,1,True,True,-0.030581780037117756,-0.030581780037117756,11.476143601931383,167.1215558625394
2015-02-27,123.57,124.07,121.88,122.08,65231155,0,AAPL,-0.014927781812313468,-0.008044202486389818,0.08448076752243061,124.08000000000001,118.72049999999999,110.4324,1.912838205384101,5.006909410212847,123.93,123.07,112.57,-0.014416775884665833,0,0.5345591,1,True,True,-0.014416775884665833,-0.014416775884665833,11.310694611602097,164.7122018461725
2015-03-02,122.83,123.82,121.94,122.67,50608817,0,AAPL,0.0048328964613368885,-0.029509493670886067,0.10603191777116594,123.33399999999999,119.30850000000001,110.86480000000002,1.4542111263421542,4.723922628491321,122.08,126.4,110.91,-0.015081111926306456,0,0.5400313,1,True,True,-0.015081111926306456,-0.015081111926306456,11.140116760200254,162.22815869450199
2015-03-03,122.55,123.09,121.74,122.94,39791443,0,AAPL,0.002201027146001344,-0.02125626940530212,0.09474621549421203,122.8,119.84049999999999,111.25200000000001,0.7085548673020947,4.486246203673182,122.67,125.61,112.3,-0.03757930697901424,0,0.54247475,1,True,True,-0.03757930697901424,-0.03757930697901424,10.721478892686626,156.13173691828106
2015-03-04,122.68,123.13,121.96,122.16,33320315,0,AAPL,-0.006344558321132232,-0.0017976793593724727,0.08760683760683774,122.756,120.33250000000001,111.5624,0.7469471199338702,4.144638737348482,122.94,122.38,112.32,-0.0491159135559921,0,0.54254335,1,True,True,-0.0491159135559921,-0.0491159135559921,10.194883662201036,148.46318402445587
2015-03-05,122.19,122.35,119.53,120.14,59469141,0,AAPL,-0.016535690897183986,-0.030581780037117756,0.061588760272156984,121.998,120.681,111.84880000000001,1.0981894189882477,3.7884115543634733,122.16,123.93,113.17,-0.027884135175628377,0,0.5333005,1,True,True,-0.027884135175628377,-0.027884135175628377,9.910608148064417,144.32341653251376
2015-03-06,122.02,122.95,119.99,120.32,76646735,0,AAPL,0.0014982520392874399,-0.014416775884665833,0.05553118694622339,121.646,120.99749999999999,112.1168,1.324152559178082,3.4492300818974146,120.14,122.08,113.99,-0.02368683510638292,0,0.5393481,1,True,True,-0.02368683510638292,-0.02368683510638292,9.675857207057241,140.90485156311829
2015-03-09,121.62,123.14,118.85,120.82,93152478,0,AAPL,0.004155585106383031,-0.015081111926306456,0.06901433374623966,121.276,121.3875,112.40259999999998,1.2209340686449788,2.8964186143312824,120.32,122.67,113.02,-0.017215692766098356,0,0.5393481,1,False,False,-0.017215692766098356,-0.0,9.675857207057241,138.47907692935496
2015-03-10,120.14,120.9,117.66,118.32,72453061,0,AAPL,-0.02069193842079131,-0.03757930697901424,0.0399929682693152,120.352,121.61499999999998,112.6482,1.3840953724286036,2.4033277368052057,120.82,122.94,113.77,0.02036849222447601,1,0.5333005,1,False,False,0.02036849222447601,0.0,9.675857207057241,141.29968693104314
2015-03-11,118.53,118.57,116.03,116.16,72539762,0,AAPL,-0.018255578093306246,-0.0491159135559921,0.0017247326664366902,119.152,121.625,112.8132,1.921384917183081,2.3788508946376354,118.32,122.16,115.96,0.05105027548209362,1,0.525329,1,False,False,0.05105027548209362,0.0,9.675857207057241,148.51307487440647
2015-03-12,116.23,118.69,115.58,116.79,50910842,0,AAPL,0.005423553719008378,-0.027884135175628377,-0.015842251622145365,118.482,121.53099999999999,112.9922,2.0691350850002084,2.5338568480257035,116.16,120.14,118.67,0.03750321089134334,1,0.5320739,1,False,False,0.03750321089134334,0.0,9.675857207057241,154.0827920415432
2015-03-13,118.22,119.17,116.5,117.47,54534273,0,AAPL,0.005822416302765587,-0.02368683510638292,-0.022630834512022635,117.91199999999999,121.39500000000001,113.21140000000001,1.8129175381078406,2.678488379659513,116.79,120.32,120.19,0.018728185919809404,1,0.5320739,1,False,False,0.018728185919809404,0.0,9.675857207057241,156.96848321794056
2015-03-16,117.73,118.74,116.77,118.74,37748111,0,AAPL,0.010811270962798991,-0.017215692766098356,-0.016808810134967267,117.49600000000001,121.29350000000002,113.4964,1.0618992419147535,2.741148961940969,117.47,120.82,120.77,0.018106787940037172,1,0.5345232,1,False,False,0.018106787940037172,0.0,9.675857207057241,159.8106782568371
2015-03-17,119.67,121.0,119.42,120.73,53688174,0,AAPL,0.016759306046824962,0.02036849222447601,-0.00625565890196722,117.978,121.25550000000001,113.84099999999998,1.8116760195959452,2.743548365083086,118.74,118.32,121.49,-0.00273337198707857,0,0.53223866,1,False,False,-0.00273337198707857,-0.0,9.675857207057241,159.37385622565384
2015-03-18,120.69,122.74,120.1,122.09,68680174,0,AAPL,0.011264805764930053,0.05105027548209362,-0.0017987082004742305,119.16400000000002,121.24449999999999,114.2712,2.2191845349088704,2.7395360248680944,120.73,116.16,122.31,-0.03947907281513641,0,0.5313892,1,False,False,-0.03947907281513641,-0.0,9.675857207057241,153.08192415089218
2015-03-19,122.35,122.83,121.07,121.17,48202149,0,AAPL,-0.007535424686706538,0.03750321089134334,-0.007372818874416209,120.04,121.19949999999999,114.68279999999999,1.8874850992732353,2.7326456719436223,122.09,116.79,122.07,-0.025583890401914777,0,0.5320739,1,False,False,-0.025583890401914777,-0.0,9.675857207057241,149.16549298090152
2015-03-20,121.91,122.02,118.95,119.67,72283235,0,AAPL,-0.012379301807378118,0.018728185919809404,-0.027626553993662095,120.47999999999999,121.02950000000001,115.036,1.3052202879125,2.7158627106555207,121.17,117.47,123.07,-0.02114147238238495,0,0.53075635,1,False,False,-0.02114147238238495,-0.0,9.675857207057241,146.01191483064096
2015-03-23,120.8,121.51,120.24,120.89,39679274,0,AAPL,0.010194702097434671,0.018106787940037172,-0.0435917721518988,120.91,120.75399999999999,115.3352,0.8704022058670872,2.4039603289424942,119.67,118.74,126.4,-0.006534866407477913,0,0.53928286,1,True,True,-0.006534866407477913,-0.006534866407477913,9.61262677283129,145.05774647332268
2015-03-24,120.91,121.7,120.28,120.4,34557741,0,AAPL,-0.004053271569195105,-0.00273337198707857,-0.04147758936390411,120.84400000000001,120.4935,115.6224,0.8994887436640344,2.1149698890410966,120.89,120.73,125.61,-0.017940199335548246,0,0.5393515,1,True,True,-0.017940199335548246,-0.017940199335548246,9.440174332388468,142.45538158642586
2015-03-25,120.26,120.52,117.27,117.27,54353186,0,AAPL,-0.025996677740863894,-0.03947907281513641,-0.04175518875633277,119.88,120.23799999999999,115.8994,1.5661098301136156,2.1826507303043314,120.4,122.09,122.38,0.0069071373752878085,1,0.52928257,1,False,False,0.0069071373752878085,0.0,9.440174332388468,143.43934047689234
2015-03-26,116.66,118.67,116.52,118.07,50057655,0,AAPL,0.006821864074358253,-0.025583890401914777,-0.04728475752440908,119.25999999999999,119.94500000000001,116.17379999999999,1.5411683879377447,2.050259290398809,117.27,121.17,123.93,0.008723638519522403,1,0.5368369,1,False,False,0.008723638519522403,0.0,9.440174332388468,144.69065343269145
2015-03-27,118.41,118.5,116.81,117.14,41611700,0,AAPL,-0.00787668332345215,-0.02114147238238495,-0.040465268676277866,118.75399999999999,119.69800000000001,116.4376,1.7710815904352695,2.076907113442192,118.07,119.67,122.08,0.03312275909168516,1,0.53928286,1,False,False,0.03312275909168516,0.0,9.440174332388468,149.483207089161
2015-03-30,117.89,120.13,117.85,120.1,49559739,0,AAPL,0.025268908997780448,-0.006534866407477913,-0.02095051764897704,118.596,119.56949999999999,116.8172,1.5549372977643663,1.9595366664955625,117.14,120.89,122.67,-0.0028309741881764605,0,0.53223866,1,False,False,-0.0028309741881764605,-0.0,9.440174332388468,149.06002398832575
2015-03-31,119.83,120.21,118.18,118.24,44289056,0,AAPL,-0.015487094088259767,-0.017940199335548246,-0.0382300309093867,118.16400000000002,119.3345,117.17559999999999,1.184326812994971,1.8101860183486398,120.1,120.4,122.94,0.009556833558863387,1,0.5291008,1,False,False,0.009556833558863387,0.0,9.440174332388468,150.48456582786235
2015-04-01,118.62,118.91,116.99,118.08,42743165,0,AAPL,-0.0013531799729363803,0.0069071373752878085,-0.03339882121807469,118.326,119.13050000000001,117.47919999999998,1.0824878752109852,1.7016508238437738,118.24,117.27,122.16,0.018631436314363148,1,0.5345232,1,False,False,0.018631436314363148,0.0,9.440174332388468,153.28830943237875
2015-04-02,118.82,119.33,118.02,119.1,33903042,0,AAPL,0.008638211382113736,0.008723638519522403,-0.008656567338105603,118.532,119.0785,117.7868,1.1189816799120333,1.6849871934461997,118.08,118.07,120.14,0.014105793450881698,1,0.5345919,1,False,False,0.014105793450881698,0.0,9.440174332388468,155.45056266366672
2015-04-06,118.28,121.18,118.15,121.02,39136637,0,AAPL,0.01612090680100753,0.03312275909168516,0.0058178191489361986,119.30799999999999,119.1135,118.0794,1.2500079999658509,1.7190581111312382,119.1,117.14,120.32,-0.003966286564204169,0,0.53250325,1,True,True,-0.003966286564204169,-0.003966286564204169,9.40273189577017,154.83400118557583
2015-04-07,121.31,121.77,119.73,119.76,36819494,0,AAPL,-0.010411502231036152,-0.0028309741881764605,-0.008773381890415433,119.23999999999998,119.0605,118.33539999999999,1.2045746137033777,1.6795628347167977,121.02,120.1,120.82,0.002254509018036144,1,0.53564996,1,True,True,0.002254509018036144,0.002254509018036144,9.42393043962336,155.18307583754734
2015-04-08,119.62,120.13,118.76,119.37,39279005,0,AAPL,-0.0032565130260521213,0.009556833558863387,0.008874239350912916,119.46600000000001,119.11300000000001,118.5816,1.0683538739474863,1.6715895366147113,119.76,118.24,118.32,0.009298818798693098,1,0.53536236,1,True,True,0.009298818798693098,0.009298818798693098,9.511561861152906,156.62609514038454
2015-04-09,119.62,120.3,118.46,120.28,34132932,0,AAPL,0.007623355952081745,0.018631436314363148,0.03546831955922869,119.90599999999999,119.31899999999999,118.921,0.7647090950018361,1.5369652257729967,119.37,118.08,116.16,-0.0030761556368473775,0,0.55895895,1,True,True,-0.0030761556368473775,-0.0030761556368473775,9.482302816518498,156.14428889494104
2015-04-10,119.7,120.89,119.04,120.78,42287023,0,AAPL,0.004156967076820672,0.014105793450881698,0.03416388389416891,120.242,119.51849999999999,119.1534,0.6871826540145454,1.4477869681811986,120.28,119.1,116.79,-0.018463321742010264,0,0.560295,1,True,True,-0.018463321742010264,-0.018463321742010264,9.307228008761946,153.26134665089634
2015-04-13,121.99,122.19,120.33,120.54,38264547,0,AAPL,-0.001987083954297031,-0.003966286564204169,0.026134332169915897,120.146,119.672,119.31279999999998,0.5758298359571967,1.3803416815653955,120.78,121.02,117.47,0.006056080968972921,1,0.560295,1,True,True,0.006056080968972921,0.006056080968972921,9.3635933351797,154.189509775628
2015-04-14,120.69,120.97,119.67,120.03,26857714,0,AAPL,-0.004230960676953721,0.002254509018036144,0.010864072764022348,120.2,119.7365,119.49519999999998,0.5422637734336354,1.3645484118905622,120.54,119.76,118.74,0.004748812796800728,1,0.5511227,1,True,True,0.004748812796800728,0.004748812796800728,9.40805928703384,154.92172689278294
2015-04-15,120.14,120.81,119.76,120.48,30457939,0,AAPL,0.0037490627343164107,0.009298818798693098,-0.002070736353847469,120.422,119.72399999999998,119.65879999999999,0.2825243351969215,1.3560872507147017,120.03,119.37,120.73,0.014442231075697087,1,0.54662925,1,True,True,0.014442231075697087,0.014442231075697087,9.54393265323104,157.15914227121456
2015-04-16,120.01,120.78,119.85,119.91,29850770,0,AAPL,-0.004731075697211207,-0.0030761556368473775,-0.01785568023589157,120.348,119.61500000000001,119.8106,0.3653354622514371,1.2384094212775212,120.48,120.28,122.09,0.027770828121090885,1,0.54574835,1,False,False,0.027770828121090885,0.0,9.54393265323104,161.52358179888654
2015-04-17,119.32,119.88,118.27,118.55,54670854,0,AAPL,-0.011341839713118196,-0.018463321742010264,-0.021622513823553735,119.902,119.484,119.9182,0.8039713925125199,1.203339213659252,119.91,120.78,121.17,0.044453816954871384,1,0.5574165,1,False,False,0.044453816954871384,0.0,9.54393265323104,168.70392153806944
2015-04-20,119.32,121.77,118.96,121.27,49502951,0,AAPL,0.022943905525094843,0.006056080968972921,0.013370101111389587,120.048,119.564,120.06379999999999,0.9928846861436125,1.267813700399032,118.55,120.54,119.67,0.039498639399686786,1,0.55803233,1,False,False,0.039498639399686786,0.0,9.54393265323104,175.3674969002147
2015-04-21,121.75,121.84,120.38,120.6,34094920,0,AAPL,-0.0055248618784530246,0.004748812796800728,-0.0023988750103400847,120.16199999999999,119.54950000000001,120.2154,1.0225800702040342,1.2534267765540406,121.27,120.03,120.89,0.02868988391376459,1,0.55680144,1,False,False,0.02868988391376459,0.0,9.54393265323104,180.39877002852933
2015-04-22,120.69,122.46,120.05,122.22,39585604,0,AAPL,0.013432835820895495,0.014442231075697087,0.015116279069767424,120.50999999999999,119.6405,120.3844,1.3884703813832175,1.3782730422232865,120.6,120.48,120.4,0.00016363933889707027,1,0.55889285,1,False,False,0.00016363933889707027,0.0,9.54393265323104,180.42829036399465
2015-04-23,121.94,123.94,121.78,123.24,48161636,0,AAPL,0.008345606283750584,0.027770828121090885,0.05090816065489889,121.176,119.93900000000001,120.53,1.7738742909175944,1.480543641253468,122.22,119.91,117.27,-0.034891269068484276,0,0.55646336,1,False,False,-0.034891269068484276,-0.0,9.54393265323104,174.1329183373379
2015-04-24,123.99,124.13,122.81,123.82,46851616,0,AAPL,0.0047062641999351396,0.044453816954871384,0.04869992377403243,122.22999999999999,120.22649999999999,120.633,1.3348033562957153,1.6473911592425832,123.24,118.55,118.07,-0.01033758681957675,0,0.55646336,1,False,False,-0.01033758681957675,-0.0,9.54393265323104,172.3328041758794
2015-04-27,125.74,126.53,124.63,126.06,102018381,0,AAPL,0.018090776934259534,0.039498639399686786,0.07614819873655465,123.18799999999999,120.67249999999999,120.75040000000001,2.0177512235105275,1.9478594864411423,123.82,121.27,117.14,-0.029827066476281194,0,0.53887624,1,False,False,-0.029827066476281194,-0.0,9.54393265323104,167.1926221696815
2015-04-28,127.78,127.86,123.14,124.06,125135690,0,AAPL,-0.015865460891638872,0.02868988391376459,0.032972522897585455,123.88,120.87049999999999,120.8162,1.4101063789580455,2.0831693338889807,126.06,120.6,120.1,-0.03619216508141232,0,0.5268953,1,True,True,-0.03619216508141232,-0.03619216508141232,9.198517067119422,161.14155918772218
2015-04-29,123.72,125.06,121.94,122.24,66696822,0,AAPL,-0.014670320812510185,0.00016363933889707027,0.03382949932341006,123.88399999999999,121.0705,120.83120000000001,1.4042364473186761,2.007987929816039,124.06,122.22,118.24,-0.02814136125654454,0,0.53080684,1,True,True,-0.02814136125654454,-0.02814136125654454,8.939658275309124,156.60681635717765
2015-04-30,121.17,121.54,118.38,118.94,87540921,0,AAPL,-0.026996073298429346,-0.034891269068484276,0.007283197831978283,123.024,121.1135,120.76379999999999,2.656027108291301,1.9489167706493915,122.24,123.24,118.08,0.005128636287203614,1,0.5240323,1,True,True,0.005128636287203614,0.005128636287203614,8.985506531135075,157.4099957583705
2015-05-01,119.84,123.69,119.08,122.54,61568872,0,AAPL,0.03026736169497224,-0.01033758681957675,0.02888329135180534,122.768,121.2855,120.7732,2.621587305427434,1.9133367794379308,118.94,123.82,119.1,-0.0061204504651541924,0,0.5341394,1,True,True,-0.0061204504651541924,-0.0061204504651541924,8.930511183506942,156.44657567661127
2015-05-04,123.07,124.07,121.9,122.3,53651452,0,AAPL,-0.0019585441488494393,-0.029827066476281194,0.01057676417121134,122.01599999999999,121.34949999999999,120.7578,1.8738409751039038,1.925358408185583,122.54,126.06,121.02,-0.014390842191332687,0,0.5329136,1,True,True,-0.014390842191332687,-0.014390842191332687,8.801993606377161,154.19517769467478
2015-05-05,121.79,122.07,119.55,119.57,51844979,0,AAPL,-0.022322158626328692,-0.03619216508141232,-0.001586506346025529,121.11799999999998,121.33999999999999,120.62119999999999,1.7188717229562012,1.9340630806597106,122.3,124.06,119.76,0.004599816007359703,1,0.5266482,1,False,False,0.004599816007359703,0.0,8.801993606377161,154.90444714129242
2015-05-06,120.28,120.45,117.25,118.8,75857987,0,AAPL,-0.0064397424103035394,-0.02814136125654454,-0.004775069112842534,120.42999999999999,121.3115,120.485,1.8415754125146404,1.9685133984738208,119.57,122.24,119.37,0.012289562289562461,1,0.5313892,1,False,False,0.012289562289562461,0.0,8.801993606377161,156.80815499336558
2015-05-07,119.07,120.33,118.35,119.55,45652779,0,AAPL,0.0063131313131312705,0.005128636287203614,-0.006069171932158279,120.55199999999999,121.275,120.4284,1.7353299398035122,1.9952324755651716,118.8,118.94,120.28,0.02944374738603095,1,0.5320739,1,False,False,0.02944374738603095,0.0,8.801993606377161,161.42517469705982
2015-05-08,120.89,121.79,120.35,121.79,58208702,0,AAPL,0.01873693015474709,-0.0061204504651541924,0.008362311641000097,120.402,121.32549999999999,120.3856,1.5421964855291523,1.9948261367248064,119.55,122.54,120.78,0.009031940224977442,1,0.53131217,1,False,False,0.009031940224977442,0.0,8.801993606377161,162.8831572257302
2015-05-11,121.58,121.74,119.89,120.54,44047350,0,AAPL,-0.010263568437474335,-0.014390842191332687,0.0,120.05,121.32549999999999,120.3548,1.1522369547877238,1.9948261367248064,121.79,122.3,120.54,0.030612244897959107,1,0.5345232,1,False,False,0.030612244897959107,0.0,8.801993606377161,167.86937632447703
2015-05-12,119.86,121.08,119.12,120.12,50464764,0,AAPL,-0.0034843205574912606,0.004599816007359703,0.0007498125468632377,120.16,121.33,120.3038,1.120780977701923,1.9918491805017955,120.54,119.57,120.03,0.03321678321678312,1,0.5320739,1,False,False,0.03321678321678312,0.0,8.801993606377161,173.44545700658378
2015-05-13,120.39,121.39,120.13,120.26,36354556,0,AAPL,0.0011655011655011815,0.012289562289562461,-0.0018260292164674619,120.452,121.31899999999999,120.2502,0.8304637258655301,1.997390139254722,120.12,118.8,120.48,0.03193081656411101,1,0.53564996,1,False,False,0.03193081656411101,0.0,8.801993606377161,178.9837120781394
2015-05-14,121.6,123.07,121.36,123.07,47366643,0,AAPL,0.023366040246133313,0.02944374738603095,0.026353098156951082,121.15600000000002,121.477,120.2684,1.2570719947474747,2.0050360280192097,120.26,119.55,119.91,0.019013569513285145,1,0.5364495,1,False,False,0.019013569513285145,0.0,8.801993606377161,182.38683132948293
2015-05-15,123.18,123.6,122.35,122.89,40021590,0,AAPL,-0.0014625822702526436,0.009031940224977442,0.0366090257275411,121.376,121.694,120.3234,1.4734076150130264,1.9038835656493391,123.07,121.79,118.55,0.02929449100821868,1,0.54247475,1,False,False,0.02929449100821868,0.0,8.801993606377161,187.72976071988197
2015-05-18,122.51,124.75,122.49,124.23,53256393,0,AAPL,0.010904060541948146,0.030612244897959107,0.02440834501525524,122.114,121.84200000000001,120.4016,1.8307730607528407,1.9826101880766513,122.89,120.54,121.27,-0.004105288577638255,0,0.536285,1,True,True,-0.004105288577638255,-0.004105288577638255,8.765858882564457,186.9590758775159
2015-05-19,124.72,124.9,123.74,124.11,46769197,0,AAPL,-0.0009659502535619424,0.03321678321678312,0.029104477611940238,122.91199999999999,122.0175,120.46740000000001,1.5992873412799415,2.02184614698442,124.23,120.12,120.6,0.015309000080573787,1,0.536285,1,True,True,0.015309000080573787,0.015309000080573787,8.900055416903934,189.82123238518878
2015-05-20,124.04,125.0,123.45,124.1,38199509,0,AAPL,-8.057368463465497e-05,0.03193081656411101,0.015382097856324606,123.67999999999999,122.1115,120.583,0.6442049363193381,2.0747663787246524,124.11,120.26,122.22,0.013295729250604404,1,0.53873134,1,True,True,0.013295729250604404,0.013295729250604404,9.018388144042463,192.34504409699832
2015-05-21,124.11,125.61,123.89,125.41,41631624,0,AAPL,0.010556003223207044,0.019013569513285145,0.017607919506653635,124.148,122.21999999999998,120.76799999999999,0.8924236661912116,2.1904049132936296,124.1,123.07,123.24,-0.008771230364404747,0,0.53873134,1,True,True,-0.008771230364404747,-0.008771230364404747,8.93928578411545,190.65794140577196
2015-05-22,125.6,126.9,125.42,126.49,47777927,0,AAPL,0.008611753448688253,0.02929449100821868,0.02156356000646098,124.86800000000001,122.35350000000001,120.962,1.0601980946870793,2.367277528028157,125.41,122.89,123.82,-0.015179065538777792,0,0.536285,1,True,True,-0.015179065538777792,-0.015179065538777792,8.803595779328496,187.7639320176853
2015-05-26,126.54,126.84,123.23,123.72,74044081,0,AAPL,-0.021898964345007488,-0.004105288577638255,-0.01856258924321752,124.766,122.2365,121.08699999999999,1.157035003782565,2.228186128002543,126.49,124.23,126.06,0.002263174911089516,1,0.525329,1,True,True,0.002263174911089516,0.002263174911089516,8.823519856423646,188.18887463783526
2015-05-27,124.37,126.22,124.09,126.01,48026583,0,AAPL,0.01850953766569674,0.015309000080573787,0.01571820087054654,125.146,122.33400000000002,121.2324,1.1989703916186196,2.351432709954498,123.72,124.11,124.06,-0.014681374494087795,0,0.5364495,1,True,True,-0.014681374494087795,-0.014681374494087795,8.69397845705547,185.42600329365627
2015-05-28,125.83,125.92,125.12,125.75,32191239,0,AAPL,-0.00206332830727729,0.013295729250604404,0.02871400523560208,125.476,122.5095,121.3328,1.057865775974479,2.471944631889648,126.01,124.1,122.24,-0.01813121272365803,0,0.53879994,1,True,True,-0.01813121272365803,-0.01813121272365803,8.536346084235698,182.06400498344127
2015-05-29,125.25,125.47,123.95,124.31,53319512,0,AAPL,-0.011451292246520861,-0.008771230364404747,0.045148814528333636,125.256,122.77799999999999,121.37720000000002,1.1821082860627028,2.3525833504942195,125.75,125.41,118.94,-0.0123883838790122,0,0.5400313,1,True,True,-0.0123883838790122,-0.0123883838790122,8.430594552020082,179.808526199156
2015-06-01,125.22,125.41,124.09,124.57,33649578,0,AAPL,0.0020915453302228215,-0.015179065538777792,0.01656601925901735,124.872,122.87950000000001,121.4452,0.974689694199201,2.3853378332884585,124.31,126.49,122.54,-0.02087179898852043,0,0.53879994,1,True,True,-0.02087179898852043,-0.02087179898852043,8.254632877176604,176.0555987839051
2015-06-02,123.92,124.68,123.43,124.0,35247319,0,AAPL,-0.004575740547483331,0.002263174911089516,0.013900245298446468,124.928,122.9645,121.5318,0.8968946426298501,2.393874804353232,124.57,123.72,122.3,-0.01927419354838711,0,0.53879994,1,True,True,-0.01927419354838711,-0.01927419354838711,8.095531485431023,172.66226909766695
2015-06-03,124.69,124.96,123.95,124.16,32466240,0,AAPL,0.001290322580645098,-0.014681374494087795,0.03838755540687466,124.55799999999999,123.194,121.59719999999999,0.698620068404956,2.268030446275547,124.0,126.01,119.57,-0.009342783505154606,0,0.54254335,1,True,True,-0.009342783505154606,-0.009342783505154606,8.019896687403477,171.0491228979787
2015-06-04,123.68,124.61,123.03,123.47,40290158,0,AAPL,-0.00555734536082475,-0.01813121272365803,0.039309764309764406,124.102,123.42749999999998,121.6586,0.4109379514940986,2.018516586628868,124.16,125.75,118.8,-0.006155341378472512,0,0.5346908,1,True,True,-0.006155341378472512,-0.006155341378472512,7.970531485472428,169.99625715405332
2015-06-05,123.63,123.79,122.49,122.77,37331747,0,AAPL,-0.005669393374908904,-0.0123883838790122,0.026934337097448857,123.79399999999998,123.5885,121.76859999999999,0.6950035970972994,1.8106796484864778,123.47,124.31,119.55,-0.011403437321821253,0,0.53873134,1,True,True,-0.011403437321821253,-0.011403437321821253,7.87964002925624,168.05771549065287
2015-06-08,123.02,123.32,121.03,121.97,55195489,0,AAPL,-0.006516249898183557,-0.02087179898852043,0.0014779538549962723,123.274,123.59750000000001,121.8466,0.9089719467498579,1.8016947431065693,122.77,124.57,121.79,-0.006968926785275054,0,0.5320739,1,False,False,-0.006968926785275054,-0.0,7.87964002925624,166.8865335756979
2015-06-09,120.91,122.22,119.88,121.61,58732198,0,AAPL,-0.002951545461998828,-0.01927419354838711,0.008876721420275402,122.796,123.651,121.93599999999998,1.0493235916428523,1.7201679844440292,121.97,124.0,120.54,0.001397911355974113,1,0.53222907,1,False,False,0.001397911355974113,0.0,7.87964002925624,167.11982615614252
2015-06-10,122.09,123.45,122.0,123.0,40948345,0,AAPL,0.011429981087081709,-0.009342783505154606,0.02397602397602383,122.564,123.79499999999999,121.994,0.7609730612697602,1.5176453368262126,121.61,124.16,120.12,-0.01227642276422769,0,0.55517155,1,False,False,-0.01227642276422769,-0.0,7.87964002925624,165.06819251796549
2015-06-11,123.29,124.22,122.6,122.71,37084550,0,AAPL,-0.0023577235772358485,-0.006155341378472512,0.02037252619324792,122.41199999999999,123.91749999999999,122.0834,0.5918783658643717,1.3006592457878525,123.0,123.47,120.26,-0.005541520658463028,0,0.560295,1,False,False,-0.005541520658463028,-0.0,7.87964002925624,164.15346371907202
2015-06-12,122.32,122.46,121.31,121.37,38579953,0,AAPL,-0.010920055415206464,-0.011403437321821253,-0.013813276996830992,122.13199999999999,123.83250000000001,122.14920000000001,0.7012274951670749,1.4099192772603424,122.71,122.77,123.07,-0.0046139902776634045,0,0.5586563,1,False,False,-0.0046139902776634045,-0.0,7.87964002925624,163.39606123342745
2015-06-15,120.34,121.43,119.97,121.12,46094023,0,AAPL,-0.0020598170882425437,-0.006968926785275054,-0.014403124745707485,121.96200000000002,123.744,122.18960000000001,0.8396844645331342,1.5231940125832086,121.37,121.97,122.89,0.005449141347424025,1,0.5510957,1,False,False,0.005449141347424025,0.0,7.87964002925624,164.28642946670075
2015-06-16,121.22,122.0,120.59,121.78,33001274,0,AAPL,0.005449141347424025,0.001397911355974113,-0.01972148434355636,121.99600000000001,123.6215,122.20479999999999,0.8251848277678734,1.5795278275054732,121.12,121.61,124.23,-0.004516340942683494,0,0.5535972,1,False,False,-0.004516340942683494,-0.0,7.87964002925624,163.54445593897302
2015-06-17,121.89,122.03,120.95,121.49,34493316,0,AAPL,-0.0023813434061422667,-0.01227642276422769,-0.021110305374264837,121.694,123.4905,122.2394,0.6155729038694887,1.6442034545546718,121.78,123.0,124.11,0.006255658901967331,1,0.5535972,1,False,False,0.006255658901967331,0.0,7.87964002925624,164.56753427063506
2015-06-18,121.43,122.44,121.42,122.03,37101639,0,AAPL,0.004444810272450361,-0.005541520658463028,-0.01668009669621273,121.55799999999999,123.38699999999999,122.29260000000001,0.3549225267270715,1.6687849345749524,121.49,122.71,124.1,-0.0027862001147259674,0,0.52605975,1,False,False,-0.0027862001147259674,-0.0,7.87964002925624,164.10901618777004
2015-06-19,121.92,121.98,120.62,120.81,57335314,0,AAPL,-0.00999754158813404,-0.0046139902776634045,-0.03667969061478349,121.446,123.15700000000001,122.3032,0.4912534986932303,1.6921244821607095,122.03,121.37,125.41,0.0012416190712689623,1,0.5313892,1,False,False,0.0012416190712689623,0.0,7.87964002925624,164.31277707203597
2015-06-22,121.68,122.2,121.28,121.78,35668278,0,AAPL,0.00802913666087246,0.005449141347424025,-0.037236145149814215,121.578,122.9215,122.3232,0.46996808399967804,1.523162482251432,120.81,121.12,126.49,-0.024141895220890164,0,0.5549677,1,False,False,-0.024141895220890164,-0.0,7.87964002925624,160.3459552245094
2015-06-23,121.67,121.78,121.08,121.23,31717403,0,AAPL,-0.004516340942683494,-0.004516340942683494,-0.020126091173617855,121.468,122.797,122.337,0.47520521880376654,1.5558720688754757,121.78,121.78,123.72,-0.012620638455827726,0,0.55269164,1,False,False,-0.012620638455827726,-0.0,7.87964002925624,158.32228689576652
2015-06-24,121.41,123.87,121.32,122.25,57926303,0,AAPL,0.008413758970551743,0.006255658901967331,-0.02983890167447034,121.62,122.609,122.38140000000001,0.5913543776605735,1.3623312063369968,121.23,121.49,126.01,-0.011779141104294455,0,0.5573095,1,False,False,-0.011779141104294455,-0.0,7.87964002925624,156.4573863384667
2015-06-25,122.98,123.31,121.69,121.69,33466523,0,AAPL,-0.004580777096114486,-0.0027862001147259674,-0.03228628230616304,121.55199999999999,122.40599999999999,122.40559999999999,0.5505633478341337,1.1566166630450405,122.25,122.03,125.75,-0.008464130166817352,0,0.55680144,1,False,False,-0.008464130166817352,-0.0,7.87964002925624,155.1331106549379
2015-06-26,121.84,122.14,120.73,120.96,46175652,0,AAPL,-0.005998849535705508,0.0012416190712689623,-0.026948757139409585,121.582,122.2385,122.4266,0.5019661342942671,1.107915420471153,121.69,120.81,124.31,-0.005869708994708955,0,0.568666,1,False,False,-0.005869708994708955,-0.0,7.87964002925624,154.22252443994944
2015-06-29,119.73,120.69,118.79,118.84,51514057,0,AAPL,-0.017526455026455,-0.024141895220890164,-0.045998233924700926,120.994,121.952,122.4324,1.2998576845094896,1.2094870595996563,120.96,121.78,124.57,0.009340289464826679,1,0.55676633,1,False,False,0.009340289464826679,0.0,7.87964002925624,155.66300746021489
2015-06-30,119.83,120.36,119.16,119.7,46494077,0,AAPL,0.007236620666442262,-0.012620638455827726,-0.0346774193548387,120.68800000000002,121.737,122.40100000000001,1.4061543300713442,1.2084574769742453,118.84,121.23,124.0,-0.02280701754385972,0,0.5574165,1,False,False,-0.02280701754385972,-0.0,7.87964002925624,152.1127985181398
2015-07-01,121.1,121.14,120.24,120.81,31685901,0,AAPL,0.009273182957393544,-0.011779141104294455,-0.026981314432989678,120.4,121.56949999999999,122.40520000000001,1.1257664056003867,1.0803092880585634,119.7,122.25,124.16,-0.05148580415528514,0,0.56715524,1,False,False,-0.05148580415528514,-0.0,7.87964002925624,144.28114876412252
2015-07-02,120.65,120.9,120.03,120.66,28513099,0,AAPL,-0.0012416190712689623,-0.008464130166817352,-0.022758564833562867,120.194,121.429,122.374,0.9028731915271563,0.9998626221280892,120.81,121.69,123.47,-0.024946129620420976,0,0.56201786,1,False,False,-0.024946129620420976,-0.0,7.87964002925624,140.6818925252695
2015-07-06,119.23,120.46,119.15,120.25,29403250,0,AAPL,-0.0033979777888281104,-0.005869708994708955,-0.020526187179278343,120.05199999999999,121.303,122.3142,0.80253971862983,0.980575019257633,120.66,120.96,122.77,-0.0027442827442827333,0,0.56542593,1,False,False,-0.0027442827442827333,-0.0,7.87964002925624,140.29582163517935
2015-07-07,120.15,120.39,118.11,119.95,49193474,0,AAPL,-0.002494802494802495,0.009340289464826679,-0.0165614495367713,120.274,121.202,122.2368,0.4667226156706243,1.0117915324978186,120.25,118.84,121.97,-0.0006669445602334179,0,0.568666,1,False,False,-0.0006669445602334179,-0.0,7.87964002925624,140.20225210011628
2015-07-08,118.79,118.95,116.94,116.97,63669393,0,AAPL,-0.02484368486869537,-0.02280701754385972,-0.03815475701011428,119.728,120.97,122.055,1.5785816418476688,1.378740844307141,119.95,119.7,121.61,0.034624262631443914,1,0.54918,1,False,False,0.034624262631443914,0.0,7.87964002925624,145.0566516983506
2015-07-09,118.19,118.38,113.77,114.59,82356224,0,AAPL,-0.020347097546379422,-0.05148580415528514,-0.06837398373983739,118.48400000000001,120.54950000000001,121.86560000000001,2.620034350915762,1.9079431609025328,116.97,120.81,123.0,0.07016319050527953,1,0.5333553,1,False,False,0.07016319050527953,0.0,7.87964002925624,155.23428918551997
2015-07-10,116.37,118.19,115.67,117.65,64290561,0,AAPL,0.026703900863949803,-0.024946129620420976,-0.04123543313503375,117.88199999999999,120.29650000000001,121.7738,2.324160063330115,1.941565496942902,114.59,120.66,122.71,0.0515937101572459,1,0.5346917,1,False,False,0.0515937101572459,0.0,7.87964002925624,163.2434021082238
2015-07-13,119.32,120.01,118.63,119.92,43423667,0,AAPL,0.01929451763705914,-0.0027442827442827333,-0.011946939111806887,117.816,120.224,121.7934,2.2433858339524786,1.926383030167985,117.65,120.25,121.37,0.050950633755837194,1,0.53205675,1,False,False,0.050950633755837194,0.0,7.87964002925624,171.56075690209676
2015-07-14,120.29,120.59,119.33,119.87,33279159,0,AAPL,-0.0004169446297531687,-0.0006669445602334179,-0.01032034346103039,117.8,120.1615,121.74,2.2245673736658693,1.9160328395090533,119.92,119.95,121.12,0.04096104112788845,1,0.5345919,1,False,False,0.04096104112788845,0.0,7.87964002925624,178.58806412149522
2015-07-15,119.98,121.35,119.84,121.02,35239317,0,AAPL,0.009593726537081793,0.034624262631443914,-0.00624076202988999,118.60999999999999,120.1235,121.71440000000001,2.5589939429351087,1.8895983282372875,119.87,116.97,121.78,-0.01247727648322583,0,0.5345919,1,False,False,-0.01247727648322583,-0.0,7.87964002925624,176.35977146884727
2015-07-16,121.94,122.69,121.54,122.63,37955852,0,AAPL,0.013303586184101768,0.07016319050527953,0.009383488352950886,120.218,120.18050000000001,121.7756,1.8210903327343226,1.949241350391765,121.02,114.59,121.49,-0.025931664356193318,0,0.53536236,1,False,False,-0.025931664356193318,-0.0,7.87964002925624,171.78646906918217
2015-07-17,123.19,123.72,122.44,123.72,48373947,0,AAPL,0.00888852646171423,0.0515937101572459,0.013849053511431508,121.43200000000002,120.26500000000001,121.874,1.7004322979696296,2.0667276448207983,122.63,117.65,122.03,-0.039686388619463275,0,0.536285,1,False,False,-0.039686388619463275,-0.0,7.87964002925624,164.96888449813721
2015-07-20,124.99,126.9,124.73,126.03,61718915,0,AAPL,0.018671193016488896,0.050950633755837194,0.04320834368015891,122.654,120.526,122.00359999999999,2.395564651596389,2.4358255922296794,123.72,119.92,120.81,-0.07030072205030546,0,0.53843313,1,False,False,-0.07030072205030546,-0.0,7.87964002925624,153.37145280208472
2015-07-21,126.78,126.85,124.35,124.78,80429635,0,AAPL,-0.009918273426961832,0.04096104112788845,0.02463458696009191,123.63600000000001,120.676,122.0634,1.9301891099003765,2.603698583891953,126.03,119.87,121.78,-0.05633915691617242,0,0.535601,1,False,False,-0.05633915691617242,-0.0,7.87964002925624,144.73063445620673
2015-07-22,116.42,119.77,116.42,119.51,120975577,0,AAPL,-0.04223433242506813,-0.01247727648322583,-0.014187907283675694,123.33400000000002,120.59,122.04279999999999,2.4812758814726794,2.612826660508937,124.78,121.02,121.23,-0.01773910133043266,0,0.5211292,1,False,False,-0.01773910133043266,-0.0,7.87964002925624,142.16324306597028
2015-07-23,120.43,121.29,119.35,119.45,53440014,0,AAPL,-0.0005020500376538006,-0.025931664356193318,-0.02290388548057254,122.69800000000001,120.45,122.02940000000001,3.049355669642047,2.5941472587290892,119.51,122.63,122.25,-0.02235244872331521,0,0.5320739,1,False,False,-0.02235244872331521,-0.0,7.87964002925624,138.98554646499798
2015-07-24,119.61,120.0,118.23,118.81,44180009,0,AAPL,-0.005357890330682347,-0.039686388619463275,-0.02366669405867361,121.71600000000001,120.306,122.00039999999998,3.4075181584223757,2.6016156923146947,119.45,123.72,121.69,-0.02567123979463004,0,0.5345232,1,False,False,-0.02567123979463004,-0.0,7.87964002925624,135.41761517370733
2015-07-27,117.48,117.97,116.55,117.17,46582952,0,AAPL,-0.013803551889571608,-0.07030072205030546,-0.031332671957671865,119.944,120.1165,121.8824,2.8635781812233496,2.6880657788735074,118.81,126.03,120.96,-0.035418622514295506,0,0.5314295,1,False,False,-0.035418622514295506,-0.0,7.87964002925624,130.62130978008366
2015-07-28,117.75,118.24,116.95,117.75,35226815,0,AAPL,0.004950072544166684,-0.05633915691617242,-0.00917199596095597,118.53800000000001,120.06199999999998,121.77959999999999,1.0419788865320556,2.726089545575905,117.17,124.78,118.84,-0.07082802547770706,0,0.53305095,1,False,False,-0.07082802547770706,-0.0,7.87964002925624,121.36966032304844
2015-07-29,117.54,117.87,116.68,117.39,38782874,0,AAPL,-0.003057324840764375,-0.01773910133043266,-0.019298245614035148,118.114,119.94649999999999,121.64280000000001,0.9768725607665605,2.7904107884670064,117.75,119.51,119.7,-0.061845131612573545,0,0.5345232,1,False,False,-0.061845131612573545,-0.0,7.87964002925624,113.86353770659616
2015-07-30,116.73,116.97,116.14,116.78,35237502,0,AAPL,-0.005196354033563333,-0.02235244872331521,-0.03335816571475869,117.58,119.745,121.49619999999999,0.7723341245721712,2.8691691443551237,117.39,119.45,120.81,-0.05488953587943135,0,0.5345919,1,False,False,-0.05488953587943135,-0.0,7.87964002925624,107.61362096829097
2015-07-31,117.0,117.04,115.4,115.76,44937189,0,AAPL,-0.008734372324028072,-0.02567123979463004,-0.040609978451848106,116.97,119.5,121.3294,0.7623975340848889,2.9934401965796202,116.78,118.81,120.66,-0.04336558396682799,0,0.53928286,1,False,False,-0.04336558396682799,-0.0,7.87964002925624,102.94689345221614
2015-08-03,115.95,116.97,112.15,113.02,73291498,0,AAPL,-0.02366966136834836,-0.035418622514295506,-0.06012474012474012,116.14000000000001,119.13850000000002,121.0816,1.9001973581654075,3.3171583828353284,115.76,117.17,120.25,0.015572465050433637,1,0.5301001,1,False,False,0.015572465050433637,0.0,7.87964002925624,104.5500303525515
2015-08-04,112.06,112.33,108.07,109.41,130079349,0,AAPL,-0.031941249336400634,-0.07082802547770706,-0.08786994581075458,114.47200000000001,118.6115,120.74,3.287578135950375,3.9569915140265635,113.02,117.75,119.95,-0.005575358742345271,0,0.52916276,1,False,False,-0.005575358742345271,-0.0,7.87964002925624,103.96712642681294
2015-08-05,107.8,112.08,106.98,110.13,104065281,0,AAPL,0.006580751302440291,-0.061845131612573545,-0.05847653244421647,113.02000000000001,118.26950000000002,120.4682,3.279839935115598,4.379376878287423,109.41,117.39,116.97,0.0030872605103060557,1,0.5361531,1,False,False,0.0030872605103060557,0.0,7.87964002925624,104.28810003060043
2015-08-06,111.17,111.68,109.4,110.37,55158515,0,AAPL,0.002179242713157281,-0.05488953587943135,-0.03682694825028365,111.73800000000001,118.05850000000001,120.15540000000001,2.6313817662929857,4.658737433431679,110.13,116.78,114.59,9.060433088703412e-05,1,0.5320739,1,False,False,9.060433088703412e-05,0.0,7.87964002925624,104.29754898412318
2015-08-07,109.84,111.44,109.76,110.74,40338410,0,AAPL,0.0033523602428195964,-0.04336558396682799,-0.05873353166170858,110.734,117.713,119.85520000000001,1.3671247199795806,4.938458208151391,110.37,115.76,117.65,0.0037926675094817064,1,0.53928286,1,False,False,0.0037926675094817064,0.0,7.87964002925624,104.69311490947385
2015-08-10,111.71,115.04,111.71,114.78,57321780,0,AAPL,0.03648184937691901,0.015572465050433637,-0.042861907938625765,111.08600000000001,117.45599999999999,119.6646,2.1213745543819575,4.951287339244542,110.74,113.02,119.92,-0.021432305279665553,0,0.5335959,1,False,False,-0.021432305279665553,-0.0,7.87964002925624,102.4493001100549
2015-08-11,112.93,113.28,108.64,108.8,101212493,0,AAPL,-0.05209966893186968,-0.005575358742345271,-0.09235004588303997,110.96399999999998,116.90249999999999,119.3492,2.255178485171241,5.275371650661762,114.78,109.41,119.87,0.026470588235294246,1,0.53122103,1,False,False,0.026470588235294246,0.0,7.87964002925624,105.16119334826226
2015-08-12,107.88,110.64,105.09,110.47,106071713,0,AAPL,0.015349264705882382,0.0030872605103060557,-0.08717567344240618,111.032,116.375,119.07860000000001,2.2287148763310323,5.3686198363586,108.8,110.13,121.02,-0.001991490902507498,0,0.536877,1,False,False,-0.001991490902507498,-0.0,7.87964002925624,104.95176578841236
2015-08-13,111.24,111.58,109.8,110.38,50629240,0,AAPL,-0.0008147008237531228,9.060433088703412e-05,-0.099893990051374,111.03399999999999,115.7625,118.803,2.227976660555324,5.315970847606922,110.47,110.37,122.63,-0.021743069396629733,0,0.5325423,1,False,False,-0.021743069396629733,-0.0,7.87964002925624,102.66979226157608
2015-08-14,109.59,111.49,109.31,111.16,44781223,0,AAPL,0.00706649755390476,0.0037926675094817064,-0.10151956029744591,111.11799999999998,115.1345,118.55680000000001,2.2220306028448955,5.062269591895334,110.38,110.74,123.72,-0.08780136739834465,0,0.5363421,1,False,False,-0.08780136739834465,-0.0,7.87964002925624,93.65524411050572
2015-08-17,111.24,112.79,110.72,112.32,42648223,0,AAPL,0.010435408420295111,-0.021432305279665553,-0.10878362294691746,110.626,114.449,118.3478,1.2819828391906307,4.393273446864353,111.16,114.78,126.03,-0.1198806980056979,0,0.5363421,1,False,False,-0.1198806980056979,-0.0,7.87964002925624,82.42778807464427
2015-08-18,111.61,112.6,111.21,111.68,36051444,0,AAPL,-0.005698005698005604,0.026470588235294246,-0.10498477320083344,111.202,113.79400000000001,118.14200000000001,0.8203170118797005,3.6926205214949968,112.32,108.8,124.78,-0.1094914040114614,0,0.53458756,1,False,False,-0.1094914040114614,-0.0,7.87964002925624,73.40265382879227
2015-08-19,111.3,111.7,109.93,110.25,50369291,0,AAPL,-0.012804441260745092,-0.001991490902507498,-0.07748305581122927,111.15799999999999,113.33099999999999,117.91480000000001,0.8735673986472047,3.514431750125848,111.68,110.47,119.51,-0.04625850340136051,0,0.5326383,1,False,False,-0.04625850340136051,-0.0,7.87964002925624,70.00715691698419
2015-08-20,109.37,109.62,107.01,107.98,71456351,0,AAPL,-0.020589569160997745,-0.021743069396629733,-0.09602344077019676,110.678,112.75750000000001,117.6144,1.6878151557499617,3.3972618618340262,110.25,110.38,119.45,0.0025004630487126533,1,0.5333553,1,False,False,0.0025004630487126533,0.0,7.87964002925624,70.18220722600053
2015-08-21,105.87,107.27,101.28,101.4,133808438,0,AAPL,-0.06093721059455448,-0.08780136739834465,-0.14653648682770803,108.726,111.88700000000001,117.1882,4.42132106954238,3.9502899293967886,107.98,111.16,118.81,0.07100591715976323,1,0.5255904,1,False,False,0.07100591715976323,0.0,7.87964002925624,75.16555921837926
2015-08-24,90.948,104.32,88.196,98.855,169159067,0,AAPL,-0.025098619329388616,-0.1198806980056979,-0.1563113424938124,106.03299999999999,110.97125000000001,116.73790000000001,5.622519008414253,4.710805014173005,101.4,112.32,117.17,0.09341965505032612,1,0.5255904,1,False,False,0.09341965505032612,0.0,7.87964002925624,82.18749983222511
2015-08-25,106.51,106.51,99.213,99.452,108070357,0,AAPL,0.006039148247433124,-0.1094914040114614,-0.15539702760084928,103.5874,110.05635,116.30454,5.195359352343179,5.086839689721567,98.855,111.68,117.75,0.03828982825885863,1,0.5337842,1,False,False,0.03828982825885863,0.0,7.87964002925624,85.33444508582599
2015-08-26,102.64,105.34,100.7,105.15,100948881,0,AAPL,0.057293970960865526,-0.04625850340136051,-0.10426782519805766,102.56739999999999,109.44435000000001,115.97193999999999,3.8992472093956585,4.8906021077466,99.452,110.25,117.39,0.024251069900142586,1,0.536848,1,False,False,0.024251069900142586,0.0,7.87964002925624,87.40389667849223
2015-08-27,107.59,108.55,105.47,108.25,88265831,0,AAPL,0.02948169281978119,0.0025004630487126533,-0.07304332933721525,102.6214,109.01785,115.70714,3.993671218312771,4.57923491971967,105.15,107.98,116.78,-0.022540415704387917,0,0.536848,1,False,False,-0.022540415704387917,-0.0,7.87964002925624,85.43377651317564
2015-08-28,107.54,108.62,106.93,108.6,55457595,0,AAPL,0.0032332563510391044,0.07100591715976323,-0.06185210780926065,104.0614,108.65985,115.43854000000002,4.681919456801849,4.295488383173708,108.25,101.4,115.76,-0.03554327808471458,0,0.5368369,1,False,False,-0.03554327808471458,-0.0,7.87964002925624,82.39718003674048
2015-08-31,107.4,109.79,107.37,108.09,58654593,0,AAPL,-0.004696132596684999,0.09341965505032612,-0.043620598124225696,105.9084,108.41335,115.18414000000001,3.8648237734700963,4.171783441354478,108.6,98.855,113.02,-0.0038856508465168194,0,0.5361531,1,False,False,-0.0038856508465168194,-0.0,7.87964002925624,82.07701336438012
2015-09-01,105.6,107.25,102.91,103.26,80160471,0,AAPL,-0.04468498473494309,0.03828982825885863,-0.056210584041678,106.67,108.10584999999999,114.81374,2.354580642063373,4.318530113906528,108.09,99.452,109.41,0.02266124346310283,1,0.5279641,1,False,False,0.02266124346310283,0.0,7.87964002925624,83.93698054695469
2015-09-02,105.68,107.7,104.6,107.7,64558315,0,AAPL,0.04299825682742586,0.024251069900142586,-0.022064832470716333,107.18000000000002,107.98434999999999,114.54314000000001,2.2150733622116294,4.292690424612485,103.26,105.15,110.13,0.0020427112349117316,1,0.52992594,1,False,False,0.0020427112349117316,0.0,7.87964002925624,84.10843956014251
2015-09-03,107.84,108.11,105.49,105.81,55530094,0,AAPL,-0.017548746518105895,-0.022540415704387917,-0.041315574884479456,106.69200000000001,107.75635,114.21433999999999,2.1890340335361573,4.2803923980822,107.7,108.25,110.37,0.03477932142519613,1,0.53141785,1,False,False,0.03477932142519613,0.0,7.87964002925624,87.0336740141764
2015-09-04,104.47,105.89,104.03,104.74,52152843,0,AAPL,-0.010112465740478305,-0.03554327808471458,-0.05418096442116671,105.92,107.45635,113.87534,2.0222141330679237,4.270520876338661,105.81,108.6,110.74,0.05537521481764385,1,0.5368369,1,False,False,0.05537521481764385,0.0,7.87964002925624,91.8531824090802
2015-09-08,107.03,107.91,105.76,107.67,57209226,0,AAPL,0.027974030933740845,-0.0038856508465168194,-0.06194458964976479,105.83599999999998,107.10085,113.60954,1.9154451179764094,3.9094474946134428,104.74,108.09,114.78,0.035293024983746646,1,0.5346917,1,False,False,0.035293024983746646,0.0,7.87964002925624,95.09495907068052
2015-09-09,109.07,109.32,105.23,105.6,88677659,0,AAPL,-0.019225410977988355,0.02266124346310283,-0.02941176470588236,106.304,106.94085,113.34474,1.3229247899936114,3.9017219852241585,107.67,103.26,108.8,0.056723484848484995,1,0.525329,1,False,False,0.056723484848484995,0.0,7.87964002925624,100.48907654069356
2015-09-10,105.72,108.59,105.35,107.92,65588130,0,AAPL,0.021969696969696972,0.0020427112349117316,-0.023083190006336518,106.348,106.81334999999999,113.10914000000001,1.3832461819862862,3.821159678957019,105.6,107.7,110.47,0.012045959970348408,1,0.52992594,1,False,False,0.012045959970348408,0.0,7.87964002925624,101.69956393416003
2015-09-11,107.16,109.49,107.13,109.49,52068455,0,AAPL,0.014547813194959236,0.03477932142519613,-0.008063054901250255,107.08399999999999,106.76885,112.88274,1.9057623146603544,3.7824234959366008,107.92,105.81,110.38,-0.006667275550278462,0,0.5329144,1,False,False,-0.006667275550278462,-0.0,7.87964002925624,101.02150491806782
2015-09-14,111.76,112.06,110.11,110.54,60880851,0,AAPL,0.009589916887386973,0.05537521481764385,-0.005577545879812851,108.244,106.73785000000001,112.68034,1.8874135741748685,3.746914355416175,109.49,104.74,111.16,-0.0009046499004885522,0,0.5313892,1,False,False,-0.0009046499004885522,-0.0,7.87964002925624,100.93011582369648
2015-09-15,111.15,111.71,109.69,111.47,45210576,0,AAPL,0.008413244074543025,0.035293024983746646,-0.007567663817663717,109.00399999999999,106.69535,112.50474,2.3151090687005484,3.684567364088769,110.54,107.67,112.32,-0.024760025118866102,0,0.5345232,1,False,False,-0.024760025118866102,-0.0,7.87964002925624,98.43108362065169
2015-09-16,111.44,111.72,110.66,111.59,38776840,0,AAPL,0.0010765228312550335,0.056723484848484995,-0.0008058739255014657,110.202,106.69085,112.33754,1.529957515743318,3.6782086211236114,111.47,105.6,111.68,-0.017922752934850794,0,0.5345232,1,False,False,-0.017922752934850794,-0.0,7.87964002925624,96.66692762780912
2015-09-17,110.88,111.67,109.03,109.22,66878079,0,AAPL,-0.021238462227798238,0.012045959970348408,-0.00934240362811789,110.46199999999999,106.63935,112.18253999999999,1.093375507307283,3.632681773983845,111.59,107.92,110.25,0.009338948910455835,1,0.525329,1,False,False,0.009338948910455835,0.0,7.87964002925624,97.56969512625595
2015-09-18,107.57,109.57,107.24,108.76,77489421,0,AAPL,-0.004211682841970266,-0.006667275550278462,0.0072235599185035415,110.31599999999999,106.67835,112.06594,1.2871790862111847,3.6519681395224435,109.22,109.49,107.98,0.011033468186833373,1,0.53222907,1,False,False,0.011033468186833373,0.0,7.87964002925624,98.64622725343052
2015-09-21,108.98,110.59,108.97,110.44,52388174,0,AAPL,0.015446855461566766,-0.0009046499004885522,0.0891518737672583,110.296,107.13034999999999,111.92174000000001,1.2836004051025616,3.521389577318104,108.76,110.54,101.4,-0.0239043824701195,0,0.5401957,1,False,False,-0.0239043824701195,-0.0,7.87964002925624,96.28815010793019
2015-09-22,108.69,109.46,107.87,108.71,52517731,0,AAPL,-0.015664614270191946,-0.024760025118866102,0.09969146730059175,109.744,107.6231,111.69753999999999,1.245403549047252,2.944766381580432,110.44,111.47,98.855,-0.038266948762763264,0,0.5346172,1,False,False,-0.038266948762763264,-0.0,7.87964002925624,92.60349640128877
2015-09-23,108.94,109.97,108.61,109.59,37299049,0,AAPL,0.008094931469046163,-0.017922752934850794,0.10193862365764383,109.34400000000001,108.13,111.49194,0.7106546277760389,2.2562684610661274,108.71,111.59,99.452,-0.03513094260425231,0,0.54247475,1,False,False,-0.03513094260425231,-0.0,7.87964002925624,89.35024828426201
2015-09-24,108.56,110.72,107.73,110.24,52307402,0,AAPL,0.005931198102016477,0.009338948910455835,0.04840703756538267,109.548,108.38449999999997,111.27634,0.80614514820812,2.1884925717997232,109.59,109.22,105.15,-0.047169811320754595,0,0.5400313,1,False,False,-0.047169811320754595,-0.0,7.87964002925624,85.1356139312308
2015-09-25,111.62,111.86,109.32,109.96,58573958,0,AAPL,-0.002539912917271403,0.011033468186833373,0.015796766743648938,109.78799999999998,108.46999999999998,111.02294000000002,0.6819604093930118,2.216189237592878,110.24,108.76,108.25,-0.037650054565296465,0,0.535601,1,False,False,-0.037650054565296465,-0.0,7.87964002925624,81.93025342126994
2015-09-28,109.15,109.83,107.8,107.8,54334671,0,AAPL,-0.019643506729719817,-0.0239043824701195,-0.007366482504604033,109.25999999999999,108.42999999999999,110.70454,0.9991746593961937,2.2209338955496807,109.96,110.44,108.6,-0.014842300556586197,0,0.5266482,1,False,False,-0.014842300556586197,-0.0,7.87964002925624,80.71421997531418
2015-09-29,108.16,108.82,103.4,104.55,76529838,0,AAPL,-0.03014842300556586,-0.038266948762763264,-0.03275048570635586,108.428,108.253,110.27494,2.3671649710105807,2.384496195267194,107.8,108.71,108.09,0.02065997130559527,1,0.5231909,1,False,False,0.02065997130559527,0.0,7.87964002925624,82.38177344395767
2015-09-30,105.62,106.93,104.25,105.74,69340249,0,AAPL,0.011382113821138296,-0.03513094260425231,0.024017044354057715,107.65799999999999,108.377,109.89414,2.516171695250456,2.1656191529837256,104.55,109.59,103.26,0.004350293171931252,1,0.535601,1,False,False,0.004350293171931252,0.0,7.87964002925624,82.7401583104625
2015-10-01,104.56,105.08,102.86,105.04,66686622,0,AAPL,-0.006620011348590804,-0.047169811320754595,-0.024698235840297067,106.61799999999998,108.244,109.60474,2.2418563736286923,2.287628972488776,105.74,110.24,107.7,-0.0007616146230008392,0,0.5313892,1,False,False,-0.0007616146230008392,-0.0,7.87964002925624,82.67714219598385
2015-10-02,103.55,106.41,103.1,105.82,60522325,0,AAPL,0.00742574257425721,-0.037650054565296465,9.450902561192187e-05,105.78999999999999,108.24450000000002,109.33214,1.2393143265449742,2.2870700055981885,105.04,109.96,105.81,0.015781515781515765,1,0.5313892,1,False,False,0.015781515781515765,0.0,7.87964002925624,83.98191282032039
2015-10-05,105.33,106.77,104.56,106.2,54302250,0,AAPL,0.0035910035910036164,-0.014842300556586197,0.013939278212717232,105.47,108.3175,109.07994000000001,0.6632495759362618,2.1905896226170163,105.82,107.8,104.74,0.00743879472693032,1,0.536285,1,False,False,0.00743879472693032,0.0,7.87964002925624,84.60663703056571
2015-10-06,106.06,107.11,105.22,106.71,50964296,0,AAPL,0.0048022598870056665,0.02065997130559527,-0.008916132627472928,105.902,108.2695,108.87074000000001,0.6159707785111335,2.215895862549676,106.2,104.55,107.67,0.004217036828788379,1,0.5320739,1,False,False,0.004217036828788379,0.0,7.87964002925624,84.96342633488354
2015-10-07,107.11,107.14,104.87,106.2,48782741,0,AAPL,-0.00477930840595997,0.004350293171931252,0.005681818181818343,105.994,108.2995,108.63974,0.6200645127562194,2.1816494846021315,106.71,105.74,105.6,-0.005084745762711895,0,0.53252035,1,False,False,-0.005084745762711895,-0.0,7.87964002925624,84.53140891284175
2015-10-08,105.64,105.64,103.74,104.96,64652927,0,AAPL,-0.01167608286252364,-0.0007616146230008392,-0.02742772424017803,105.978,108.15149999999998,108.39114,0.6510913914187574,2.305627611777579,106.2,105.04,107.92,0.021627286585365946,1,0.5313892,1,False,False,0.021627286585365946,0.0,7.87964002925624,86.35959391886455
2015-10-09,105.45,107.64,104.95,107.49,55008109,0,AAPL,0.024104420731707377,0.015781515781515765,-0.018266508356927558,106.31199999999998,108.0515,108.20533999999999,0.9218297022658798,2.287821935926626,104.96,105.82,109.49,-0.009768350544236637,0,0.53223866,1,False,False,-0.009768350544236637,-0.0,7.87964002925624,85.51600313260715
2015-10-12,108.06,108.08,106.84,106.99,31773458,0,AAPL,-0.004651595497255578,0.00743879472693032,-0.03211507146734227,106.47,107.874,108.02993999999998,0.9645465255650418,2.22133767190233,107.49,106.2,110.54,0.001028133470417858,1,0.5345919,1,False,False,0.001028133470417858,0.0,7.87964002925624,85.60392499768415
2015-10-13,106.24,107.81,106.11,107.16,34474745,0,AAPL,0.0015889335451910735,0.004217036828788379,-0.0386651116892438,106.55999999999999,107.6585,107.91274000000001,1.0123487541255678,2.0571090470755338,106.99,106.71,111.47,0.01791713325867872,1,0.5345919,1,False,False,0.01791713325867872,0.0,7.87964002925624,87.13770192933359
2015-10-14,106.69,106.91,105.02,105.66,46380294,0,AAPL,-0.013997760358342659,-0.005084745762711895,-0.05314096245183264,106.452,107.362,107.83774,1.0864483420667523,1.8803879778784311,107.16,106.2,111.59,0.03227332954760542,1,0.532677,1,False,False,0.03227332954760542,0.0,7.87964002925624,89.94992569971998
2015-10-15,106.35,107.47,105.93,107.23,39298405,0,AAPL,0.01485898163922017,0.021627286585365946,-0.01822010620765424,106.90599999999999,107.2625,107.77974,0.7193955796219313,1.8288416667625065,105.66,104.96,109.22,0.032546861885666356,1,0.5327326,1,False,False,0.032546861885666356,0.0,7.87964002925624,92.87751350809472
2015-10-16,107.15,107.37,105.97,106.44,40924861,0,AAPL,-0.007367341229133739,-0.009768350544236637,-0.02133137182787792,106.696,107.14649999999999,107.70114,0.6568333121725674,1.8022420977573652,107.23,107.49,108.76,0.07252912438932735,1,0.5345232,1,False,False,0.07252912438932735,0.0,7.87964002925624,99.61383823829476
2015-10-19,106.22,107.12,105.56,107.1,31042788,0,AAPL,0.006200676437429609,0.001028133470417858,-0.030242665700833116,106.718,106.97949999999999,107.62834,0.6708353001889388,1.6272465442492485,106.44,106.99,110.44,0.03183940242763783,1,0.55269164,1,False,False,0.03183940242763783,0.0,7.87964002925624,102.78548332132544
2015-10-20,106.74,109.45,106.24,109.08,51079941,0,AAPL,0.018487394957983128,0.01791713325867872,0.003403550731303495,107.102,106.998,107.51433999999999,1.269495962963084,1.6499014324570234,107.1,107.16,108.71,0.006692335900256641,1,0.55170304,1,False,False,0.006692335900256641,0.0,7.87964002925624,103.47335830138198
2015-10-21,109.3,110.8,109.01,109.07,44152631,0,AAPL,-9.167583425018222e-05,0.03227332954760542,-0.004744958481613382,107.78399999999999,106.97200000000001,107.51974,1.2159893091551135,1.6105330925153067,109.08,105.66,109.59,0.04831759420555626,1,0.553529,1,False,False,0.04831759420555626,0.0,7.87964002925624,108.47294203887428
2015-10-22,109.6,110.72,109.39,110.72,43450707,0,AAPL,0.015127899514073562,0.032546861885666356,0.004354136429608246,108.482,106.99600000000001,107.52473999999998,1.7169507855438044,1.6644689369546366,109.07,107.23,110.24,0.043533236994219626,1,0.55219364,1,False,False,0.043533236994219626,0.0,7.87964002925624,113.19512033211284
2015-10-23,111.87,114.3,111.51,114.16,61927636,0,AAPL,0.0310693641618498,0.07252912438932735,0.038195707530011,110.026,107.20599999999999,107.60034000000002,2.6430058645374537,2.2277470327859747,110.72,106.44,109.96,0.0035038542396637062,1,0.5378881,1,False,False,0.0035038542396637062,0.0,7.87964002925624,113.59173953439775
2015-10-26,113.19,113.24,110.17,110.51,69194942,0,AAPL,-0.0319726699369306,0.03183940242763783,0.025139146567717985,110.708,107.3415,107.58733999999998,2.0790069744903015,2.3451030164741313,114.16,107.1,107.8,0.05112659487829152,1,0.5274109,1,False,False,0.05112659487829152,0.0,7.87964002925624,119.39929838309331
2015-10-27,110.62,111.72,109.29,109.81,72898797,0,AAPL,-0.006334268392000797,0.006692335900256641,0.05031085604973695,110.854,107.6045,107.53714,1.958221131532214,2.3102551123613226,110.51,109.08,104.55,0.07012111829523726,1,0.5393481,1,True,True,0.07012111829523726,0.07012111829523726,8.432169199871604,127.77171070938253
2015-10-28,112.1,114.37,111.26,114.34,89241471,0,AAPL,0.04125307349057472,0.04831759420555626,0.08133156799697372,111.90799999999999,108.03450000000001,107.59034,2.1652644180282516,2.710611651693492,109.81,109.07,105.74,0.022826657337764455,1,0.5378881,1,True,True,0.022826657337764455,0.022826657337764455,8.624647436811124,130.68831176720556
2015-10-29,113.79,115.7,113.37,115.54,53436940,0,AAPL,0.010495014867937691,0.043533236994219626,0.0999619192688499,112.872,108.5595,107.69614,2.543967374000531,3.090340596112391,114.34,110.72,105.04,0.007616409901332721,1,0.5400313,1,True,True,0.007616409901332721,0.007616409901332721,8.690336286944357,131.68368751893777
2015-10-30,115.97,116.2,114.51,114.56,51494522,0,AAPL,-0.008481911026484323,0.0035038542396637062,0.08259308259308273,112.952,108.9965,107.82773999999999,2.600263448187348,3.293819211793493,115.54,114.16,105.82,0.01745810055865915,1,0.5400313,1,True,True,0.01745810055865915,0.01745810055865915,8.842053051730396,133.98263457757844
2015-11-02,114.92,116.34,114.67,116.16,33585292,0,AAPL,0.013966480446927276,0.05112659487829152,0.09378531073446328,114.082,109.49449999999999,108.12294000000001,2.4994439381548634,3.5885116031991973,114.56,110.51,106.2,-0.0007747933884297842,0,0.54170805,1,True,True,-0.0007747933884297842,-0.0007747933884297842,8.83520228748577,133.87882571814333
2015-11-03,115.8,118.38,115.71,117.51,47482394,0,AAPL,0.01162190082644643,0.07012111829523726,0.10120888389091953,115.622,110.03450000000001,108.49604,1.287641254379109,3.9425725971996446,116.16,109.81,106.71,-0.04323036337332986,0,0.5400313,1,True,True,-0.04323036337332986,-0.04323036337332986,8.453253282120885,128.0911954343533
2015-11-04,118.04,118.69,116.59,116.95,46788462,0,AAPL,-0.004765551867926154,0.022826657337764455,0.1012241054613936,116.144,110.572,108.84599999999999,1.1607885250892898,4.121039214871037,117.51,114.34,106.2,-0.04412141941000425,0,0.5400313,1,True,True,-0.04412141941000425,-0.04412141941000425,8.080283748681435,122.43963007786537
2015-11-05,117.32,118.12,115.7,116.42,41082805,0,AAPL,-0.00453185121846944,0.007616409901332721,0.10918445121951237,116.32000000000001,111.14500000000001,109.0714,1.1120026978289916,4.096303211430776,116.95,115.54,104.96,-0.043033842982305504,0,0.54247475,1,True,True,-0.043033842982305504,-0.043033842982305504,7.732558086588203,117.17058226228295
2015-11-06,116.6,117.28,116.12,116.56,34320534,0,AAPL,0.0012025425184676308,0.01745810055865915,0.08437994232021584,116.72,111.59849999999999,109.2376,0.5258802144775184,4.1717360705206366,116.42,114.56,107.49,-0.07215168153740559,0,0.54254335,1,True,True,-0.07215168153740559,-0.07215168153740559,7.174641018055201,108.71652772534233
2015-11-09,116.46,117.28,115.57,116.07,35181795,0,AAPL,-0.004203843514070105,-0.0007747933884297842,0.08486774464903268,116.702,112.05250000000001,109.38699999999999,0.5507903412178939,4.137746494483307,116.56,116.16,106.99,-0.052985267510984646,0,0.54254335,1,True,True,-0.052985267510984646,-0.052985267510984646,6.794490744418263,102.95615342094969
2015-11-10,112.56,113.67,111.74,112.43,61415434,0,AAPL,-0.03136038597398105,-0.04323036337332986,0.04917879805897729,115.686,112.31599999999999,109.4738,1.8472493063956006,3.974360458313848,116.07,117.51,107.16,-0.026416436894067585,0,0.53116626,1,True,True,-0.026416436894067585,-0.026416436894067585,6.615004508441012,100.23641869124923
2015-11-11,112.04,113.03,110.92,111.79,46967285,0,AAPL,-0.005692430845859686,-0.04412141941000425,0.0580162786295666,114.654,112.62249999999999,109.6444,2.3401559777030134,3.6578018636417458,112.43,116.95,105.66,0.010018785222291715,1,0.5400313,1,True,True,0.010018785222291715,0.010018785222291715,6.681278817855573,101.24066584156856
2015-11-12,111.93,112.48,111.34,111.41,33783843,0,AAPL,-0.0033992307004204747,-0.043033842982305504,0.03898162827566898,113.652,112.8315,109.71859999999998,2.4642483641019775,3.4468006141436227,111.79,116.42,107.23,0.026478772103042836,1,0.5410061,1,True,True,0.026478772103042836,0.026478772103042836,6.8581908770304585,103.92139435994777
2015-11-13,110.91,111.26,108.08,108.15,47584787,0,AAPL,-0.02926128713759979,-0.07215168153740559,0.016065388951522097,111.97,112.91699999999999,109.76540000000001,2.8266588050168764,3.297903799940316,111.41,116.56,106.44,0.06204345815996293,1,0.5287295,1,False,False,0.06204345815996293,0.0,6.8581908770304585,110.3690370428442
2015-11-16,107.23,109.98,106.87,109.92,39580968,0,AAPL,0.016366158113730878,-0.052985267510984646,0.026330532212885283,110.74000000000001,113.05799999999999,109.86900000000001,1.71668284781423,3.089831540285791,108.15,116.07,107.1,0.031204512372634552,1,0.53419405,1,False,False,0.031204512372634552,0.0,6.8581908770304585,113.81304902480339
2015-11-17,110.63,110.76,109.11,109.46,28685340,0,AAPL,-0.004184861717612898,-0.026416436894067585,0.0034836817015033716,110.146,113.077,109.9048,1.4837553706658084,3.0651523530397067,109.92,112.43,109.08,0.04558742919788061,1,0.53012544,1,False,False,0.04558742919788061,0.0,6.8581908770304585,119.00149333901653
2015-11-18,111.45,113.1,111.19,112.91,48480343,0,AAPL,0.03151836287228216,0.010018785222291715,0.035206747960025764,110.37,113.26899999999998,110.051,1.8365865076221137,2.9176647114425798,109.46,111.79,109.07,0.006376760251527669,1,0.5401957,1,False,False,0.006376760251527669,0.0,6.8581908770304585,119.76033733161321
2015-11-19,113.25,115.29,112.42,114.36,44970842,0,AAPL,0.012842086617660176,0.026478772103042836,0.03287572254335269,110.96,113.451,110.1798,2.5782843132555264,2.863315891534315,112.91,111.41,110.72,-0.00830710038474991,0,0.53873134,1,False,False,-0.00830710038474991,-0.0,6.8581908770304585,118.76547618728799
2015-11-20,114.77,115.45,114.42,114.86,35613492,0,AAPL,0.0043721580972369,0.06204345815996293,0.006131744919411375,112.30199999999999,113.48600000000002,110.2872,2.4949589174933036,2.876685592826591,114.36,108.15,114.16,-0.00835800104475004,0,0.53641784,1,False,False,-0.00835800104475004,-0.0,6.8581908770304585,117.7728342132344
2015-11-23,114.83,115.27,112.95,113.35,33739180,0,AAPL,-0.013146439143304933,0.031204512372634552,0.025699031761831304,112.98800000000001,113.628,110.3434,2.1195919418556186,2.7908659286241084,114.86,109.92,110.51,-0.0035288928098807792,0,0.53815687,1,False,False,-0.0035288928098807792,-0.0,6.8581908770304585,117.35722650538004
2015-11-24,112.95,114.91,112.77,114.45,44451376,0,AAPL,0.00970445522717256,0.04558742919788061,0.042254803751935244,113.98599999999999,113.85999999999999,110.40299999999999,0.8187368319424222,2.645868676372156,113.35,109.46,109.81,-0.021843599825251192,0,0.54247475,1,True,True,-0.021843599825251192,-0.021843599825251192,6.708383299987417,114.79372221299516
2015-11-25,114.78,114.79,113.52,113.63,22215769,0,AAPL,-0.007164700742682495,0.006376760251527669,-0.006209550463529889,114.13,113.82449999999999,110.4438,0.6218118686380082,2.6438518053016606,114.45,112.91,114.34,-0.023937340491067438,0,0.53103536,1,True,True,-0.023937340491067438,-0.023937340491067438,6.547802444791027,112.04586579814568
2015-11-27,113.89,114.01,113.21,113.41,13551137,0,AAPL,-0.0019361084220715918,-0.00830710038474991,-0.018435173965726248,113.94000000000001,113.718,110.5276,0.6766830868132593,2.613840892346395,113.63,114.36,115.54,0.010492901860505999,1,0.53103536,1,True,True,0.010492901860505999,0.010492901860505999,6.616507893246201,113.22155207184105
2015-11-30,113.59,114.97,113.35,113.9,40696103,0,AAPL,0.004320606648443803,-0.00835800104475004,-0.0057611731843575376,113.748,113.68499999999999,110.63040000000001,0.4479062401654476,2.6068078886632526,113.41,114.86,114.56,-0.00017559262510979945,0,0.53030705,1,True,True,-0.00017559262510979945,-0.00017559262510979945,6.615346083256166,113.20167120229375
2015-12-01,114.33,114.38,112.52,112.95,36200728,0,AAPL,-0.008340649692712976,-0.0035288928098807792,-0.027634297520661155,113.668,113.52450000000002,110.6806,0.5587664986191948,2.5444769393163873,113.9,113.35,116.16,0.007791057990261141,1,0.53564996,1,True,True,0.007791057990261141,0.007791057990261141,6.666886628216462,114.0836319872253
2015-12-02,112.7,113.71,111.76,111.95,34660013,0,AAPL,-0.008853474988933185,-0.021843599825251192,-0.04731512211726663,113.16799999999998,113.2465,110.7454,0.7646698633915219,2.384843093145469,112.95,114.45,117.51,-0.005716837874050973,0,0.5393515,1,False,False,-0.005716837874050973,-0.0,6.666886628216462,113.43143435907145
2015-12-03,112.21,112.45,109.96,110.91,43169645,0,AAPL,-0.009289861545332845,-0.023937340491067438,-0.0516460025651988,112.624,112.94450000000002,110.7718,1.1983655535683944,2.2708831460765295,111.95,113.63,116.95,0.008385177170678881,1,0.53928286,1,False,False,0.008385177170678881,0.0,6.666886628216462,114.38257703289649
2015-12-04,111.0,114.81,110.82,114.6,60012168,0,AAPL,0.0332702190965648,0.010492901860505999,-0.01563305274007909,112.862,112.85350000000001,110.859,1.4788407622118243,2.1579382826104094,110.91,113.41,116.42,-0.0491273996509598,0,0.52992594,1,True,True,-0.0491273996509598,-0.0491273996509598,6.339359824404432,108.7632584578947
2015-12-07,114.55,115.4,113.41,113.88,33325471,0,AAPL,-0.006282722513089034,-0.00017559262510979945,-0.022992450240219675,112.85799999999999,112.7195,110.9374,1.4753541947543463,1.9925346856857824,114.6,113.9,116.56,-0.04908675799086748,0,0.5345919,1,True,True,-0.04908675799086748,-0.04908675799086748,6.028181202886863,103.42442271167384
2015-12-08,113.13,114.19,112.52,113.83,35636755,0,AAPL,-0.00043905865823667956,0.007791057990261141,-0.01929869906091153,113.03399999999999,112.6075,111.058,1.5401396040551723,1.8523125659785638,113.88,112.95,116.07,-0.065536326100325,0,0.5359719,1,True,True,-0.065536326100325,-0.065536326100325,5.63311635378262,96.64636601810372
2015-12-09,113.25,113.29,110.79,111.31,48154922,0,AAPL,-0.022138276377053456,-0.005716837874050973,-0.00996175398025445,112.90599999999999,112.5515,111.19319999999999,1.6735680446218009,1.8747554928234273,113.83,111.95,112.43,-0.03701374539574165,0,0.5266482,1,True,True,-0.03701374539574165,-0.03701374539574165,5.424613619279122,93.06912203288597
2015-12-10,111.72,112.6,111.2,111.84,30342878,0,AAPL,0.0047614769562482895,0.008385177170678881,0.00044726719742360643,113.09200000000001,112.554,111.3152,1.4302692054222543,1.8737196330120385,111.31,110.91,111.79,-0.06196351931330479,0,0.53281236,1,True,True,-0.06196351931330479,-0.06196351931330479,5.088485468513704,87.30223169232892
2015-12-11,110.9,111.1,108.64,108.97,48700025,0,AAPL,-0.025661659513590895,-0.0491273996509598,-0.021901086078448984,111.96600000000001,112.43199999999999,111.39380000000001,2.034706367016958,2.025421593534522,111.84,114.6,111.41,-0.06313664311278333,0,0.5245107,1,False,False,-0.06313664311278333,-0.0,5.088485468513704,81.79026184702083
2015-12-14,107.99,108.47,105.71,108.29,67497102,0,AAPL,-0.006240249609984372,-0.04908675799086748,0.0012944983818770073,110.848,112.43900000000001,111.44319999999999,2.244998886409411,2.0100272320695507,108.97,113.88,108.15,-0.04580293655923917,0,0.5313892,1,False,False,-0.04580293655923917,-0.0,5.088485468513704,78.04402767247818
2015-12-15,107.78,108.59,106.24,106.37,55386059,0,AAPL,-0.017730168990673256,-0.065536326100325,-0.0322962154294032,109.356,112.2615,111.4466,2.2466597428136996,2.3688910907800538,108.29,113.83,109.92,-0.029519601391369776,0,0.5266482,1,False,False,-0.029519601391369776,-0.0,5.088485468513704,75.74019908460959
2015-12-16,106.94,107.83,104.74,107.19,58414146,0,AAPL,0.00770894049073978,-0.03701374539574165,-0.02073816919422622,108.53200000000001,112.148,111.4562,2.101694554396488,2.557088393585327,106.37,111.31,109.46,-0.02453587088347786,0,0.5313892,1,False,False,-0.02453587088347786,-0.0,5.088485468513704,73.8818473391807
2015-12-17,107.85,108.06,104.91,104.91,46504966,0,AAPL,-0.02127064091799613,-0.06196351931330479,-0.07085289168364184,107.146,111.748,111.4304,1.5999624995543131,3.0161261316600823,107.19,111.84,112.91,-0.008578781812982439,0,0.5266628,1,False,False,-0.008578781812982439,-0.0,5.088485468513704,73.24803109091779
2015-12-18,104.84,105.44,101.87,102.09,100184873,0,AAPL,-0.02688018301401196,-0.06313664311278333,-0.1072927597061909,105.77000000000001,111.1345,111.37299999999999,2.398374449492888,3.6402002186084506,104.91,108.97,114.36,0.007248506220001838,1,0.53122103,1,False,False,0.007248506220001838,0.0,5.088485468513704,73.7789698998832
2015-12-21,103.28,103.37,101.63,103.33,49431782,0,AAPL,0.012146145557841104,-0.04580293655923917,-0.10038307504788435,104.77799999999999,110.55799999999999,111.2898,2.1030739406831302,3.921290872307447,102.09,108.29,114.86,0.013064937578631586,1,0.5313481,1,False,False,0.013064937578631586,0.0,5.088485468513704,74.7428875362409
2015-12-22,103.4,103.72,102.49,103.23,34053824,0,AAPL,-0.000967773153972673,-0.029519601391369776,-0.08928098808998663,104.15,110.05199999999999,111.2146,1.973676771910883,4.186051524814285,103.33,106.37,113.35,0.0008718395815168201,1,0.53291214,1,False,False,0.0008718395815168201,0.0,5.088485468513704,74.80805134403185
2015-12-23,103.27,104.78,103.2,104.56,33920744,0,AAPL,0.012883851593529005,-0.02453587088347786,-0.08641328090869371,103.624,109.5575,111.1626,1.1318922210089841,4.223160297066192,103.23,107.19,114.45,-0.030700076511094188,0,0.53156006,1,False,False,-0.030700076511094188,-0.0,5.088485468513704,72.51143844412421
2015-12-24,104.93,104.93,103.93,104.01,14122706,0,AAPL,-0.00526013771996936,-0.008578781812982439,-0.08466074100149601,103.444,109.07650000000001,111.1296,0.9297741661181372,4.2823312330380805,104.56,104.91,113.63,-0.024709162580521138,0,0.5233609,1,False,False,-0.024709162580521138,-0.0,5.088485468513704,70.7197415226609
2015-12-28,103.59,103.69,102.22,102.83,27737339,0,AAPL,-0.011345062974714049,0.007248506220001838,-0.09328983334802932,103.59200000000001,108.54749999999999,111.0416,0.687764494562389,4.371387681633614,104.01,102.09,113.41,-0.038364290576679894,0,0.5230154,1,False,False,-0.038364290576679894,-0.0,5.088485468513704,68.00662880937784
2015-12-29,102.97,105.35,102.87,104.68,32127908,0,AAPL,0.01799085869882333,0.013064937578631586,-0.08094820017559257,103.86200000000001,108.0865,111.0064,0.8128160923484627,4.262007526726733,102.83,103.33,113.9,-0.07385364921666038,0,0.5288293,1,False,False,-0.07385364921666038,-0.0,5.088485468513704,62.984091100882424
2015-12-30,104.53,104.64,103.18,103.32,23107102,0,AAPL,-0.012991975544516698,0.0008718395815168201,-0.08525896414342637,103.88,107.60499999999999,110.9308,0.7961469713442525,4.227469692378763,104.68,103.23,112.95,-0.10126790553619813,0,0.5233609,1,False,False,-0.10126790553619813,-0.0,5.088485468513704,56.605824112994966
2015-12-31,103.02,103.04,100.91,101.35,40331735,0,AAPL,-0.019066976384049528,-0.030700076511094188,-0.09468512728896838,103.23800000000001,107.075,110.7762,1.266202985299244,4.317568150802434,103.32,104.56,111.95,-0.07894425259003446,0,0.5309223,1,False,False,-0.07894425259003446,-0.0,5.088485468513704,52.13711963615163
2016-01-04,98.786,101.46,98.211,101.44,65260163,0,AAPL,0.0008880118401579651,-0.024709162580521138,-0.08538454602831125,102.724,106.60150000000002,110.62359999999998,1.3900467617964483,4.3934667704604,101.35,104.01,110.91,-0.06486593059936907,0,0.5394028,1,False,False,-0.06486593059936907,-0.0,5.088485468513704,48.75519685218202
2016-01-05,101.81,101.91,98.597,98.885,54763789,0,AAPL,-0.025187302839116632,-0.038364290576679894,-0.13712914485165784,101.93499999999999,105.81575000000001,110.38690000000001,2.199033878770607,4.291783850382443,101.44,102.83,114.6,-0.02676846842291558,0,0.5202074,1,False,False,-0.02676846842291558,-0.0,5.088485468513704,47.45009490479135
2016-01-06,96.816,98.558,96.149,96.949,69848688,0,AAPL,-0.019578298022956075,-0.07385364921666038,-0.14867404285212504,100.3888,104.9692,110.04268,2.4856839501395025,4.287208349446309,98.885,104.68,113.88,-0.03287295382108113,0,0.52978647,1,False,False,-0.03287295382108113,-0.0,5.088485468513704,45.890270126180226
2016-01-07,95.003,96.4,92.839,92.857,79584675,0,AAPL,-0.042207758718501465,-0.10126790553619813,-0.18424844065712032,98.2962,103.92055,109.68962000000002,3.5691631652225495,4.561978039067201,96.949,103.32,113.83,0.03184466437640676,1,0.52765036,1,False,False,0.03184466437640676,0.0,5.088485468513704,47.35163037649108
2016-01-08,94.879,95.417,93.157,93.349,72263364,0,AAPL,0.0052984696899534,-0.07894425259003446,-0.16136016530410568,96.696,103.02250000000001,109.36039999999998,3.6503971016838292,4.792785427898846,92.857,101.35,111.31,0.0017461354701173715,1,0.53584,1,False,False,0.0017461354701173715,0.0,5.088485468513704,47.43431273785936
2016-01-11,95.283,95.369,93.715,94.86,51663692,0,AAPL,0.016186568683113967,-0.06486593059936907,-0.151824034334764,95.38,102.1735,108.9708,2.525256224619977,4.650450634642694,93.349,101.44,111.84,-0.018985873919460272,0,0.52436453,1,False,False,-0.018985873919460272,-0.0,5.088485468513704,46.53373085676211
2016-01-12,96.806,96.94,95.159,96.238,48788856,0,AAPL,0.014526670883407089,-0.02676846842291558,-0.11683949710929609,94.85060000000001,101.53689999999999,108.58475999999999,1.7718276722023545,4.541270908362977,94.86,98.885,108.97,-0.03173382655499912,0,0.5333827,1,False,False,-0.03173382655499912,-0.0,5.088485468513704,45.05703751279661
2016-01-13,96.584,97.417,93.675,93.762,63633079,0,AAPL,-0.025727882956836146,-0.03287295382108113,-0.13415827869609387,94.2132,100.8105,108.1688,1.3516533209303827,4.5660720134011825,96.238,96.949,108.29,-0.011198566583477287,0,0.52765036,1,False,False,-0.011198566583477287,-0.0,5.088485468513704,44.55246327815532
2016-01-14,94.31,96.74,92.175,95.814,64047546,0,AAPL,0.021885198694566954,0.03184466437640676,-0.09923850709786608,94.80460000000001,100.2827,107.76187999999998,1.2532337371703755,4.499220834297476,93.762,92.857,106.37,0.019068194627090085,1,0.5379428,1,False,False,0.019068194627090085,0.0,5.088485468513704,45.40199831905947
2016-01-15,92.618,94.071,91.807,93.512,81347795,0,AAPL,-0.024025716492370508,0.0017461354701173715,-0.12760518705103086,94.8372,99.59880000000001,107.28192000000001,1.2071773688990464,4.433093105744349,95.814,93.349,107.19,0.02378304388741559,1,0.53122103,1,False,False,0.02378304388741559,0.0,5.088485468513704,46.481796037658036
2016-01-19,94.745,94.977,91.943,93.059,55141551,0,AAPL,-0.004844298058003238,-0.018985873919460272,-0.1129634925173959,94.477,99.00625,106.80410000000002,1.4441142614011167,4.477615693940203,93.512,94.86,104.91,0.03446200797343635,1,0.5325423,1,False,False,0.03446200797343635,0.0,5.088485468513704,48.08365206332745
2016-01-20,91.557,94.532,89.941,93.184,72332171,0,AAPL,0.0013432338623884377,-0.03173382655499912,-0.08723675188559121,93.86619999999999,98.56095,106.33938,1.1232996928612644,4.596079810984112,93.059,96.238,102.09,-0.034802111950549386,0,0.5394028,1,False,False,-0.034802111950549386,-0.0,5.088485468513704,46.41023942122826
2016-01-21,93.445,94.235,91.404,92.712,48343798,0,AAPL,-0.0050652472527471515,-0.011198566583477287,-0.10275815348882222,93.65619999999998,98.03005,105.86242,1.2397609446914568,4.629336231548281,93.184,93.762,103.33,-0.022942013978773046,0,0.5325423,1,False,False,-0.022942013978773046,-0.0,5.088485468513704,45.34549505966824
2016-01-22,94.957,97.68,94.707,97.641,66786882,0,AAPL,0.0531646388816982,0.019068194627090085,-0.05414123801220572,94.0216,97.7506,105.49384,2.0434635548455926,4.464682217723023,92.712,95.814,103.23,-0.04020851896232114,0,0.5335959,1,False,False,-0.04020851896232114,-0.0,5.088485468513704,43.52221986170573
2016-01-25,97.739,97.748,95.517,95.736,51552663,0,AAPL,-0.0195102467201278,0.02378304388741559,-0.0843917368018362,94.4664,97.3094,105.15996,2.1443654772407816,4.183500767739092,97.641,93.512,104.56,-0.03026029915601247,0,0.5271172,1,False,False,-0.03026029915601247,-0.0,5.088485468513704,42.20522446875677
2016-01-26,96.209,97.124,94.418,96.266,62947239,0,AAPL,0.005536057491434709,0.03446200797343635,-0.07445437938659749,95.10780000000001,96.9222,104.84948,2.097261833911525,3.8779000095670595,95.736,93.059,104.01,-0.055107722352647937,0,0.5394028,1,False,False,-0.055107722352647937,-0.0,5.088485468513704,39.87939067690134
2016-01-27,92.463,93.029,89.863,89.941,136183663,0,AAPL,-0.06570336359670081,-0.034802111950549386,-0.12534279879412624,94.45920000000001,96.27775,104.4201,3.1018315073488565,3.91523876901668,96.266,93.184,102.83,0.03135388754850399,1,0.52916276,1,False,False,0.03135388754850399,0.0,5.088485468513704,41.12976460768776
2016-01-28,90.295,91.0,88.948,90.585,57221872,0,AAPL,0.0071602494968923125,-0.022942013978773046,-0.13464845242644263,94.03380000000001,95.57300000000001,104.0688,3.519137920000036,3.577186074349093,89.941,92.712,104.68,0.03224595683612086,1,0.53584,1,False,False,0.03224595683612086,0.0,5.088485468513704,42.45603322190707
2016-01-29,91.258,93.715,90.835,93.715,64001873,0,AAPL,0.0345531820941658,-0.04020851896232114,-0.0929636082075106,93.2486,95.09275,103.74470000000001,2.8958752217563406,3.0945818334106723,90.585,97.641,103.32,-0.028874779917836046,0,0.536848,1,False,False,-0.028874779917836046,-0.0,5.088485468513704,41.23012460644017
2016-02-01,92.876,93.108,91.847,92.839,39944544,0,AAPL,-0.009347489729499059,-0.03026029915601247,-0.08397631968426245,92.6692,94.66720000000001,103.41228000000001,2.541970928233139,2.7554410593533736,93.715,95.736,101.35,-0.009381833065845169,0,0.53499126,1,False,False,-0.009381833065845169,-0.0,5.088485468513704,40.84331046009856
2016-02-02,91.867,92.463,90.769,90.961,36704829,0,AAPL,-0.020228567735542158,-0.055107722352647937,-0.10330244479495265,91.6082,94.14325,102.9733,1.5967808866537192,2.36900245217538,92.839,96.266,101.44,0.010850804190807084,1,0.52667034,1,False,False,0.010850804190807084,0.0,5.088485468513704,41.28649322440543
2016-02-03,91.462,93.233,90.575,92.761,46169095,0,AAPL,0.019788700651927726,0.03135388754850399,-0.06193052535773891,92.1722,93.83705,102.54132,1.3376984712492275,2.104913211735705,90.961,89.941,98.885,-0.016267612466446035,0,0.53700143,1,False,False,-0.016267612466446035,-0.0,5.088485468513704,40.61486055253226
2016-02-04,92.79,94.214,92.142,93.506,46932646,0,AAPL,0.008031392503315082,0.03224595683612086,-0.03551351741637354,92.7564,93.6649,102.11424000000001,1.0852556380790563,1.9737111957433933,92.761,90.585,96.949,-0.030008769490727838,0,0.5320739,1,False,False,-0.030008769490727838,-0.0,5.088485468513704,39.39605856431326
2016-02-05,93.429,93.816,90.69,91.009,44587215,0,AAPL,-0.026704168716445986,-0.028874779917836046,-0.019901569079337045,92.21520000000001,93.5725,101.66742,1.1598625780593603,2.0551031348156723,93.506,93.715,92.857,-0.0003186498038655339,0,0.5269643,1,False,False,-0.0003186498038655339,-0.0,5.088485468513704,39.38350501797866
2016-02-08,90.148,92.636,90.06,91.968,54462376,0,AAPL,0.010537419376105639,-0.009381833065845169,-0.014793945302038591,92.04100000000001,93.50345,101.21778,1.106952799347175,2.0859762191440536,91.009,92.839,93.349,0.017147268615170574,1,0.5320739,1,False,False,0.017147268615170574,0.0,5.088485468513704,40.058824557528865
2016-02-09,91.27,92.868,90.923,91.948,43358326,0,AAPL,-0.00021746694502444708,0.010850804190807084,-0.030697870546067985,92.2384,93.35785,100.78414000000001,0.9419120447167559,2.0879333593652913,91.968,90.961,94.86,0.03296428416061259,1,0.5345232,1,False,False,0.03296428416061259,0.0,5.088485468513704,41.37933503338337
2016-02-10,92.849,93.264,91.087,91.252,42513754,0,AAPL,-0.007569495801974968,-0.016267612466446035,-0.05180905671356428,91.9366,93.10855,100.34098,0.9738135345036941,2.022585356338997,91.948,92.761,96.238,0.021095428045412756,1,0.53928286,1,False,False,0.021095428045412756,0.0,5.088485468513704,42.252249818147135
2016-02-11,90.786,91.688,89.625,90.7,47475842,0,AAPL,-0.006049182483671478,-0.030008769490727838,-0.032657153217721446,91.3754,92.95545,99.87697999999999,0.5667202131411159,2.085431962698733,91.252,93.506,93.762,0.024972436604189685,1,0.5320739,1,False,False,0.024972436604189685,0.0,5.088485468513704,43.3073914481152
2016-02-12,91.174,91.474,90.031,90.98,40597943,0,AAPL,0.0030871003307608724,-0.0003186498038655339,-0.05045191725635079,91.36959999999999,92.71375,99.43758,0.5715354756992022,2.015652170153791,90.7,91.009,95.814,0.030754011870740783,1,0.53928286,1,False,False,0.030754011870740783,0.0,5.088485468513704,44.63926747880135
2016-02-16,91.977,93.749,91.579,93.545,46978971,0,AAPL,0.028193009452626816,0.017147268615170574,0.00035289588502007696,91.685,92.7154,99.06948,1.1383659341277892,2.0163533890334646,90.98,91.968,93.512,-0.020161419637607536,0,0.53223866,1,False,False,-0.020161419637607536,-0.0,5.088485468513704,43.73927647484583
2016-02-17,93.575,95.065,93.07,94.979,43799633,0,AAPL,0.01532952055160619,0.03296428416061259,0.020632072126285594,92.2912,92.8114,98.75085999999999,1.8793205421062351,2.078327298066335,93.545,91.948,93.059,-0.020604554691036947,0,0.5362679,1,False,False,-0.020604554691036947,-0.0,5.088485468513704,42.838048160573486
2016-02-18,95.675,95.724,93.013,93.177,38283311,0,AAPL,-0.018972614999104964,0.021095428045412756,-7.512019230759837e-05,92.67620000000001,92.81105,98.3224,1.809071778560036,2.078261836371753,94.979,91.252,93.184,0.005183682668469469,1,0.5291008,1,False,False,0.005183682668469469,0.0,5.088485468513704,43.06010700837451
2016-02-19,92.926,93.66,92.732,92.965,33669312,0,AAPL,-0.0022752395977548856,0.024972436604189685,0.002728880835274783,93.1292,92.8237,97.9041,1.4355274988596534,2.078397183558654,93.177,90.7,92.712,0.009067928790404967,1,0.5345919,1,False,False,0.009067928790404967,0.0,5.088485468513704,43.45057299243366
2016-02-22,93.226,93.798,92.849,93.778,34204278,0,AAPL,0.008745226698219755,0.030754011870740783,-0.03956329820464766,93.68880000000001,92.63055,97.50305999999999,0.7872542156013521,1.7626704165446097,92.965,90.98,97.641,-0.001962080658576726,0,0.5393515,1,False,False,-0.001962080658576726,-0.0,5.088485468513704,43.365319463561136
2016-02-23,93.314,93.41,91.523,91.659,30704980,0,AAPL,-0.022595918019151617,-0.020161419637607536,-0.04258586111807472,93.31160000000001,92.42670000000001,97.11004000000001,1.2111035463502704,1.6141174254530526,93.778,93.545,95.736,0.061641519108870835,1,0.5520401,1,False,False,0.061641519108870835,0.0,5.088485468513704,46.038423631936524
2016-02-24,90.97,93.294,90.331,93.022,35993405,0,AAPL,0.014870334609803804,-0.020604554691036947,-0.03369829430951743,92.92020000000001,92.2645,96.73368,0.775364881834555,1.3492708947286491,91.659,94.979,96.266,0.048375653071316416,1,0.55687654,1,False,False,0.048375653071316416,0.0,5.088485468513704,48.26556244150538
2016-02-25,92.975,93.66,92.202,93.66,25516566,0,AAPL,0.006858592590999857,0.005183682668469469,0.04134932900456967,93.01680000000002,92.45045,96.42748,0.8425352811498655,1.2658952927073137,93.022,93.177,89.941,0.04911381592995956,1,0.55729187,1,False,False,0.04911381592995956,0.0,5.088485468513704,50.636068391013445
2016-02-26,94.087,94.884,93.488,93.808,28393158,0,AAPL,0.0015801836429640836,0.009067928790404967,0.03557984213721932,93.1854,92.6116,96.13784,0.9111321528638071,1.2202454196610049,93.66,92.965,90.585,0.06312894422650506,1,0.55729187,1,False,False,0.06312894422650506,0.0,5.088485468513704,53.83266992831923
2016-02-29,93.758,95.085,93.555,93.594,31134115,0,AAPL,-0.0022812553300359806,-0.001962080658576726,-0.0012911486955130558,93.1486,92.60555000000001,95.88231999999999,0.8845415761750507,1.2147745069043547,93.808,93.778,93.715,0.05356112571318672,1,0.5558971,1,False,False,0.05356112571318672,0.0,5.088485468513704,56.71600832982642
2016-03-01,94.522,97.542,94.299,97.309,50578114,0,AAPL,0.03969271534500085,0.061641519108870835,0.0481478688913064,94.2786,92.82905000000001,95.6847,1.7201144729296138,1.607658692336645,93.594,91.659,92.839,0.00501495236822902,1,0.5566267,1,False,False,0.00501495236822902,0.0,5.088485468513704,57.000436410116585
2016-03-02,97.289,97.661,96.449,97.522,33443244,0,AAPL,0.002188903390231145,0.048375653071316416,0.0721298138762767,95.1786,93.1571,95.53694,2.044857892368485,1.8565473869504785,97.309,93.022,90.961,0.0037222370336948973,1,0.54254335,1,False,False,0.0037222370336948973,0.0,5.088485468513704,57.21260554545909
2016-03-03,97.357,98.459,97.232,98.26,35928675,0,AAPL,0.007567523225528561,0.04911381592995956,0.05928137902782438,96.0986,93.43205,95.46034000000002,2.2182569283068676,2.174727314423045,97.522,93.66,92.761,-0.0033075513942601997,0,0.54391974,1,False,False,-0.0033075513942601997,-0.0,5.088485468513704,57.02337191221795
2016-03-04,99.093,100.42,98.132,99.73,45219857,0,AAPL,0.014960309383268866,0.06312894422650506,0.06656257352469375,97.28299999999999,93.74325,95.38834000000001,2.2698488936449253,2.591292460995705,98.26,93.808,93.506,-0.00748019653063281,0,0.54068846,1,False,False,-0.00748019653063281,-0.0,5.088485468513704,56.59682588347519
2016-03-07,99.113,99.54,97.729,98.607,33651382,0,AAPL,-0.011260403088338533,0.05356112571318672,0.08348624861277454,98.2856,94.12315,95.29588,0.9652819795172736,2.7229492191357108,99.73,93.594,91.009,0.006348433681178767,1,0.54254335,1,False,False,0.006348433681178767,0.0,5.088485468513704,56.956127079161654
2016-03-08,97.552,98.508,97.183,97.797,31433660,0,AAPL,-0.008214426967659505,0.00501495236822902,0.0633807411273486,98.38320000000002,94.4146,95.16062,0.8608761234816291,2.791229089768602,98.607,97.309,91.968,0.03520557890323839,1,0.5416339,1,False,False,0.03520557890323839,0.0,5.088485468513704,58.96130050506995
2016-03-09,98.072,98.338,97.055,97.885,25017401,0,AAPL,0.0008998231029582193,0.0037222370336948973,0.06456910427633034,98.4558,94.71145,95.03811999999999,0.781763199428533,2.8305234679512585,97.797,97.522,91.948,0.04786228737804543,1,0.5376414,1,False,False,0.04786228737804543,0.0,5.088485468513704,61.7833232140269
2016-03-10,98.171,98.964,96.94,97.935,34622277,0,AAPL,0.0005108034938958728,-0.0033075513942601997,0.07323675097532112,98.3908,95.04560000000001,94.94022000000001,0.8149209777522939,2.794880232815068,97.885,98.26,91.252,0.04569357226732018,1,0.54254335,1,True,True,0.04569357226732018,0.04569357226732018,5.320996547000443,64.60642395822224
2016-03-11,98.964,99.004,98.26,98.984,26173003,0,AAPL,0.010711185990708083,-0.00748019653063281,0.09133406835722147,98.2416,95.4598,94.8263,0.5252407067057856,2.730059544365292,97.935,99.73,90.7,0.035823971550957845,1,0.5376414,1,True,True,0.035823971550957845,0.035823971550957845,5.511615775922932,66.9208826521107
2016-03-14,98.646,99.62,98.518,99.233,25905632,0,AAPL,0.002515558069991153,0.006348433681178767,0.09071224444932957,98.3668,95.87245,94.74456,0.6845605889771663,2.6395185660488334,98.984,98.607,90.98,0.033124061552104456,1,0.5376414,1,True,True,0.033124061552104456,0.033124061552104456,5.6941828761361535,69.13757408820038
2016-03-15,100.63,101.81,100.52,101.24,41393259,0,AAPL,0.02022512672195731,0.03520557890323839,0.082259874926506,99.0554,96.2572,94.74236,1.3632909814051415,2.83592577662324,99.233,97.797,93.545,0.02034768866060843,1,0.5400142,1,True,True,0.02034768866060843,0.02034768866060843,5.81004633647634,70.54436392049683
2016-03-16,101.27,102.9,101.25,102.57,39570655,0,AAPL,0.01313709996048984,0.04786228737804543,0.07992293033196796,99.9924,96.63674999999999,94.76496000000002,1.8726305828914513,3.146790426264763,101.24,97.885,94.979,0.0015599103051575636,1,0.54247475,1,True,True,0.0015599103051575636,0.0015599103051575636,5.819109487630052,70.6544068007472
2016-03-17,102.14,103.06,101.59,102.41,35559413,0,AAPL,-0.0015599103051574525,0.04569357226732018,0.09909097738712336,100.88739999999999,97.0984,94.83546,1.7054142605185931,3.286668772639201,102.57,97.935,93.177,-0.0012694072844448012,0,0.54391974,1,True,True,-0.0012694072844448012,-0.0012694072844448012,5.811722667657473,70.5647175820762
2016-03-18,102.93,103.09,101.82,102.53,45667572,0,AAPL,0.001171760570256808,0.035823971550957845,0.1028881837250577,101.5966,97.57665,94.94707999999999,1.4312696461463945,3.348876186595511,102.41,98.984,92.965,-0.006924802496830251,0,0.5400313,1,True,True,-0.006924802496830251,-0.006924802496830251,5.771477636017593,70.07607084957571
2016-03-21,102.54,104.21,101.77,102.52,36677182,0,AAPL,-9.753242953292052e-05,0.033124061552104456,0.09322015824607033,102.25399999999999,98.01375,95.14034,0.5699385931658769,3.3971373533250917,102.53,99.233,93.778,0.016777214202106983,1,0.5435987,1,True,True,0.016777214202106983,0.016777214202106983,5.86830695257973,71.25175210066107
2016-03-22,101.88,103.86,101.84,103.3,33517703,0,AAPL,0.007608271556769353,0.02034768866060843,0.1270033493710383,102.66599999999998,98.5958,95.33936000000001,0.35934662928684796,3.244884631796925,102.52,101.24,91.659,0.02662149080348497,1,0.5340987,1,True,True,0.02662149080348497,0.02662149080348497,6.024530032149858,73.148579963941
2016-03-23,103.07,103.65,102.51,102.73,26553819,0,AAPL,-0.005517909002904053,0.0015599103051575636,0.10436240889252013,102.69800000000001,99.0812,95.49676,0.3557667775099492,3.0896120451378506,103.3,102.57,93.022,0.026963885914533137,1,0.52918476,1,True,True,0.026963885914533137,0.026963885914533137,6.186974772625426,75.12094992889881
2016-03-24,102.1,102.84,101.53,102.28,26997489,0,AAPL,-0.004380414679256317,-0.0012694072844448012,0.09203502028614152,102.672,99.51219999999999,95.6176,0.385577488943296,2.88823421925057,102.73,102.41,93.66,0.04086820492764942,1,0.5311908,1,True,True,0.04086820492764942,0.04086820492764942,6.4398253255152795,78.19100830495273
2016-03-28,102.6,102.78,101.69,101.82,18989484,0,AAPL,-0.004497457958545281,-0.006924802496830251,0.08540849394507921,102.53,99.91279999999999,95.77876,0.5476312627853177,2.596297740607025,102.28,102.53,93.808,0.05637399332154791,1,0.5376414,1,True,True,0.05637399332154791,0.05637399332154791,6.802863995407813,82.59894768494124
2016-03-29,101.53,104.34,101.53,104.24,30594055,0,AAPL,0.023767432724415727,0.016777214202106983,0.11374660768852696,102.874,100.4451,95.94728,0.9396701548840377,2.3079386770076864,101.82,102.52,93.594,0.019762087490406754,1,0.54103404,1,True,True,0.019762087490406754,0.019762087490406754,6.937302788870401,84.23127531570658
2016-03-30,105.17,106.89,105.12,106.05,45807935,0,AAPL,0.017363775901765077,0.02662149080348497,0.08982725133338132,103.424,100.88215,96.19804,1.72662387333771,2.5022575548967954,104.24,103.3,97.309,0.01282413955681272,1,0.5401957,1,True,True,0.01282413955681272,0.01282413955681272,7.026267727982741,85.31146894540352
2016-03-31,106.21,106.38,105.39,105.5,24742478,0,AAPL,-0.005186232909005106,0.026963885914533137,0.08180718196919656,103.978,101.28105000000001,96.44686,1.8853699902087282,2.5733049704684627,106.05,102.73,97.522,-0.00417061611374403,0,0.5376414,1,True,True,-0.00417061611374403,-0.00417061611374403,6.996963862576936,84.95566755833265
2016-04-01,105.3,106.47,104.73,106.46,25945411,0,AAPL,0.009099526066350672,0.04086820492764942,0.08345206594748622,104.814,101.69104999999999,96.71238000000001,1.8709035250326456,2.7159262348492725,105.5,102.28,98.26,-0.012023295134322654,0,0.5376414,1,True,True,-0.012023295134322654,-0.012023295134322654,6.912837301012983,83.93422049394542
2016-04-04,106.89,108.59,106.74,107.56,35942137,0,AAPL,0.010332519256058603,0.05637399332154791,0.07851198235235124,105.96199999999999,102.08255,97.00934,1.2235276866419784,2.970754493476461,106.46,101.82,99.73,-0.01887318705838603,0,0.54391974,1,True,True,-0.01887318705838603,-0.01887318705838603,6.782370029526777,82.35011424996337
2016-04-05,106.01,107.18,105.92,106.3,25609378,0,AAPL,-0.011714391967274085,0.019762087490406754,0.07801677365704252,106.374,102.4672,97.18252000000001,0.7563597027733784,2.9950009858507642,107.56,104.24,98.607,0.005738476011288851,1,0.5376414,1,True,True,0.005738476011288851,0.005738476011288851,6.8212904972409,82.82267840511368
2016-04-06,106.7,107.43,105.71,107.41,25984596,0,AAPL,0.010442144873000991,0.01282413955681272,0.09829544873564622,106.646,102.94784999999999,97.416,0.849517510107596,2.9773761192107684,106.3,106.05,97.797,0.009589423703565858,1,0.5376414,1,True,True,0.009589423703565858,0.009589423703565858,6.886702742024051,83.61690016060449
2016-04-07,106.42,106.89,104.65,105.06,30475096,0,AAPL,-0.021878782236290806,-0.00417061611374403,0.0733003013740614,106.55799999999999,103.3066,97.59188,1.0062405278954978,2.75953179476136,107.41,105.5,97.885,0.03274319436512463,1,0.53535503,1,True,True,0.03274319436512463,0.03274319436512463,7.1121953884409805,86.35478457477238
2016-04-08,105.42,106.26,104.7,105.18,23790775,0,AAPL,0.0011422044545974508,-0.012023295134322654,0.07397763822943793,106.30199999999999,103.66884999999999,97.89666,1.1844492390893828,2.4785005924600476,105.06,106.46,97.935,0.011028712683019526,1,0.5376414,1,True,True,0.011028712683019526,0.011028712683019526,7.190633747925593,87.3071666826516
2016-04-11,105.48,107.07,105.34,105.53,27359835,0,AAPL,0.003327628826773177,-0.01887318705838603,0.06613190010506753,105.896,103.99614999999999,98.19556,0.9747974148403538,2.24885810263161,105.18,107.56,98.984,-0.014119207808206191,0,0.5376414,1,True,True,-0.014119207808206191,-0.014119207808206191,7.0891076957659305,86.07445865311354
2016-04-12,105.84,106.97,105.18,106.91,27011785,0,AAPL,0.013076850184781552,0.005738476011288851,0.07736337710237517,106.018,104.38,98.45945999999999,1.0713869515629877,2.038394621156789,105.53,106.3,99.233,-0.03198952389860632,0,0.5376414,1,True,True,-0.03198952389860632,-0.03198952389860632,6.862330515712432,83.32097770097016
2016-04-13,107.25,108.74,107.25,108.44,32986760,0,AAPL,0.014311102796744857,0.009589423703565858,0.07111813512445675,106.224,104.73999999999998,98.77148,1.4411557861589503,2.0897997889454283,106.91,107.41,101.24,-0.043618590925857625,0,0.54170805,1,True,True,-0.043618590925857625,-0.043618590925857625,6.563005328149542,79.68663405908904
2016-04-14,108.04,108.79,107.77,108.5,25034296,0,AAPL,0.0005533013648100216,0.03274319436512463,0.05781417568489822,106.91199999999999,105.0365,99.12225999999998,1.5625523991147958,2.184255322935209,108.44,105.06,102.57,-0.054654377880184346,0,0.5376414,1,True,True,-0.054654377880184346,-0.054654377880184346,6.204308354915193,75.33141064922363
2016-04-15,108.51,108.7,106.22,106.34,45477740,0,AAPL,-0.019907834101382416,0.011028712683019526,0.03837515867591068,107.144,105.23299999999999,99.39384,1.3061891134056383,2.1110837825210136,108.5,105.18,102.41,-0.03808538649614446,0,0.5370648,1,True,True,-0.03808538649614446,-0.03808538649614446,5.96801487327699,72.46238475934817
2016-04-18,105.4,105.46,103.52,104.04,60827213,0,AAPL,-0.02162873801015608,-0.014119207808206191,0.014727396859455899,106.846,105.30850000000001,99.60452,1.8310051884086553,2.0349557734705317,106.34,105.53,102.53,-0.02239523260284515,0,0.52954715,1,True,True,-0.02239523260284515,-0.02239523260284515,5.834359792012712,70.8395727977057
2016-04-19,104.43,104.54,102.82,103.49,31809676,0,AAPL,-0.0052864282968090315,-0.03198952389860632,0.009461568474443904,106.16199999999999,105.357,99.85413999999999,2.3627145405189047,1.975694681286866,104.04,106.91,102.52,-0.02396366798724503,0,0.535431,1,True,True,-0.02396366798724503,-0.02396366798724503,5.694547131038788,69.1419967948232
2016-04-20,103.22,104.62,102.66,103.71,27283535,0,AAPL,0.0021258092569329534,-0.043618590925857625,0.003969022265246869,105.21600000000001,105.37750000000001,100.08897999999999,2.1609095307253194,1.955249008231818,103.49,108.44,103.3,-0.08708899816796833,0,0.5294929,1,False,False,-0.08708899816796833,-0.0,5.694547131038788,63.12048956262917
2016-04-21,103.51,103.51,102.14,102.57,30241777,0,AAPL,-0.010992189759907456,-0.054654377880184346,-0.0015574807748467423,104.03,105.36949999999999,100.30142,1.4019450773762805,1.9669438624108544,103.71,108.5,102.73,-0.10507945793116891,0,0.53127056,1,False,False,-0.10507945793116891,-0.0,5.694547131038788,56.48782273503809
2016-04-22,101.64,103.07,101.28,102.29,33801240,0,AAPL,-0.0027298430340254587,-0.03808538649614446,9.777082518591662e-05,103.21999999999998,105.37,100.52218,0.7537904217881812,1.9661182702504365,102.57,106.34,102.28,-0.11292403949555185,0,0.5345919,1,False,False,-0.11292403949555185,-0.0,5.694547131038788,50.108989609488916
2016-04-25,101.63,102.26,101.17,101.71,27531875,0,AAPL,-0.005670153485189289,-0.02239523260284515,-0.001080337851109836,102.75399999999999,105.36449999999999,100.74238000000001,0.8358708034018276,1.9766970723331556,102.29,104.04,101.82,-0.1088290236948185,0,0.53103536,1,False,False,-0.1088290236948185,-0.0,5.694547131038788,44.65567719195443
2016-04-26,100.58,101.93,100.58,101.01,40792313,0,AAPL,-0.006882312456985451,-0.02396366798724503,-0.03098618572524936,102.258,105.203,100.94297999999999,1.0080277773849409,2.1934690140894686,101.71,103.49,104.24,-0.08789228789228787,0,0.5345232,1,False,False,-0.08789228789228787,-0.0,5.694547131038788,40.7307875561741
2016-04-27,92.926,95.55,92.617,94.678,112434674,0,AAPL,-0.06268686268686274,-0.08708899816796833,-0.1072324375294672,100.45160000000001,104.6344,100.96564000000001,3.282421788859513,3.203673194447871,101.01,103.71,106.05,-0.03700965377384391,0,0.52916276,1,False,False,-0.03700965377384391,-0.0,5.694547131038788,39.223355210784106
2016-04-28,94.484,94.746,91.232,91.792,81721131,0,AAPL,-0.030482266207566666,-0.10507945793116891,-0.12993364928909956,98.296,103.949,100.90189999999998,4.753029770575795,4.290684082371858,94.678,102.57,105.5,-0.010763465225727686,0,0.53122103,1,False,False,-0.010763465225727686,-0.0,5.694547131038788,38.801175990936464
2016-04-29,90.98,91.688,89.548,90.739,69258022,0,AAPL,-0.01147158793794667,-0.11292403949555185,-0.14767048656772486,95.9858,103.16295,100.85314,5.119478996927315,5.158696872118404,91.792,102.29,106.46,-0.004882134473600086,0,0.53584,1,False,False,-0.004882134473600086,-0.0,5.694547131038788,38.61174343201489
2016-05-02,90.957,91.068,89.441,90.641,48928736,0,AAPL,-0.0010800207187647848,-0.1088290236948185,-0.15729825213834137,93.772,102.317,100.80666,4.362686385700912,5.752726904876437,90.739,101.71,107.56,-0.0030339471100275794,0,0.5277775,1,False,False,-0.0030339471100275794,-0.0,5.694547131038788,38.494597444616204
2016-05-03,91.184,92.676,90.68,92.132,57833504,0,AAPL,0.016449509603821744,-0.08789228789228787,-0.13328316086547498,91.99640000000001,101.6086,100.77374000000002,1.633195426144771,6.098389756405973,90.641,101.01,106.3,-0.012514652889332734,0,0.53179604,1,False,False,-0.012514652889332734,-0.0,5.694547131038788,38.01285091948224
2016-05-04,92.152,92.829,90.816,91.174,39613522,0,AAPL,-0.010398124430165412,-0.03700965377384391,-0.15115910995251824,91.29560000000001,100.7968,100.76404000000001,0.651741743315739,6.360490899623707,92.132,94.678,107.41,-0.01185645030381477,0,0.5327761,1,False,False,-0.01185645030381477,-0.0,5.694547131038788,37.56215344164908
2016-05-05,91.543,91.612,90.259,90.804,35564617,0,AAPL,-0.004058174479566579,-0.010763465225727686,-0.13569388920616787,91.098,100.08399999999999,100.71967999999998,0.6121882880129665,6.649814188143026,91.174,91.792,105.06,-0.031110964274701614,0,0.53101987,1,False,False,-0.031110964274701614,-0.0,5.694547131038788,36.393558627845074
2016-05-06,90.931,91.008,89.449,90.296,43943729,0,AAPL,-0.00559446720408785,-0.004882134473600086,-0.14150979273626163,91.0094,99.3398,100.6524,0.7025260137391702,6.878416284978729,90.804,90.739,105.18,-0.023721981040134787,0,0.5327761,1,False,False,-0.023721981040134787,-0.0,5.694547131038788,35.5302313200923
2016-05-09,90.57,91.32,90.171,90.366,31804157,0,AAPL,0.0007752281385664528,-0.0030339471100275794,-0.1436937363782811,90.9544,98.58160000000001,100.58355999999999,0.7478788671838846,6.994933379915874,90.296,90.641,105.53,0.011741141579797887,1,0.5264272,1,False,False,0.011741141579797887,0.0,5.694547131038788,35.947396796384474
2016-05-10,90.891,91.125,89.704,90.979,33492603,0,AAPL,0.006783524777017824,-0.012514652889332734,-0.14901318866336166,90.72380000000001,97.78505,100.53126,0.38251562057026,6.903089350160854,90.366,92.132,106.91,0.0007474252299981554,1,0.5211786,1,False,False,0.0007474252299981554,0.0,5.694547131038788,35.97426478770285
2016-05-11,91.037,91.125,90.044,90.093,24986431,0,AAPL,-0.009738511084975587,-0.01185645030381477,-0.1691903356694946,90.5076,96.8677,100.38694,0.36972597958522513,6.6261414595595935,90.979,91.174,108.44,0.022165984038715614,1,0.51095194,1,False,False,0.022165984038715614,0.0,5.694547131038788,36.771669766791604
2016-05-12,90.296,90.356,87.133,87.979,76624902,0,AAPL,-0.02346464209206045,-0.031110964274701614,-0.18913364055299542,89.9426,95.84165,100.19608,1.1463670005632005,6.311444386149967,90.093,90.804,108.5,0.04271473874447307,1,0.52978647,1,False,False,0.04271473874447307,0.0,5.694547131038788,38.34236203407814
2016-05-13,87.649,89.274,87.649,88.154,43567098,0,AAPL,0.0019891110378613686,-0.023721981040134787,-0.17101749106639086,89.5142,94.93235000000001,99.99395999999999,1.3613591370319134,6.0227653840278155,87.979,90.296,106.34,0.051931846541280136,1,0.5327761,1,False,False,0.051931846541280136,0.0,5.694547131038788,40.333551695262095
2016-05-16,89.976,91.924,89.255,91.427,61321587,0,AAPL,0.03712820745513534,0.011741141579797887,-0.12123221837754705,89.7264,94.30170000000001,99.82790000000001,1.5906988401266515,5.668863044830443,88.154,90.366,104.04,0.027147341594933705,1,0.536848,1,False,False,0.027147341594933705,0.0,5.694547131038788,41.42850040087029
2016-05-17,92.08,92.225,90.579,91.047,45087968,0,AAPL,-0.004156321436774801,0.0007474252299981554,-0.12023383901826257,89.74,93.67955,99.6767,1.6043179235987715,5.2766165342947025,91.427,90.979,103.49,0.04717343789471373,1,0.5363421,1,False,False,0.04717343789471373,0.0,5.694547131038788,43.38282519160187
2016-05-18,91.701,92.722,91.437,92.09,42224835,0,AAPL,0.011455621821696571,0.022165984038715614,-0.11204319737730195,90.1394,93.09855,99.56255999999999,1.929743065794063,4.724942110198773,91.047,90.093,103.71,0.053295688999891455,1,0.5363421,1,False,False,0.053295688999891455,0.0,5.694547131038788,45.69494275095013
2016-05-19,92.168,92.168,91.125,91.737,30385734,0,AAPL,-0.003833206645672771,0.04271473874447307,-0.10561567709856678,90.89099999999999,92.55690000000001,99.43960000000001,1.5776658391371225,4.170411060137792,92.09,87.979,102.57,0.0659493988249018,1,0.5282172,1,False,False,0.0659493988249018,0.0,5.694547131038788,48.7084967547136
2016-05-20,92.168,92.937,92.05,92.732,30922310,0,AAPL,0.010846223443103709,0.051931846541280136,-0.09344021898523813,91.8066,92.079,99.33554,0.644711796060992,3.4882049070658034,91.737,88.154,102.29,0.05388646853297674,1,0.5290861,1,False,False,0.05388646853297674,0.0,5.694547131038788,51.333225632375076
2016-05-23,93.364,94.65,93.171,93.909,37195696,0,AAPL,0.012692490186774874,0.027147341594933705,-0.07669845639563455,92.303,91.68895,99.23404,1.0847278460425769,2.7021809412894218,92.732,91.427,101.71,0.035587643356866705,1,0.53573096,1,False,False,0.035587643356866705,0.0,5.694547131038788,53.160054158537605
2016-05-24,94.68,95.528,94.309,95.342,30438731,0,AAPL,0.015259453300535464,0.04717343789471373,-0.05611325611325613,93.162,91.40555,99.15622000000002,1.4726776632991052,1.8294426092448677,93.909,91.047,101.01,0.005705774999475555,1,0.5376486,1,False,False,0.005705774999475555,0.0,5.694547131038788,53.46337346652616
2016-05-25,96.092,97.134,95.547,96.998,35401739,0,AAPL,0.01736905036605063,0.053295688999891455,0.02450410866304753,94.14359999999999,91.52155,99.07137999999999,2.0870515805748733,2.1012251182019206,95.342,92.09,94.678,-0.018876677869646863,0,0.538201,1,False,False,-0.018876677869646863,-0.0,5.694547131038788,52.454162587773915
2016-05-26,97.075,98.102,96.063,97.787,56007085,0,AAPL,0.00813418833377999,0.0659493988249018,0.06531070245773063,95.3536,91.82130000000001,98.97572,2.0967401603393796,2.5264236445166777,96.998,91.737,91.792,-0.024809023694356114,0,0.5393481,1,False,False,-0.024809023694356114,-0.0,5.694547131038788,51.15282602526622
2016-05-27,96.841,97.846,96.652,97.729,35434339,0,AAPL,-0.0005931258756277646,0.05388646853297674,0.07703413085883692,96.353,92.17080000000001,98.88210000000001,1.6853051652386055,2.8336330891991284,97.787,92.732,90.739,-0.01713923195776068,0,0.54391974,1,False,False,-0.01713923195776068,-0.0,5.694547131038788,50.27610587472421
2016-05-31,96.998,97.778,96.239,97.251,40046258,0,AAPL,-0.0048910763437668425,0.035587643356866705,0.0729250559901149,97.0214,92.5013,98.77652,0.9950488932609666,3.024840945795629,97.729,93.909,90.641,-0.00831868052770679,0,0.54247475,1,False,False,-0.00831868052770679,-0.0,5.694547131038788,49.857875011775214
2016-06-01,96.432,96.94,95.761,95.886,28795510,0,AAPL,-0.014035845389764767,0.005705774999475555,0.04074588633699472,97.1302,92.689,98.64384,0.7697484653962418,3.1158236048973174,97.251,95.342,92.132,0.004880795945184868,1,0.53412646,1,False,False,0.004880795945184868,0.0,5.694547131038788,50.10122112596822
2016-06-02,95.049,95.283,94.105,95.167,39671824,0,AAPL,-0.0074984877875809985,-0.018876677869646863,0.04379538026191665,96.76400000000001,92.88865,98.48117999999998,1.1764582440443396,3.141461565224459,95.886,96.998,91.174,0.019744239074469094,1,0.54247475,1,False,False,0.019744239074469094,0.0,5.694547131038788,51.09043161380218
2016-06-03,95.235,95.703,94.904,95.361,26032342,0,AAPL,0.0020385217564913294,-0.024809023694356114,0.050185013876040685,96.2788,93.1165,98.33380000000001,1.1490214097134648,3.147557708177663,95.167,97.787,90.804,0.009406361091012005,1,0.5376414,1,False,False,0.009406361091012005,0.0,5.694547131038788,51.57100666185726
2016-06-06,95.429,99.223,95.0,96.054,23399089,0,AAPL,0.007267121779343633,-0.01713923195776068,0.06376805174094091,95.94380000000001,93.40440000000001,98.20927999999999,0.8165982488224844,3.1393196446955725,95.361,97.729,90.296,-0.013096799716825869,0,0.5376414,1,False,False,-0.013096799716825869,-0.0,5.694547131038788,50.89559151641183
2016-06-07,96.657,97.261,96.374,96.442,21261857,0,AAPL,0.004039394507256322,-0.00831868052770679,0.06723767788770108,95.782,93.7082,98.10171999999999,0.5186198029192074,3.12376694999596,96.054,97.251,90.366,-0.01584371954127861,0,0.5376414,1,False,False,-0.01584371954127861,-0.0,5.694547131038788,50.08921603853832
2016-06-08,96.432,96.959,96.101,96.354,19634691,0,AAPL,-0.0009124655233196943,0.004880795945184868,0.05907956781235235,95.8756,93.97695,97.944,0.5806094211946153,3.1077803294808155,96.442,95.886,90.979,-0.018182950370508655,0,0.5376414,1,False,False,-0.018182950370508655,-0.0,5.694547131038788,49.17844630921189
2016-06-09,95.926,97.377,95.886,97.046,26357497,0,AAPL,0.007181850260497891,0.019744239074469094,0.0771758072214268,96.2514,94.3246,97.76392,0.6144150063108037,3.0385632234906192,96.354,95.167,90.093,-0.021082785483172994,0,0.5376414,1,False,False,-0.021082785483172994,-0.0,5.694547131038788,48.14162767527904
2016-06-10,95.955,96.75,95.906,96.258,26692624,0,AAPL,-0.008119860684623892,0.009406361091012005,0.09410200161402149,96.4308,94.73855,97.57907999999999,0.37293860081773017,2.6701938324067487,97.046,95.361,87.979,-0.03551912568306004,0,0.5311908,1,False,False,-0.03551912568306004,-0.0,5.694547131038788,46.43167915129372
2016-06-13,96.11,96.531,94.563,94.796,36532227,0,AAPL,-0.015188347981466399,-0.013096799716825869,0.07534541824534347,96.17920000000001,95.07065,97.3458,0.8322278534030894,2.1753397865237707,96.258,96.054,88.154,-0.022996750917760322,0,0.5394474,1,False,False,-0.022996750917760322,-0.0,5.694547131038788,45.36390139115805
2016-06-14,94.777,95.901,94.222,94.914,31680335,0,AAPL,0.0012447782606861413,-0.01584371954127861,0.03813971802640359,95.87360000000001,95.245,97.09288000000001,0.9791735290437322,2.000662469228758,94.796,96.442,91.427,-0.0159091387993342,0,0.5416339,1,False,False,-0.0159091387993342,-0.0,5.694547131038788,44.64220078744681
2016-06-15,95.265,95.838,94.495,94.602,26709300,0,AAPL,-0.003287186294961719,-0.018182950370508655,0.039045767570595524,95.5232,95.42275,96.85892,1.0732433088447357,1.750318764198875,94.914,96.354,91.047,-0.016268155007293728,0,0.5376414,1,False,False,-0.016268155007293728,-0.0,5.694547131038788,43.915954545169896
2016-06-16,93.929,95.195,93.56,95.0,31329507,0,AAPL,0.004207099215661314,-0.021082785483172994,0.031599522206537056,95.114,95.56825,96.61072,0.6566962768129853,1.5703970290783595,94.602,97.046,92.09,-0.01485263157894734,0,0.5543348,1,False,False,-0.01485263157894734,-0.0,5.694547131038788,43.26368705187269
2016-06-17,94.095,94.125,92.81,92.839,56080025,0,AAPL,-0.022747368421052627,-0.03551912568306004,0.012012601240502851,94.4302,95.62335,96.3663,0.9019391331903276,1.4430668830439186,95.0,96.258,91.737,-0.020239339070864615,0,0.5521357,1,False,False,-0.020239339070864615,-0.0,5.694547131038788,42.38805862017406
2016-06-20,93.492,94.046,92.546,92.616,34353316,0,AAPL,-0.002402007776904136,-0.022996750917760322,-0.001250916619937037,93.9942,95.61755000000001,96.11502,1.1684400711975598,1.455479211188278,92.839,94.796,92.732,-0.03218666321154007,0,0.55680144,1,False,False,-0.03218666321154007,-0.0,5.694547131038788,41.023728453175494
2016-06-21,92.459,93.832,92.204,93.404,32787026,0,AAPL,0.008508249114623778,-0.0159091387993342,-0.005377546348060425,93.6922,95.5923,95.8725,1.0615192885577664,1.490635403193519,92.616,94.914,93.909,-0.02418525973191732,0,0.5535972,1,False,False,-0.02418525973191732,-0.0,5.694547131038788,40.0315589253638
2016-06-22,93.735,94.359,92.859,93.063,26879714,0,AAPL,-0.0036508072459422447,-0.016268155007293728,-0.02390342136728829,93.3844,95.47835,95.59556,0.9489132204686667,1.5942809062036631,93.404,94.602,95.342,-0.012131566788089798,0,0.5475195,1,False,False,-0.012131566788089798,-0.0,5.694547131038788,39.545913394629395
2016-06-23,93.433,93.774,92.761,93.589,31379225,0,AAPL,0.0056520851466210775,-0.01485263157894734,-0.035145054537207066,93.1022,95.30789999999999,95.29854000000002,0.39851562074810215,1.6054535971564388,93.063,95.0,96.998,-0.005203602987530531,0,0.5449357,1,False,False,-0.005203602987530531,-0.0,5.694547131038788,39.340132161544474
2016-06-24,90.482,92.183,90.229,90.96,64987579,0,AAPL,-0.028090908119544067,-0.020239339070864615,-0.06981500608465352,92.7264,94.96655,94.94774000000001,1.0546180825210085,1.7681397442663844,93.589,92.839,97.787,0.02664907651715054,1,0.53122103,1,False,False,0.02664907651715054,0.0,5.694547131038788,40.388510353712284
2016-06-27,90.57,90.619,89.109,89.635,45491756,0,AAPL,-0.014566842568161653,-0.03218666321154007,-0.08282086177081516,92.1302,94.56184999999999,94.61363999999999,1.7475819580152296,2.012051827179087,90.96,92.616,97.729,0.03258771685167616,1,0.5308292,1,False,False,0.03258771685167616,0.0,5.694547131038788,41.704679693180054
2016-06-28,90.472,91.213,89.732,91.145,39565203,0,AAPL,0.016846098064372095,-0.02418525973191732,-0.06278598677648572,91.6784,94.25654999999999,94.35574000000001,1.6235460572402625,2.045506924042929,89.635,93.404,97.251,0.02072521805913663,1,0.5368198,1,False,False,0.02072521805913663,0.0,5.694547131038788,42.56901827390766
2016-06-29,91.515,92.08,91.184,91.934,32943084,0,AAPL,0.00865653628833174,-0.012131566788089798,-0.041215610203783615,91.45259999999999,94.05895000000001,94.12462000000001,1.4523165288532764,2.0705464438905294,91.145,93.063,95.886,0.016305175451954756,1,0.5393515,1,False,False,0.016305175451954756,0.0,5.694547131038788,43.26311358568119
2016-06-30,91.973,93.267,91.836,93.102,34702639,0,AAPL,0.012704766462897421,-0.005203602987530531,-0.021698698078115308,91.3552,93.95570000000001,93.91246000000001,1.2792355920550547,2.0638601569293464,91.934,93.589,95.167,0.011299435028248483,1,0.5345919,1,False,False,0.011299435028248483,0.0,5.694547131038788,43.75196232676233
2016-07-01,92.995,93.944,92.839,93.384,25603482,0,AAPL,0.0030289360056712233,0.02664907651715054,-0.020731745682197156,91.84,93.85685,93.72874,1.527290574835174,2.0402193193489544,93.102,90.96,95.361,0.011361689368628358,1,0.53103536,1,False,False,0.011361689368628358,0.0,5.694547131038788,44.24905853198693
2016-07-05,92.898,92.907,91.99,92.556,27859251,0,AAPL,-0.008866615265998523,0.03258771685167616,-0.036417015428821364,92.4242,93.68195,93.53406,0.9047995357979853,1.9913014119289179,93.384,89.635,96.054,0.02504429750637449,1,0.53103536,1,False,False,0.02504429750637449,0.0,5.694547131038788,45.35724511823899
2016-07-06,92.128,93.161,91.906,93.034,30109590,0,AAPL,0.005164440987078134,0.02072521805913663,-0.03533730117583611,92.80199999999999,93.51155000000001,93.36054,0.5693171348028833,1.8857022278444693,92.556,91.145,96.442,0.014027129866500232,1,0.53281236,1,False,False,0.014027129866500232,0.0,5.694547131038788,45.993477085899215
2016-07-07,93.199,93.979,93.122,93.433,24360033,0,AAPL,0.004288754648838156,0.016305175451954756,-0.03031529568051139,93.1018,93.36550000000001,93.209,0.350651108625217,1.7630956776118216,93.034,91.934,96.354,0.029604101334646193,1,0.5225652,1,False,False,0.029604101334646193,0.0,5.694547131038788,47.355072642282906
2016-07-08,93.969,94.359,93.54,94.154,27265101,0,AAPL,0.0077167596031380015,0.011299435028248483,-0.029800300888238707,93.3122,93.2209,93.19851999999999,0.5868579044198338,1.5512149703387546,93.433,93.102,97.046,0.02171973575206576,1,0.5475195,1,True,True,0.02171973575206576,0.02171973575206576,5.818231189952635,48.38361230659317
2016-07-11,94.222,95.099,94.213,94.445,23269626,0,AAPL,0.0030906812243769455,0.011361689368628358,-0.01883479814664757,93.5244,93.13025,93.25158000000002,0.7795102949801117,1.4110314582986418,94.154,93.384,96.258,0.029403356450844464,1,0.55073196,1,False,False,0.029403356450844464,0.0,5.818231189952635,49.806252905623396
2016-07-12,94.63,95.148,94.583,94.874,22288127,0,AAPL,0.004542326221610438,0.02504429750637449,0.0008228195282500295,93.988,93.13415,93.33427999999999,0.7482549698998752,1.415976927961368,94.445,92.556,94.796,0.02515968547758085,1,0.55073196,1,False,False,0.02515968547758085,0.0,5.818231189952635,51.059362563545726
2016-07-13,94.864,95.118,94.309,94.339,22399014,0,AAPL,-0.005639058119189633,0.014027129866500232,-0.006058115767958339,94.249,93.1054,93.40824,0.5272622686858978,1.383399489432116,94.874,93.034,94.914,0.03188501044106884,1,0.55073196,1,False,False,0.03188501044106884,0.0,5.818231189952635,52.6873908719987
2016-07-14,94.845,96.403,94.777,96.199,36057603,0,AAPL,0.019716130126458786,0.029604101334646193,0.01688124986786743,94.8022,93.18525000000001,93.48957999999999,0.8243959606764569,1.514232787322705,94.339,93.433,94.602,0.006569714861900833,1,0.55464447,1,False,False,0.006569714861900833,0.0,5.818231189952635,53.03353200684525
2016-07-15,96.334,96.706,95.926,96.199,30331958,0,AAPL,0.0,0.02171973575206576,0.012621052631578866,95.21119999999999,93.2452,93.59008,0.9237148910673458,1.6105345500282278,96.199,94.154,95.0,-0.0012162288589279147,0,0.5534732,1,False,False,-0.0012162288589279147,-0.0,5.818231189952635,52.96903109472765
2016-07-18,96.12,97.512,96.025,97.222,36732486,0,AAPL,0.010634206176779237,0.029403356450844464,0.047210762718254085,95.7666,93.46435,93.71844000000002,1.1540044627207602,1.8349245581775009,96.199,94.445,92.839,-0.024953199893028244,0,0.5435987,1,False,False,-0.024953199893028244,-0.0,5.818231189952635,51.64728427368088
2016-07-19,96.959,97.387,96.745,97.261,22690490,0,AAPL,0.00040114377404298907,0.02515968547758085,0.0501533212403904,96.244,93.69659999999999,93.85774,1.185732684874347,2.0077228105997937,97.222,94.874,92.616,-0.032047788939040256,0,0.5376414,1,False,False,-0.032047788939040256,-0.0,5.818231189952635,49.99210300800334
2016-07-20,97.387,97.836,97.129,97.347,25320799,0,AAPL,0.0008842187516064914,0.03188501044106884,0.04221446618988467,96.8456,93.89375,93.99736000000001,0.5919922296611635,2.164917766152469,97.261,94.339,93.404,0.02992388055101869,1,0.5376414,1,False,False,0.02992388055101869,0.0,5.818231189952635,51.488060726909055
2016-07-21,97.222,98.369,96.541,96.831,30952856,0,AAPL,-0.005300625597090769,0.006569714861900833,0.040488701202411326,96.97200000000001,94.08215,94.1144,0.4754092973209153,2.251057184967086,97.347,96.199,93.063,0.04935402918486842,1,0.5416339,1,False,False,0.04935402918486842,0.0,5.818231189952635,54.029203978697204
2016-07-22,96.666,96.706,95.742,96.082,26506075,0,AAPL,-0.0077351261476180655,-0.0012162288589279147,0.026637745888939968,96.94859999999998,94.2068,94.23418,0.5234236333785203,2.2909818763767187,96.831,96.199,93.589,0.05628525634353987,1,0.53389245,1,False,False,0.05628525634353987,0.0,5.818231189952635,57.07025157467558
2016-07-25,95.683,96.258,94.388,94.796,39095508,0,AAPL,-0.013384400824295817,-0.024953199893028244,0.042172383465259644,96.46340000000001,94.3986,94.37052,1.0580327499559097,2.161786089031142,96.082,97.222,90.96,0.08949744714966879,1,0.5418324,1,True,True,0.08949744714966879,0.08949744714966879,6.338948028379975,62.17789339879841
2016-07-26,94.289,95.41,93.899,94.144,41543558,0,AAPL,-0.006877927338706291,-0.032047788939040256,0.05030401071010204,95.84,94.62405,94.49032000000001,1.3488926940195722,1.8517338240834518,94.796,97.261,89.635,0.08079112848402437,1,0.54247475,1,True,True,0.08079112848402437,0.08079112848402437,6.851078792994374,67.2013155732467
2016-07-27,101.53,101.62,100.07,100.26,92280275,0,AAPL,0.0649643099932018,0.02992388055101869,0.10000548576444146,96.4226,95.0798,94.66697999999998,2.389889286134248,2.0603452342269675,94.144,97.347,91.145,0.02752842609216022,1,0.5378881,1,True,True,0.02752842609216022,0.02752842609216022,7.039678209198886,69.05126202230076
2016-07-28,100.15,101.72,100.14,101.61,38147287,0,AAPL,0.013464991023339312,0.04935402918486842,0.1052494180607828,97.37840000000001,95.5636,94.87824,3.354878656520837,2.3921101981286124,100.26,96.831,91.934,0.020273595118590615,1,0.5410624,1,True,True,0.020273595118590615,0.020273595118590615,7.18239779497735,70.4511793509686
2016-07-29,101.47,101.82,100.97,101.49,25483464,0,AAPL,-0.001180986123413108,0.05628525634353987,0.09009473480698582,98.46000000000001,95.983,95.06624,3.6876873511699477,2.658318106977671,101.61,96.082,93.102,0.03685092127303191,1,0.5376414,1,True,True,0.03685092127303191,0.03685092127303191,7.447075770671658,73.0473702148234
2016-08-01,101.68,103.38,101.68,103.28,37755686,0,AAPL,0.017637205636023223,0.08949744714966879,0.1059710442902424,100.1568,96.4778,95.29709999999999,3.5287393216244416,3.0423442761671646,101.49,94.796,93.384,0.02740123934934169,1,0.5400142,1,True,True,0.02740123934934169,0.02740123934934169,7.651134876316515,75.04895868991976
2016-08-02,103.28,103.3,101.29,101.75,32274886,0,AAPL,-0.014814097598760623,0.08079112848402437,0.09933445697739751,101.678,96.9375,95.47746,1.0749744182901535,3.112372686043889,103.28,94.144,92.556,0.04707616707616724,1,0.5383906,1,True,True,0.04707616707616724,0.04707616707616724,8.011320980076281,78.58197600809879
2016-08-03,102.08,103.07,102.04,103.02,28107157,0,AAPL,0.012481572481572334,0.02752842609216022,0.10733710256465367,102.22999999999999,97.43679999999999,95.65968000000001,0.8498529284400607,3.2511042269860315,101.75,100.26,93.034,0.026499708794408994,1,0.5376414,1,True,True,0.026499708794408994,0.026499708794408994,8.223618653106842,80.66437548880265
2016-08-04,103.38,103.79,103.08,103.67,25774059,0,AAPL,0.0063094544748592,0.020273595118590615,0.10956514293664976,102.64200000000001,97.94865,95.82624,0.9655930819854057,3.390438991524904,103.02,101.61,93.433,0.019388444101475777,1,0.5376414,1,True,True,0.019388444101475777,0.019388444101475777,8.383061823674456,82.22833222394775
2016-08-05,104.06,105.4,103.97,105.23,34200101,0,AAPL,0.015047747660847044,0.03685092127303191,0.11763706268453822,103.38999999999999,98.50245,95.99088,1.255248979277793,3.6338413410734005,103.67,101.49,94.154,0.006652095410054182,1,0.54170805,1,True,True,0.006652095410054182,0.006652095410054182,8.438826750753922,82.77532293531108
2016-08-08,105.28,106.11,104.92,106.11,26154976,0,AAPL,0.008362634229782229,0.02740123934934169,0.12351103817036369,103.95599999999999,99.0857,96.15734,1.7383267817006782,3.876376225560896,105.23,103.28,94.445,0.010178117048346147,1,0.5376414,1,True,True,0.010178117048346147,0.010178117048346147,8.52471811717381,83.61781986086133
2016-08-09,105.98,106.67,105.76,106.54,26028603,0,AAPL,0.0040523984544340586,0.04707616707616724,0.12296308788498433,104.91400000000002,99.669,96.33355999999999,1.5255261387395715,4.081556423975215,106.11,101.75,94.874,0.005256241787122029,1,0.5376414,1,True,True,0.005256241787122029,0.005256241787122029,8.569526096764735,84.05733533976203
2016-08-10,106.44,106.63,105.51,105.75,22767897,0,AAPL,-0.0074150553782617035,0.026499708794408994,0.12095739831882901,105.46000000000001,100.23955,96.50354000000002,1.1101801655486219,4.094811022885621,106.54,103.02,94.339,0.011158392434988285,1,0.5376414,1,True,True,0.011158392434988285,0.011158392434988285,8.665148231934308,84.99528007452251
2016-08-11,106.26,106.66,105.6,105.68,23833284,0,AAPL,-0.000661938534278872,0.019388444101475777,0.09855611804696518,105.86200000000001,100.7136,96.69941999999999,0.4914977110602856,4.150840452624658,105.75,103.67,96.199,0.01069265707797129,1,0.5376414,1,True,True,0.01069265707797129,0.01069265707797129,8.757801690508172,85.90410545760551
2016-08-12,105.53,106.18,105.53,105.93,18276547,0,AAPL,0.0023656320968963307,0.006652095410054182,0.10115489766005892,106.002,101.20015000000001,96.91468,0.3440494150227235,4.164098756031978,105.68,105.23,96.199,0.010856225809496856,1,0.52918476,1,True,True,0.010856225809496856,0.010856225809496856,8.852878363255122,86.8366998244161
2016-08-15,105.89,107.25,105.83,107.19,25003629,0,AAPL,0.011894647408666081,0.010178117048346147,0.10252823435025005,106.218,101.69855,97.15125999999998,0.6402889972328463,4.258361588499478,105.93,106.11,97.222,-0.008769474764437013,0,0.5376414,1,True,True,-0.008769474764437013,-0.008769474764437013,8.775243269855926,86.07518757667889
2016-08-16,107.34,107.93,106.94,107.1,33480899,0,AAPL,-0.0008396305625525402,0.005256241787122029,0.10116079415181822,106.33,102.19050000000001,97.37218000000001,0.7502332970332793,4.286961511372178,107.19,106.54,97.261,-0.00485527544351072,0,0.54254335,1,True,True,-0.00485527544351072,-0.00485527544351072,8.732637046696961,85.65726883214226
2016-08-17,106.83,107.09,106.08,106.93,23217740,0,AAPL,-0.0015873015873014706,0.011158392434988285,0.09844165716457631,106.566,102.66965,97.58194000000002,0.7064913304332856,4.252518848312055,107.1,105.75,97.347,-0.01075469933601425,0,0.5376414,1,True,True,-0.01075469933601425,-0.01075469933601425,8.638720160849196,84.73605065990843
2016-08-18,106.96,107.31,106.75,106.81,19296763,0,AAPL,-0.0011222294959319923,0.01069265707797129,0.10305583955551434,106.792,103.1686,97.79106,0.5039047528822909,4.114595694148041,106.93,105.68,96.831,-0.01395000468120966,0,0.5376414,1,True,True,-0.01395000468120966,-0.01395000468120966,8.51820997416569,83.55398235653549
2016-08-19,106.5,107.4,106.1,107.08,25057769,0,AAPL,0.0025278531972661167,0.010856225809496856,0.11446472804479502,107.022,103.71850000000002,97.99174,0.15089731600439746,3.8436509987231466,106.81,105.93,96.082,-0.02222637280537909,0,0.52918476,1,True,True,-0.02222637280537909,-0.02222637280537909,8.328881063645383,81.69688039530506
2016-08-22,106.59,106.77,105.6,106.25,25105654,0,AAPL,-0.00775121404557344,-0.008769474764437013,0.12082788303303937,106.83400000000002,104.2912,98.19157999999999,0.34717430777256475,3.2520211302456237,107.08,107.19,94.796,-0.015623529411764703,0,0.52918476,1,True,True,-0.015623529411764703,-0.015623529411764703,8.19875454538043,80.42048678159959
2016-08-23,106.33,107.04,106.27,106.58,19390253,0,AAPL,0.0031058823529410695,-0.00485527544351072,0.1320955132562882,106.72999999999999,104.91300000000001,98.42725999999999,0.32473065758775466,2.2416795864721,106.25,107.1,94.144,-0.026271345468192875,0,0.52918476,1,True,True,-0.026271345468192875,-0.026271345468192875,7.983362232309824,78.30773239063996
2016-08-24,106.3,106.48,105.43,105.78,23001540,0,AAPL,-0.007506098705197917,-0.01075469933601425,0.05505685218432066,106.5,105.18900000000001,98.64458,0.5049257370915141,1.9608695707947288,106.58,106.93,100.26,-0.017867271695972797,0,0.5376414,1,True,True,-0.017867271695972797,-0.017867271695972797,7.840721330257777,76.90858686012086
2016-08-25,105.15,105.63,104.46,105.32,23392897,0,AAPL,-0.00434864813764424,-0.01395000468120966,0.03651215431552002,106.202,105.37449999999998,98.85894,0.6841198725204914,1.770740181240052,105.78,106.81,101.61,-0.007785795670337992,0,0.5376414,1,True,True,-0.007785795670337992,-0.007785795670337992,7.779675076072329,76.30979231753352
2016-08-26,105.17,105.7,104.1,104.7,27370509,0,AAPL,-0.005886821116596996,-0.02222637280537909,0.031628731894768114,105.726,105.535,99.05293999999999,0.7457077175257879,1.5291087875605147,105.32,107.08,101.49,0.007449856733524385,1,0.5503612,1,True,True,0.007449856733524385,0.007449856733524385,7.8376325408224385,76.87828933766414
2016-08-29,104.4,105.2,104.08,104.59,23921658,0,AAPL,-0.00105062082139451,-0.015623529411764703,0.012683965917893225,105.394,105.60050000000001,99.28796,0.819926825989714,1.4536251417115065,104.7,106.25,103.28,0.008222583420977037,1,0.55356985,1,False,False,0.008222583420977037,0.0,7.8376325408224385,77.5104274850051
2016-08-30,103.6,104.29,103.3,103.78,22815497,0,AAPL,-0.007744526245338945,-0.026271345468192875,0.01995085995085999,104.83400000000002,105.702,99.51124,0.7614985226365552,1.2232252449913519,104.59,106.58,101.75,0.022354981692040754,1,0.55356985,1,False,False,0.022354981692040754,0.0,7.8376325408224385,79.24317167237464
2016-08-31,103.46,104.35,103.44,103.89,27265644,0,AAPL,0.0010599344767778796,-0.017867271695972797,0.008444962143273171,104.45599999999999,105.74549999999999,99.72095999999999,0.6327163661370825,1.1351256596262893,103.78,105.78,103.02,-0.0054865723361248175,0,0.5598674,1,False,False,-0.0054865723361248175,-0.0,7.8376325408224385,78.8083982788502
2016-09-01,103.93,104.57,103.42,104.5,25052908,0,AAPL,0.005871594956203596,-0.007785795670337992,0.008006173434937702,104.292,105.78699999999999,99.94969999999999,0.42493528916500145,1.0684671755591064,103.89,105.32,103.67,-0.03368421052631576,0,0.5546834,1,False,False,-0.03368421052631576,-0.0,7.8376325408224385,76.15379959998367
2016-09-02,105.45,105.75,104.59,105.48,26313135,0,AAPL,0.009377990430622152,0.007449856733524385,0.0023757483607336205,104.44800000000001,105.7995,100.18752,0.6792422248194864,1.0630565415397264,104.5,104.7,105.23,-0.0212362533181647,0,0.56201786,1,False,False,-0.0212362533181647,-0.0,7.8376325408224385,74.53657822053766
2016-09-06,105.65,106.04,105.27,105.45,23740653,0,AAPL,-0.00028441410693968994,0.008222583420977037,-0.0062199604184336454,104.62,105.7665,100.47732,0.8187490457873557,1.063154566167619,105.48,104.59,106.11,0.0023707918444759724,1,0.56201786,1,False,False,0.0023707918444759724,0.0,7.8376325408224385,74.71328893229806
2016-09-07,105.58,106.49,104.83,106.1,39707231,0,AAPL,0.00616405879563775,0.022354981692040754,-0.004129904261310435,105.08399999999999,105.74449999999999,100.80662000000001,0.8788799690388047,1.0507865474991471,105.45,103.78,106.54,0.031479736098020794,1,0.5710781,1,False,False,0.031479736098020794,0.0,7.8376325408224385,77.06524355090198
2016-09-08,105.01,105.03,103.04,103.32,50719791,0,AAPL,-0.02620169651272386,-0.0054865723361248175,-0.02297872340425533,104.97,105.623,101.05012,1.0852188719229254,1.1823664940702596,106.1,103.89,105.75,0.09514130855594294,1,0.5499164,1,False,False,0.09514130855594294,0.0,7.8376325408224385,84.39733166651725
2016-09-09,102.46,103.52,100.98,100.98,44964056,0,AAPL,-0.022648083623693305,-0.03368421052631576,-0.04447388342165026,104.266,105.388,101.23104,2.1173048906517273,1.572987770550093,103.32,104.5,105.68,0.1143790849673203,1,0.55287766,1,False,False,0.1143790849673203,0.0,7.8376325408224385,94.05062123621694
2016-09-12,100.51,103.52,100.39,103.24,41785747,0,AAPL,0.022380669439492795,-0.0212362533181647,-0.025394128197866572,103.81800000000001,105.25349999999999,101.43379999999999,2.0314576047699724,1.6378717737823292,100.98,105.48,105.93,0.07719876017047644,1,0.5510787,1,False,False,0.07719876017047644,0.0,7.8376325408224385,101.31121258891596
2016-09-13,105.27,106.52,105.0,105.7,62547232,0,AAPL,0.02382797365362266,0.0023707918444759724,-0.013900550424479796,103.86800000000001,105.179,101.68012,2.084063338763425,1.577943031452916,103.24,105.45,107.19,0.05203405865657529,1,0.5507259,1,False,False,0.05203405865657529,0.0,7.8376325408224385,106.58284616733638
2016-09-14,106.46,110.66,106.34,109.44,108613122,0,AAPL,0.035383159886471116,0.031479736098020794,0.02184873949579824,104.53599999999999,105.296,102.01780000000001,3.2096541869768003,1.7991266887269741,105.7,106.1,107.1,0.01589912280701755,1,0.5314905,1,False,False,0.01589912280701755,0.0,7.8376325408224385,108.27741992767233
2016-09-15,111.49,113.31,111.12,113.15,90447884,0,AAPL,0.033899853801169666,0.09514130855594294,0.05816889553913773,106.502,105.607,102.42011999999998,4.863231435987557,2.498222736684919,109.44,103.32,106.93,-0.008130799823243495,0,0.5378881,1,True,True,-0.008130799823243495,-0.008130799823243495,7.773906319544872,107.39703790086314
2016-09-16,112.72,113.71,111.67,112.53,71964632,0,AAPL,-0.005479452054794609,0.1143790849673203,0.05355303810504641,108.81199999999998,105.893,102.80206,4.294411484706316,2.93280914375079,113.15,100.98,106.81,-0.019283746556473802,0,0.532902,1,True,True,-0.019283746556473802,-0.019283746556473802,7.623996280324998,105.32602064106689
2016-09-19,112.79,113.76,110.88,111.21,47369748,0,AAPL,-0.011730205278592476,0.07719876017047644,0.03856929398580489,110.40599999999999,106.0995,103.14318000000002,2.9902725628239053,3.15756981003541,112.53,103.24,107.08,-0.0062044780145670275,0,0.5400313,1,True,True,-0.0062044780145670275,-0.0062044780145670275,7.57669336302058,104.67252766163756
2016-09-20,110.68,111.75,110.17,111.2,34656540,0,AAPL,-8.99199712255383e-05,0.05203405865657529,0.0465882352941176,111.506,106.34700000000001,103.47828,1.4318624235510322,3.3576465755495364,111.21,105.7,106.25,-0.004316546762589968,0,0.54254335,1,True,True,-0.004316546762589968,-0.004316546762589968,7.543988211813297,104.22070380122761
2016-09-21,111.48,111.62,110.1,111.18,33923980,0,AAPL,-0.00017985611510784594,0.01589912280701755,0.04316006755488844,111.854,106.577,103.8044,0.9264610083416442,3.5276921037600437,111.2,109.44,106.58,0.0035977693829825075,1,0.54254335,1,True,True,0.0035977693829825075,0.0035977693829825075,7.57112974162734,104.59566585843656
2016-09-22,111.97,112.55,111.63,112.23,30131295,0,AAPL,0.009444144630329276,-0.008130799823243495,0.060975609756097615,111.67,106.89949999999999,104.16221999999999,0.6568485365572635,3.7394672784100114,111.18,113.15,105.78,-0.02120645103804697,0,0.54076797,1,True,True,-0.02120645103804697,-0.02120645103804697,7.410572949458818,102.37756299161771
2016-09-23,112.04,112.4,109.23,110.36,52802745,0,AAPL,-0.016662211529894,-0.019283746556473802,0.04785415875427268,111.23600000000002,107.15149999999998,104.44544,0.6634229420041406,3.796805132016857,112.23,112.53,105.32,0.002899601304820587,1,0.5346172,1,True,True,0.002899601304820587,0.002899601304820587,7.4320606564525376,102.67441710685256
2016-09-26,109.32,111.02,109.23,110.52,29240653,0,AAPL,0.0014498006524101825,-0.0062044780145670275,0.05558739255014311,111.098,107.4425,104.73186,0.737780455133796,3.8219736910031026,110.36,111.21,104.7,-0.0030763662685485693,0,0.5398853,1,True,True,-0.0030763662685485693,-0.0030763662685485693,7.40919691574322,102.35855299342215
2016-09-27,110.63,110.81,110.0,110.72,24405226,0,AAPL,0.0018096272167933414,-0.004316546762589968,0.058609809733244145,111.002,107.749,105.00182000000001,0.7522765448805577,3.826972006276626,110.52,111.2,104.59,-0.0008128612716763461,0,0.5376414,1,True,True,-0.0008128612716763461,-0.0008128612716763461,7.403174266516188,102.27534968986896
2016-09-28,111.32,112.25,111.06,111.58,29459822,0,AAPL,0.007767341040462394,0.0035977693829825075,0.07515899017151662,111.082,108.13899999999998,105.2882,0.7959396961940205,3.7985466749913503,110.72,111.18,103.78,-0.008065961641871233,0,0.5398853,1,True,True,-0.008065961641871233,-0.008065961641871233,7.34346054685438,101.45040064236152
2016-09-29,110.79,111.43,109.47,109.85,35383410,0,AAPL,-0.015504570711597054,-0.02120645103804697,0.05736837039176046,110.606,108.43699999999998,105.53826,0.6326768527276939,3.6795853599332378,111.58,112.23,103.89,0.01520254893035955,1,0.53851235,1,True,True,0.01520254893035955,0.01520254893035955,7.4550998651360985,102.9927053221316
2016-09-30,110.12,111.0,109.47,110.68,34063033,0,AAPL,0.007555757851615885,0.002899601304820587,0.05913875598086138,110.66999999999999,108.74600000000001,105.81523999999999,0.6175759062475001,3.589964667760904,109.85,110.36,104.5,0.00912540657752059,1,0.54254335,1,True,True,0.00912540657752059,0.00912540657752059,7.523130682481484,103.93255563271482
2016-10-03,110.36,110.68,109.94,110.18,21290000,0,AAPL,-0.004517528008673666,-0.0030763662685485693,0.044558210087220385,110.602,108.981,106.09720000000002,0.6557591020926946,3.5180301007034775,110.68,110.52,105.48,0.03131239789435458,1,0.5376414,1,True,True,0.03131239789435458,0.03131239789435458,7.758697943822572,107.18693316886353
2016-10-04,110.69,111.93,110.28,110.63,29927280,0,AAPL,0.004084225812307052,-0.0008128612716763461,0.04912280701754379,110.58400000000002,109.24000000000001,106.41388,0.6529395071347855,3.4340692449234678,110.18,110.72,105.45,0.029377203290246845,1,0.5398853,1,True,True,0.029377203290246845,0.029377203290246845,7.986626790585868,110.33578549462334
2016-10-05,111.03,111.29,110.34,110.68,20421419,0,AAPL,0.00045195697369626586,-0.008065961641871233,0.043166823751178196,110.404,109.46900000000001,106.74459999999999,0.37433941814536864,3.3656858220299313,110.63,111.58,106.1,0.038127936393205664,1,0.5311908,1,True,True,0.038127936393205664,0.038127936393205664,8.291140388853599,114.54266130585673
2016-10-06,111.33,111.96,110.76,111.52,28654697,0,AAPL,0.007589447054571652,0.01520254893035955,0.0793650793650793,110.73800000000001,109.87899999999999,106.96980000000002,0.48509792823452097,3.063051282279842,110.68,109.85,103.32,0.02708034433285511,1,0.5376414,1,True,True,0.02708034433285511,0.02708034433285511,8.515667325495796,117.64451601482092
2016-10-07,111.93,112.17,111.14,111.69,24470377,0,AAPL,0.0015243902439023849,0.00912540657752059,0.10606060606060597,110.94000000000001,110.4145,107.17139999999999,0.6403514659758586,2.255002567388445,111.52,110.68,100.98,0.031247202077177905,1,0.5376414,1,True,True,0.031247202077177905,0.031247202077177905,8.781758103237584,121.32057798000783
2016-10-10,112.63,114.31,112.33,113.63,36107269,0,AAPL,0.017369504879577446,0.03131239789435458,0.10063928709802394,111.63,110.93400000000001,107.4142,1.2163675431289087,1.6235775960843644,111.69,110.18,103.24,0.013024729384845557,1,0.5583646,1,True,True,0.013024729384845557,0.013024729384845557,8.896138126055428,122.90074567701048
2016-10-11,115.25,116.21,113.78,113.88,63602119,0,AAPL,0.0022001232068995513,0.029377203290246845,0.07738883632923366,112.28,111.343,107.62620000000001,1.4025155970531933,1.2144442090201628,113.63,110.63,105.7,0.010098349139445073,1,0.56384605,1,True,True,0.010098349139445073,0.010098349139445073,8.985974434845064,124.14184031635507
2016-10-12,114.91,115.51,114.31,114.9,37745045,0,AAPL,0.008956796628029506,0.038127936393205664,0.04989035087719307,113.124,111.61599999999999,107.8892,1.467218456801005,1.3681120298777156,113.88,110.68,109.44,-0.0019147084421236027,0,0.5640051,1,True,True,-0.0019147084421236027,-0.0019147084421236027,8.968768913733959,123.90414488668058
2016-10-13,114.35,115.0,113.3,114.54,34806734,0,AAPL,-0.0031331592689295418,0.02708034433285511,0.01228457799381344,113.728,111.6855,108.11959999999999,1.2469041663165417,1.4808051685987302,114.9,111.52,113.15,0.0006984459577439317,1,0.5552398,1,True,True,0.0006984459577439317,0.0006984459577439317,8.975033114127696,123.9906852358244
2016-10-14,115.43,115.7,114.69,115.18,35191224,0,AAPL,0.00558756766195212,0.031247202077177905,0.023549275748689258,114.426,111.81800000000001,108.3498,0.6591509690333298,1.6671772551172275,114.54,111.69,112.53,-0.00876888348671645,0,0.53879994,1,True,True,-0.00876888348671645,-0.00876888348671645,8.896332094460488,122.90342536355332
2016-10-17,114.89,115.39,114.34,115.11,22473663,0,AAPL,-0.0006077444000694987,0.013024729384845557,0.03506878877798769,114.72200000000001,112.013,108.5474,0.5324659613323498,1.8139404620825055,115.18,113.63,111.21,0.0007818608287724071,1,0.5376414,1,True,True,0.0007818608287724071,0.0007818608287724071,8.903287788044898,122.99951873756704
2016-10-18,115.71,115.74,115.01,115.03,22508257,0,AAPL,-0.0006949874033532755,0.010098349139445073,0.034442446043165376,114.952,112.20450000000001,108.72579999999999,0.25272514710171834,1.922513363167842,115.11,113.88,111.2,0.0065200382508909804,1,0.52918476,1,True,True,0.0065200382508909804,0.0065200382508909804,8.96133756498164,123.80148030457717
2016-10-19,114.81,115.31,111.43,114.68,19945147,0,AAPL,-0.00304268451708245,-0.0019147084421236027,0.03148048210109722,114.90799999999999,112.37950000000001,108.88859999999998,0.2815492851661761,1.982702767218973,115.03,114.9,111.18,-0.013167073596093481,0,0.5254277,1,True,True,-0.013167073596093481,-0.013167073596093481,8.84334297374409,122.17137710210149
2016-10-20,114.42,114.94,113.91,114.62,24118935,0,AAPL,-0.000523194977328223,0.0006984459577439317,0.021295553773500897,114.924,112.499,109.066,0.2565735761484135,2.04428574580613,114.68,114.54,112.23,-0.02198569185133492,0,0.5254277,1,True,True,-0.02198569185133492,-0.02198569185133492,8.648915960187685,119.48535485208144
2016-10-21,114.37,114.47,113.86,114.17,22320703,0,AAPL,-0.003926016402024057,-0.00876888348671645,0.03452337803552008,114.72200000000001,112.6895,109.2358,0.37492665946500653,2.0117300096083084,114.62,115.18,110.36,-0.024700008758868464,0,0.5311908,1,True,True,-0.024700008758868464,-0.024700008758868464,8.435287660216332,116.53406554067853
2016-10-24,114.66,115.29,114.56,115.2,23201534,0,AAPL,0.009021634404834833,0.0007818608287724071,0.04234527687296419,114.74000000000001,112.92349999999999,109.42120000000001,0.39956226045209686,2.018269907874611,114.17,115.11,110.52,-0.03498263888888886,0,0.5298465,1,True,True,-0.03498263888888886,-0.03498263888888886,8.140199038075083,112.45739640761487
2016-10-25,115.48,115.89,114.87,115.78,39372794,0,AAPL,0.005034722222222232,0.0065200382508909804,0.04570086705202314,114.89000000000001,113.1765,109.59300000000002,0.6171709649502183,2.044490092130925,115.2,115.03,110.72,-0.057091034721022615,0,0.54247475,1,True,True,-0.057091034721022615,-0.057091034721022615,7.675466652156304,106.03708728467193
2016-10-26,111.93,113.28,110.94,113.17,65731885,0,AAPL,-0.02254275349801349,-0.013167073596093481,0.014249865567306008,114.58800000000001,113.256,109.71440000000001,0.9977324290497925,2.0097614417166394,115.78,114.68,111.58,-0.03446142970751975,0,0.52954715,1,True,True,-0.03446142970751975,-0.03446142970751975,7.410959097650608,102.38289765482106
2016-10-27,112.97,113.44,111.73,112.1,28622558,0,AAPL,-0.009454802509499038,-0.02198569185133492,0.020482476103777847,114.08399999999999,113.36850000000001,109.81779999999999,1.4917204831930244,1.866971301890997,113.17,114.62,109.85,-0.0357716324710079,0,0.53389245,1,True,True,-0.0357716324710079,-0.0357716324710079,7.145856992551778,98.72049426859598
2016-10-28,111.5,112.81,111.08,111.35,35517569,0,AAPL,-0.006690454950936675,-0.024700008758868464,0.006053487531622492,113.52000000000001,113.402,109.9086,1.9220952109553964,1.8216522286332668,112.1,114.17,110.68,-0.03807813201616517,0,0.53641784,1,True,True,-0.03807813201616517,-0.03807813201616517,6.873756106620754,94.96140225513531
2016-10-31,111.28,111.85,110.83,111.17,26982072,0,AAPL,-0.001616524472384362,-0.03498263888888886,0.008985296787075603,112.71399999999998,113.45150000000001,109.99040000000001,1.8861150548091448,1.7411649911180298,111.35,115.2,110.18,-0.022578033642169704,0,0.53142875,1,False,False,-0.022578033642169704,-0.0,6.873756106620754,92.81736052031125
2016-11-01,111.09,111.4,108.23,109.17,44759202,0,AAPL,-0.017990465053521643,-0.057091034721022615,-0.013197143631926145,111.39200000000001,113.37849999999999,110.04880000000001,1.4706189173194204,1.889935323310056,111.17,115.78,110.63,0.0012824035907299525,1,0.5291008,1,False,False,0.0012824035907299525,0.0,6.873756106620754,92.93638983672457
2016-11-02,109.08,110.01,108.91,109.27,28935110,0,AAPL,0.0009160025648071723,-0.03446142970751975,-0.012739428984459789,110.612,113.30800000000002,110.1026,1.318188150446578,2.0178639044349462,109.17,113.17,110.68,-0.0012812299807815064,0,0.53012544,1,False,False,-0.0012812299807815064,-0.0,6.873756106620754,92.81731694776016
2016-11-03,109.23,109.7,107.82,108.09,27365705,0,AAPL,-0.010798938409444458,-0.0357716324710079,-0.03075681492109028,109.80999999999999,113.1365,110.1488,1.4036381299956853,2.3033848662532925,109.27,112.1,111.52,-0.018595614765473223,0,0.53103536,1,False,False,-0.018595614765473223,-0.0,6.873756106620754,91.09132187823478
2016-11-04,106.82,108.5,106.4,107.11,31332886,0,AAPL,-0.009066518641872578,-0.03807813201616517,-0.041006356880651795,108.96199999999999,112.9075,110.1846,1.5168783734953182,2.6555163537893574,108.09,111.35,111.69,-0.0036411166090934977,0,0.5384411,1,False,False,-0.0036411166090934977,-0.0,6.873756106620754,90.75964775319966
2016-11-07,108.33,108.76,107.73,108.66,32097231,0,AAPL,0.014471104472038032,-0.022578033642169704,-0.04373844935316373,108.46,112.65899999999999,110.2638,0.8887631855437087,2.812264305910007,107.11,111.17,113.63,-0.042517945886250574,0,0.5385153,1,False,False,-0.042517945886250574,-0.0,6.873756106620754,86.90073396137394
2016-11-08,108.56,109.95,107.96,109.31,23340607,0,AAPL,0.005981962083563497,0.0012824035907299525,-0.040129961362837974,108.48800000000001,112.43049999999998,110.3582,0.9184334488561486,2.8923537582975083,108.66,109.17,113.88,-0.03567834598847319,0,0.53579974,1,False,False,-0.03567834598847319,-0.0,6.873756106620754,83.80025950844778
2016-11-09,108.14,109.56,106.34,109.13,56639402,0,AAPL,-0.0016466928917757695,-0.0012812299807815064,-0.05021758050478686,108.46,112.14200000000001,110.46520000000001,0.8903370148307876,2.920694942534807,109.31,109.27,114.9,-0.0080637771465224,0,0.5361531,1,False,False,-0.0080637771465224,-0.0,6.873756106620754,83.12451289095091
2016-11-10,109.34,109.34,104.16,106.08,57233876,0,AAPL,-0.027948318519197213,-0.018595614765473223,-0.0738606600314301,108.05799999999999,111.71900000000001,110.509,1.4044821109497292,3.1580938621398618,109.13,108.09,114.54,0.02007918552036192,1,0.53122103,1,False,False,0.02007918552036192,0.0,6.873756106620754,84.79358540657803
2016-11-11,105.42,107.14,104.86,106.72,34260819,0,AAPL,0.006033182503770718,-0.0036411166090934977,-0.073450251779823,107.97999999999999,111.296,110.5534,1.4791382626305813,3.2357418412380055,106.08,107.11,115.18,0.014898800599700168,1,0.5323005,1,False,False,0.014898800599700168,0.0,6.873756106620754,86.05690812768428
2016-11-14,106.01,106.1,102.43,104.04,51998455,0,AAPL,-0.025112443778110838,-0.042517945886250574,-0.09616888193901485,107.056,110.74249999999999,110.52459999999999,2.210413988369116,3.4861090887876816,106.72,108.66,115.11,0.056901191849288546,1,0.5237836,1,False,False,0.056901191849288546,0.0,6.873756106620754,90.95364876701424
2016-11-15,104.88,105.98,104.48,105.41,32783355,0,AAPL,0.013168012302960275,-0.03567834598847319,-0.0836303572980962,106.276,110.2615,110.5238,1.8795291963621934,3.52682841717477,104.04,109.31,115.03,0.04382885874205478,1,0.5303439,1,False,False,0.04382885874205478,0.0,6.873756106620754,94.94004339089818
2016-11-16,105.01,108.48,104.91,108.25,59075293,0,AAPL,0.026942415330613922,-0.0080637771465224,-0.05606906173700743,106.1,109.93999999999998,110.5668,1.5594069385436027,3.3933960632508544,105.41,109.13,114.68,0.011270207852194014,1,0.5346917,1,False,False,0.011270207852194014,0.0,6.873756106620754,96.01003741340992
2016-11-17,108.07,108.6,107.1,108.21,26926203,0,AAPL,-0.0003695150115473611,0.02007918552036192,-0.055923922526609715,106.526,109.61949999999999,110.6646,1.8214911473784052,3.226727974440042,108.25,106.08,114.62,0.016726735052213337,1,0.53579974,1,False,False,0.016726735052213337,0.0,6.873756106620754,97.61597187157712
2016-11-18,107.98,108.79,107.92,108.31,26701564,0,AAPL,0.0009241290084096576,0.014898800599700168,-0.051326968555662655,106.84400000000001,109.32649999999998,110.81120000000001,1.9944121941007784,3.053164492953842,108.21,106.72,114.17,0.013849136737143386,1,0.53579974,1,False,False,0.013849136737143386,0.0,6.873756106620754,98.96786881375573
2016-11-21,108.37,110.22,108.27,109.96,27750355,0,AAPL,0.01523405041085768,0.056901191849288546,-0.04548611111111123,108.02799999999999,109.0645,110.94560000000001,1.6392437280580996,2.7303835762884683,108.31,104.04,115.2,-0.00236449618042911,0,0.5363364,1,False,False,-0.00236449618042911,-0.0,6.873756106620754,98.7338596659604
2016-11-22,110.18,110.63,109.64,110.03,22763071,0,AAPL,0.0006365951255002944,0.04382885874205478,-0.04966315425807566,108.952,108.777,111.03219999999999,0.9531106966023184,2.245768184124054,109.96,105.41,115.78,-0.011451422339362027,0,0.53579974,1,False,False,-0.011451422339362027,-0.0,6.873756106620754,97.60321653973018
2016-11-23,109.6,109.75,108.58,109.47,25113722,0,AAPL,-0.005089521039716494,0.011270207852194014,-0.03269417690200582,109.196,108.59200000000001,111.03280000000001,0.8819750563240107,2.0042496955437223,110.03,108.25,113.17,-0.01562071800493281,0,0.53103536,1,False,False,-0.01562071800493281,-0.0,6.873756106620754,96.07858421778866
2016-11-25,109.38,110.1,109.2,110.02,11243972,0,AAPL,0.005024207545446302,0.016726735052213337,-0.018554861730597616,109.55799999999999,108.48799999999999,110.9702,0.7353706548249735,1.8615234281808286,109.47,108.21,112.1,-0.01690601708780226,0,0.53103536,1,False,False,-0.01690601708780226,-0.0,6.873756106620754,94.45427803123087
2016-11-28,109.67,110.68,109.63,109.81,25507986,0,AAPL,-0.0019087438647518162,0.013849136737143386,-0.013830264930399516,109.85799999999999,108.41099999999999,110.9158,0.2340299125703476,1.7663250579970413,110.02,108.31,111.35,-0.022129132137328145,0,0.5225652,1,False,False,-0.022129132137328145,-0.0,6.873756106620754,92.36408683174183
2016-11-29,109.03,110.26,108.32,109.7,28114816,0,AAPL,-0.0010017302613605228,-0.00236449618042911,-0.013222991814338392,109.806,108.3375,110.8856,0.23458473943905353,1.6736278747499,109.81,109.96,111.17,-0.013582497721057463,0,0.5225652,1,False,False,-0.013582497721057463,-0.0,6.873756106620754,91.10955183284214
2016-11-30,109.84,110.42,108.52,108.77,33487474,0,AAPL,-0.008477666362807668,-0.011451422339362027,-0.0036640102592288004,109.554,108.3175,110.83699999999999,0.48107172020157574,1.665526232624671,109.7,110.03,109.17,0.004688792865680025,1,0.5535972,1,False,False,0.004688792865680025,0.0,6.873756106620754,91.53674564947127
2016-12-01,108.62,109.19,107.3,107.76,35443246,0,AAPL,-0.009285648616346287,-0.01562071800493281,-0.013818980507000922,109.21199999999999,108.24199999999999,110.76859999999999,0.9423746600889226,1.654262755169177,108.77,109.47,109.27,0.024034892353377746,1,0.5549677,1,False,False,0.024034892353377746,0.0,6.873756106620754,93.73682147753483
2016-12-02,107.44,108.34,107.12,108.16,24243808,0,AAPL,0.0037119524870081744,-0.01690601708780226,0.0006476084744193589,108.84,108.24549999999999,110.68719999999999,0.9102472191540772,1.653998265760855,107.76,110.02,108.09,0.0368897928994083,1,0.5475195,1,False,False,0.0368897928994083,0.0,6.873756106620754,97.1947534088899
2016-12-05,108.26,108.29,106.54,107.38,32817489,0,AAPL,-0.007211538461538436,-0.022129132137328145,0.002520773037064661,108.354,108.25899999999999,110.6276,0.9115810441083961,1.6453215970978898,108.16,109.81,107.11,0.03846153846153855,1,0.5535972,1,False,False,0.03846153846153855,0.0,6.873756106620754,100.93301315538567
2016-12-06,107.77,108.61,107.46,108.21,25593403,0,AAPL,0.007729558577016293,-0.013582497721057463,-0.004141358365543968,108.056,108.2365,110.58139999999999,0.5217566482353242,1.642623943888149,107.38,109.7,108.66,0.04759264393309315,1,0.5475195,1,False,False,0.04759264393309315,0.0,6.873756106620754,105.73668211158414
2016-12-07,107.53,109.43,107.43,109.28,29781884,0,AAPL,0.009888180389982404,0.004688792865680025,-0.0002744488152959246,108.15799999999999,108.23500000000001,110.55259999999998,0.7115616628077697,1.6416054401209375,108.21,108.77,109.31,0.03733528550512433,1,0.5509503,1,False,False,0.03733528550512433,0.0,6.873756106620754,109.68439132658472
2016-12-08,109.11,110.64,108.85,110.35,26299711,0,AAPL,0.009791361639824192,0.024034892353377746,0.011179327407678796,108.676,108.296,110.52799999999999,1.1543526324211906,1.6983006986808566,109.28,107.76,109.13,0.03298595378341651,1,0.53142875,1,False,False,0.03298595378341651,0.0,6.873756106620754,113.30243558964561
2016-12-09,110.53,112.88,110.53,112.15,33899172,0,AAPL,0.016311735387403825,0.0368897928994083,0.05722096530920062,109.474,108.5995,110.574,1.8673858733474733,1.8194952307490857,110.35,108.16,106.08,0.01774409273294686,1,0.54103404,1,False,False,0.01774409273294686,0.0,6.873756106620754,115.31288451361702
2016-12-12,111.5,113.17,110.7,111.51,26334256,0,AAPL,-0.005706642888987923,0.03846153846153855,0.04488380809595216,110.3,108.83899999999998,110.5906,1.6044936896035635,1.873527211040184,112.15,107.38,106.72,0.029504080351537842,1,0.5376414,1,False,False,0.029504080351537842,0.0,6.873756106620754,118.71508512387439
2016-12-13,112.04,114.09,111.95,113.36,42609408,0,AAPL,0.01659044031925383,0.04759264393309315,0.08958093041138016,111.33,109.30499999999999,110.6542,1.5802373239414327,1.7734578178125306,111.51,108.21,104.04,0.015437544107268941,1,0.5400142,1,False,False,0.015437544107268941,0.0,6.873756106620754,120.54775448667239
2016-12-14,113.21,114.36,113.15,113.36,32880126,0,AAPL,0.0,0.03733528550512433,0.07541978939379579,112.146,109.70250000000001,110.7088,1.2823533054418073,1.7452156404181587,113.36,109.28,105.41,0.016319689484826982,1,0.54254335,1,False,False,0.016319689484826982,0.0,6.873756106620754,122.51505640798804
2016-12-15,113.55,114.89,113.4,113.99,44092267,0,AAPL,0.005557515878616748,0.03298595378341651,0.05302540415704393,112.874,109.98949999999999,110.775,1.012733923583811,1.9533411996080765,113.36,110.35,108.25,0.004035441705412923,1,0.54247475,1,False,False,0.004035441705412923,0.0,6.873756106620754,123.00945877615786
2016-12-16,114.63,114.66,113.82,114.14,39326480,0,AAPL,0.0013159049039390691,0.01774409273294686,0.054800850198687856,113.272,110.28599999999999,110.8274,1.0475065632144869,2.112582355911175,113.99,112.15,108.21,0.004731032065883989,1,0.54247475,1,False,False,0.004731032065883989,0.0,6.873756106620754,123.59142047003489
2016-12-19,113.97,115.51,113.92,114.8,26726101,0,AAPL,0.00578237252496927,0.029504080351537842,0.059920598282706905,113.92999999999999,110.6105,110.88960000000002,0.602992537248499,2.2845326021983214,114.14,111.51,108.31,0.0053135888501743,1,0.5376414,1,False,False,0.0053135888501743,0.0,6.873756106620754,124.24813446382167
2016-12-20,114.9,115.63,114.84,115.11,19184853,0,AAPL,0.002700348432055799,0.015437544107268941,0.0468352128046563,114.28,110.86800000000001,110.9192,0.6909052033219663,2.4884884441810624,114.8,113.36,109.96,-0.001650595082964057,0,0.5376414,1,False,False,-0.001650595082964057,-0.0,6.873756106620754,124.04305110400823
2016-12-21,114.96,115.53,114.94,115.21,21988995,0,AAPL,0.0008687342541915388,0.016319689484826982,0.04707806961737693,114.65,111.127,110.9458,0.557539236267144,2.660312803131759,115.11,113.36,110.03,-0.0027775366721638495,0,0.5376414,1,True,True,-0.0027775366721638495,-0.0027775366721638495,6.854663996959105,123.69851698063975
2016-12-22,114.51,114.67,113.81,114.45,25566176,0,AAPL,-0.00659664959638917,0.004035441705412923,0.04549191559331334,114.742,111.376,110.9368,0.44874268793746713,2.7292246826528164,115.21,113.99,109.47,-0.004019222367846242,0,0.53342885,1,True,True,-0.004019222367846242,-0.004019222367846242,6.827113578098457,123.20134513432176
2016-12-23,113.76,114.68,113.76,114.68,13998412,0,AAPL,0.0020096111839231767,0.004731032065883989,0.04235593528449377,114.85,111.609,110.93960000000001,0.3116889474738194,2.8052261377990053,114.45,114.14,110.02,-0.0032263690268573564,0,0.52918476,1,True,True,-0.0032263690268573564,-0.0032263690268573564,6.805086790307243,122.80385213031322
2016-12-27,114.68,115.93,114.65,115.41,17786684,0,AAPL,0.006365538890826583,0.0053135888501743,0.050997176941990574,114.97200000000001,111.88900000000001,110.9442,0.3953732413521809,2.8942754751916495,114.68,114.8,109.81,-0.01057100771163677,0,0.5298465,1,True,True,-0.01057100771163677,-0.01057100771163677,6.7331501653685475,121.50569166242498
2016-12-28,115.65,116.15,114.36,114.92,19619378,0,AAPL,-0.004245732605493435,-0.001650595082964057,0.047584320875113884,114.934,112.15,110.94040000000001,0.38785306493223964,2.921720833953661,115.41,115.11,109.7,-0.0013052558301427375,0,0.5311908,1,True,True,-0.0013052558301427375,-0.0013052558301427375,6.724361681859974,121.34709564998707
2016-12-29,114.61,115.26,114.56,114.89,14988280,0,AAPL,-0.0002610511660285919,-0.0027775366721638495,0.05626551438815852,114.87,112.45599999999999,110.9376,0.35601966234653043,2.8691010879039007,114.92,115.21,108.77,0.01000957437548955,1,0.52918476,1,True,True,0.01000957437548955,0.01000957437548955,6.791669680242244,122.56172842914526
2016-12-30,114.81,115.35,113.6,113.99,31078121,0,AAPL,-0.007833579946035396,-0.004019222367846242,0.0578136599851522,114.77799999999999,112.7675,110.92380000000001,0.5154318577439194,2.663230873242148,114.89,114.45,107.76,0.027370822001929973,1,0.5416339,1,True,True,0.027370822001929973,0.027370822001929973,6.977563262156059,125.91634368222827
2017-01-03,113.97,114.49,112.93,114.31,28186251,0,AAPL,0.002807263795069792,-0.0032263690268573564,0.0568602071005917,114.704,113.07499999999997,110.91759999999998,0.5578351010624503,2.4497293083502045,113.99,114.68,108.16,0.025544571778497005,1,0.5376414,1,True,True,0.025544571778497005,0.025544571778497005,7.155802127745208,129.13282276150485
2017-01-04,114.02,114.67,113.92,114.19,20850505,0,AAPL,-0.0010497769224040443,-0.01057100771163677,0.06341963121624139,114.46000000000001,113.4155,110.918,0.42213741835731416,2.058534161658754,114.31,115.41,107.38,0.032139416761537865,1,0.5298465,1,True,True,0.032139416761537865,0.032139416761537865,7.38578543459191,133.28307636983067
2017-01-05,114.09,115.02,113.98,114.77,22044719,0,AAPL,0.005079253875120315,-0.0013052558301427375,0.06062286295166808,114.42999999999999,113.7435,110.90939999999999,0.38496753106902354,1.6717380649712514,114.19,114.92,108.21,0.022654003659492883,1,0.5311908,1,True,True,0.022654003659492883,0.022654003659492883,7.553103044855384,136.3024716696613
2017-01-06,114.94,116.29,114.63,116.04,31419514,0,AAPL,0.011065609479829375,0.01000957437548955,0.06185944363103957,114.66000000000001,114.08149999999998,110.9146,0.8229216244438855,1.3796577569436193,114.77,114.89,109.28,0.009651844191657988,1,0.5612531,1,True,True,0.009651844191657988,0.009651844191657988,7.626004418607866,137.61804188915474
2017-01-09,116.08,117.54,116.07,117.11,32145605,0,AAPL,0.009220958290244718,0.027370822001929973,0.06125962845491628,115.28400000000002,114.4195,110.99340000000001,1.2565349179299818,1.2381755465963842,116.04,113.99,110.35,0.008453590641277486,1,0.5621551,1,True,True,0.008453590641277486,0.008453590641277486,7.69047153819135,138.78140848013982
2017-01-10,116.89,117.49,116.43,117.23,21526096,0,AAPL,0.0010246776534881263,0.025544571778497005,0.04529647793134184,115.86800000000001,114.67349999999999,111.096,1.3645951780573082,1.268784229501308,117.11,114.31,112.15,0.007336006141772655,1,0.55729187,1,True,True,0.007336006141772655,0.007336006141772655,7.74688888462865,139.799509745114
2017-01-11,116.86,118.03,116.72,117.86,26871766,0,AAPL,0.005374051010833325,0.032139416761537865,0.05694556542014162,116.602,114.99100000000001,111.2262,1.2152242591296385,1.2293853834461617,117.23,114.19,111.51,0.0002545392838961824,1,0.55729187,1,True,True,0.0002545392838961824,0.0002545392838961824,7.748860772177767,139.83509421221356
2017-01-12,117.01,117.41,116.34,117.37,27099166,0,AAPL,-0.004157474970303721,0.022654003659492883,0.035374029640084625,117.122,115.19149999999999,111.3502,0.6687077089260409,1.2755154788635215,117.86,114.77,113.36,0.006219647269319228,1,0.55729187,1,True,True,0.006219647269319228,0.006219647269319228,7.797055952919777,140.70481917408554
2017-01-13,117.23,117.73,116.93,117.16,25804433,0,AAPL,-0.0017892135980234203,0.009651844191657988,0.03352152434721245,117.346,115.38149999999999,111.51,0.3035292407282943,1.2713535058434142,117.37,116.04,113.36,0.008791396381017336,1,0.5451581,1,True,True,0.008791396381017336,0.008791396381017336,7.865602962406866,141.9418110121643
2017-01-17,116.47,118.33,116.35,118.1,32437894,0,AAPL,0.008023216114714904,0.008453590641277486,0.03605579436792694,117.54400000000001,115.58700000000002,111.6866,0.4139202821523381,1.3634287274056422,117.16,117.11,113.99,-0.0002540220152413841,0,0.5544309,1,True,True,-0.0002540220152413841,-0.0002540220152413841,7.863604926091267,141.905754667284
2017-01-18,118.1,118.59,117.82,118.09,22940226,0,AAPL,-8.467400508038736e-05,0.007336006141772655,0.03460662344489229,117.71599999999998,115.78450000000001,111.8866,0.42922022316877934,1.4273806522066277,118.1,117.23,114.14,0.015750698619696912,1,0.5531095,1,True,True,0.015750698619696912,0.015750698619696912,7.9874621973464945,144.140869441449
2017-01-19,117.51,118.19,117.48,117.89,24226408,0,AAPL,-0.0016936235074943573,0.0002545392838961824,0.02691637630662025,117.72200000000001,115.93900000000001,112.1022,0.43193749545166404,1.4814178841050802,118.09,117.86,114.8,0.017982865382984103,1,0.54616666,1,True,True,0.017982865382984103,0.017982865382984103,8.13109965479305,146.73293529280087
2017-01-20,118.54,118.54,117.85,118.1,28871584,0,AAPL,0.001781321570955896,0.006219647269319228,0.02597515420033014,117.86799999999998,116.0885,112.291,0.4057955149789646,1.5429475380715423,117.89,117.37,115.11,0.016257408975444587,1,0.54259825,1,True,True,0.016257408975444587,0.016257408975444587,8.263290267301118,149.1184326320234
2017-01-23,118.1,118.9,117.88,118.19,19773986,0,AAPL,0.0007620660457239303,0.008791396381017336,0.025865810259526167,118.074,116.2375,112.46860000000001,0.11058933030370817,1.5966012421057394,118.1,117.16,115.21,0.012776038581944427,1,0.54193896,1,True,True,0.012776038581944427,0.012776038581944427,8.368862382569963,151.02357548060922
2017-01-24,117.66,118.2,117.61,118.07,22955721,0,AAPL,-0.0010153143243929463,-0.0002540220152413841,0.031629532546963546,118.06799999999998,116.4185,112.6474,0.10963576048453971,1.5884659100358844,118.19,118.1,114.45,0.011518590666553807,1,0.54193896,1,True,True,0.011518590666553807,0.011518590666553807,8.465259882699508,152.76315422756974
2017-01-25,118.51,120.17,118.37,119.95,32181237,0,AAPL,0.015922757686118505,0.015750698619696912,0.045953958841995046,118.44000000000001,116.68200000000002,112.92479999999999,0.8511169132246085,1.716816515340531,118.07,118.09,114.68,0.05627344726969574,1,0.54103404,1,True,True,0.05627344726969574,0.05627344726969574,8.941629238332869,161.3596635317473
2017-01-26,119.74,120.51,119.68,120.01,25763704,0,AAPL,0.0005002084201750634,0.017982865382984103,0.03985789792912242,118.864,116.91199999999999,113.19059999999999,1.0199411747630116,1.841071198479898,119.95,117.89,115.41,0.054078826764436316,1,0.5376414,1,True,True,0.054078826764436316,0.054078826764436316,9.425182056904491,170.08580482264838
2017-01-27,120.21,120.42,119.68,120.02,20442567,0,AAPL,8.332638946750848e-05,0.016257408975444587,0.044378698224851965,119.248,117.16699999999999,113.5102,1.0218219022789239,1.9028015356804473,120.01,118.1,114.92,0.05840693217797033,1,0.5376414,1,True,True,0.05840693217797033,0.05840693217797033,9.975678026067134,180.0199948893603
2017-01-30,119.02,119.7,118.75,119.7,30221237,0,AAPL,-0.002666222296283882,0.012776038581944427,0.04186613282269991,119.55,117.4075,113.796,0.8374664172233364,1.9038323538474093,120.02,118.19,114.89,0.07126148705096069,1,0.54076797,1,True,True,0.07126148705096069,0.07126148705096069,10.68655967654627,192.84848742408246
2017-01-31,119.23,119.47,118.71,119.43,40551991,0,AAPL,-0.0022556390977442886,0.011518590666553807,0.0477234845161858,119.822,117.6795,114.01960000000001,0.2546958970554049,1.7740600921342535,119.7,118.07,113.99,0.08381478690446276,1,0.5340299,1,True,True,0.08381478690446276,0.08381478690446276,11.58225139857782,209.0120423023799
2017-02-01,125.02,128.43,125.0,126.7,112035964,0,AAPL,0.060872477601942476,0.05627344726969574,0.10838946723821197,121.172,118.299,114.38940000000001,3.099898385427622,2.5354204468060195,119.43,119.95,114.31,0.025651144435674622,1,0.535242,1,True,True,0.025651144435674622,0.025651144435674622,11.879349402093036,214.3734403882736
2017-02-02,125.95,127.34,125.76,126.5,32642923,0,AAPL,-0.0015785319652723562,0.054078826764436316,0.1078027848322971,122.47,118.9145,114.75319999999999,3.776598999096501,2.946313441355708,126.7,120.01,114.19,0.03470355731225294,1,0.54254335,1,True,True,0.03470355731225294,0.03470355731225294,12.29160508490085,221.81296136301287
2017-02-03,126.28,127.14,126.14,127.03,24901403,0,AAPL,0.004189723320158212,0.05840693217797033,0.10682234033283966,123.872,119.5275,115.09459999999999,3.9374446027819343,3.293562900404901,126.5,120.02,114.77,0.028103597575375838,1,0.5376414,1,True,True,0.028103597575375838,0.028103597575375838,12.637043407762347,228.04670356616137
2017-02-06,127.08,128.44,126.87,128.23,26535136,0,AAPL,0.00944658742029425,0.07126148705096069,0.1050499827645639,125.578,120.13700000000001,115.4586,3.5017238611827253,3.7151511975999716,127.03,119.7,116.04,0.027450674569133637,1,0.5376414,1,True,True,0.027450674569133637,0.027450674569133637,12.983938773864846,234.30673941231976
2017-02-07,128.48,130.0,128.39,129.44,36819227,0,AAPL,0.009436169383139736,0.08381478690446276,0.10528562889590987,127.58,120.7535,115.85799999999999,1.237477272509005,4.180318893649999,128.23,119.43,117.11,0.030979604449938192,1,0.5435987,1,True,True,0.030979604449938192,0.030979604449938192,13.386176061281395,241.56546951926816
2017-02-08,129.27,130.13,129.14,129.95,21807865,0,AAPL,0.003940049443757587,0.025651144435674622,0.10850464898063628,128.23,121.3895,116.25659999999999,1.4879012063898174,4.5658739579597745,129.44,126.7,117.23,0.030704116968064632,1,0.5376414,1,True,True,0.030704116968064632,0.030704116968064632,13.797186776822086,248.9825239508332
2017-02-09,130.13,130.91,129.6,130.89,24315896,0,AAPL,0.007233551365909863,0.03470355731225294,0.11055489563889354,129.108,122.04099999999998,116.6782,1.5069571991188828,4.949268845520324,129.95,126.5,117.86,0.022079608831843567,1,0.5376414,1,True,True,0.022079608831843567,0.022079608831843567,14.101823263834202,254.47996068563273
2017-02-10,130.93,131.4,130.53,130.6,19547142,0,AAPL,-0.0022156008862402876,0.028103597575375838,0.1127204566754707,129.822,122.70250000000001,117.0962,1.0538832952354,5.171259517755285,130.89,127.03,117.37,0.027182235834609658,1,0.5376414,1,True,True,0.027182235834609658,0.027182235834609658,14.485142349489728,261.3972949921718
2017-02-13,131.54,132.27,131.21,131.75,22372021,0,AAPL,0.008805513016845401,0.027450674569133637,0.1245305565039263,130.526,123.43200000000002,117.5558,0.8870343848894537,5.3733803924605565,130.6,128.23,117.16,0.025578747628083542,1,0.5376414,1,True,True,0.025578747628083542,0.025578747628083542,14.85565415000419,268.0835104314403
2017-02-14,131.93,133.52,131.71,133.45,31422950,0,AAPL,0.012903225806451424,0.030979604449938192,0.12997459779847587,131.328,124.19949999999999,118.06960000000001,1.3510810486333453,5.660296137870791,131.75,129.44,118.1,0.015586361933308535,1,0.5416339,1,True,True,0.015586361933308535,0.015586361933308535,15.087199752342212,272.2619570533766
2017-02-15,133.95,134.7,133.07,133.94,34025535,0,AAPL,0.0036717871862121942,0.030704116968064632,0.13421966296892185,132.126,124.992,118.5852,1.503439390190424,5.865736010710166,133.45,129.95,118.09,0.007316708974167474,1,0.54254335,1,True,True,0.007316708974167474,0.007316708974167474,15.19758840216523,274.25401855787345
2017-02-16,134.1,134.33,133.28,133.78,21789666,0,AAPL,-0.0011945647304762996,0.022079608831843567,0.13478666553566887,132.704,125.78649999999998,119.11319999999999,1.4644896721985237,5.928948850652826,133.94,130.89,117.89,0.00971744655404394,1,0.5376414,1,True,True,0.00971744655404394,0.00971744655404394,15.34527015521363,276.91906732544135
2017-02-17,133.53,134.26,133.53,134.15,21373610,0,AAPL,0.0027657347884586514,0.027182235834609658,0.13590177815410676,133.414,126.58899999999998,119.632,0.964691660571456,5.920001689186661,133.78,130.6,118.1,0.00894521058516573,1,0.5376414,1,True,True,0.00894521058516573,0.00894521058516573,15.482536828238274,279.3961666977151
2017-02-21,134.66,135.17,134.41,135.12,22189166,0,AAPL,0.007230711889675723,0.025578747628083542,0.14324392926643537,134.088,127.4355,120.14880000000001,0.6310071314779985,5.8659835402692195,134.15,131.75,118.19,0.002146240378922304,1,0.5376414,1,True,True,0.002146240378922304,0.002146240378922304,15.51576607394719,279.99581803239784
2017-02-22,134.86,135.54,134.54,135.53,17802516,0,AAPL,0.003034339846062828,0.015586361933308535,0.14787837723384434,134.504,128.3085,120.6524,0.7745514831023599,5.695571941149922,135.12,133.45,118.07,0.019552866524016776,1,0.5376414,1,True,True,0.019552866524016776,0.019552866524016776,15.819143777008948,285.4705388896682
2017-02-23,135.79,135.88,134.73,134.92,18825464,0,AAPL,-0.004500848520622824,0.007316708974167474,0.12480200083368054,134.7,129.057,121.10780000000001,0.7180877383551755,5.520267060661513,135.53,133.94,119.95,0.01808479098725191,1,0.5376414,1,True,True,0.01808479098725191,0.01808479098725191,16.10522968581344,290.63321391850604
2017-02-24,134.34,135.08,133.71,135.08,21476672,0,AAPL,0.0011858879335904238,0.00971744655404394,0.12557286892758945,134.95999999999998,129.8105,121.5792,0.5056184331845955,5.241869368236468,134.92,133.78,120.01,0.022875333135919274,1,0.5376414,1,True,True,0.022875333135919274,0.022875333135919274,16.47364218010692,297.28154550725475
2017-02-27,135.56,135.84,134.71,135.35,19361217,0,AAPL,0.0019988155167307564,0.00894521058516573,0.12772871188135304,135.2,130.577,122.01899999999999,0.2401041440209626,4.840337200081993,135.08,134.15,120.02,0.017584041374214987,1,0.52918476,1,True,True,0.017584041374214987,0.017584041374214987,16.763315385785933,302.5089565032449
2017-02-28,135.5,135.84,135.12,135.41,21396929,0,AAPL,0.00044329516069452346,0.002146240378922304,0.1312447786131996,135.25799999999998,131.3625,122.46,0.2507389079820613,4.216864481175857,135.35,135.12,119.7,0.01846244738202496,1,0.52918476,1,True,True,0.01846244738202496,0.01846244738202496,17.072807214044296,308.09401219527734
2017-03-01,136.29,138.52,136.0,138.18,35409768,0,AAPL,0.020456391699283705,0.019552866524016776,0.15699572971615172,135.788,132.3,122.94380000000001,1.3519504428698708,3.436434811035549,135.41,135.53,119.43,-0.005644811115935733,0,0.54194504,1,True,True,-0.005644811115935733,-0.005644811115935733,16.97643444210223,306.3548796904842
2017-03-02,138.37,138.65,137.16,137.36,25867137,0,AAPL,-0.005934288609060645,0.01808479098725191,0.0841357537490135,136.276,132.83300000000003,123.4082,1.3998321327845076,3.347696930251084,138.18,134.92,126.7,-0.002038439138031478,0,0.5376414,1,True,True,-0.002038439138031478,-0.002038439138031478,16.941829013711224,305.73039391359623
2017-03-03,137.18,138.22,136.99,138.17,20213907,0,AAPL,0.005896913220733602,0.022875333135919274,0.09225296442687747,136.89399999999998,133.41649999999998,123.87559999999999,1.4217348557224045,3.199520153163055,137.36,135.08,126.5,-0.00455960049214732,0,0.5376414,1,True,True,-0.00455960049214732,-0.00455960049214732,16.86458104180243,304.3363854590434
2017-03-06,137.75,138.16,137.0,137.73,19165899,0,AAPL,-0.003184482883404449,0.017584041374214987,0.08423207116429188,137.37,133.95149999999998,124.32799999999999,1.1475408489356689,2.961116921200964,138.17,135.35,127.03,-0.0009438756988310315,0,0.5376414,1,True,True,-0.0009438756988310315,-0.0009438756988310315,16.84866297358611,304.04912974053855
2017-03-07,137.46,138.35,137.19,137.91,16882562,0,AAPL,0.0013069048137661632,0.01846244738202496,0.07548935506511745,137.87,134.4355,124.78200000000001,0.3418332926676131,2.761055242584157,137.73,135.41,128.23,-0.0037705750126895143,0,0.52918476,1,True,True,-0.0037705750126895143,-0.0037705750126895143,16.78513382598068,302.9026896893089
2017-03-08,137.35,138.19,137.22,137.4,18180205,0,AAPL,-0.003698063954753028,-0.005644811115935733,0.061495673671199125,137.714,134.83350000000002,125.241,0.3429723020536582,2.570175654445935,137.91,138.18,129.44,0.010407569141193562,1,0.52918476,1,True,True,0.010407569141193562,0.010407569141193562,16.95982626681876,306.0551703753039
2017-03-09,137.14,137.19,135.47,137.08,20855801,0,AAPL,-0.002328966521106257,-0.002038439138031478,0.054867256637168405,137.658,135.19,125.689,0.42763302021241467,2.3414637796789792,137.4,137.36,129.95,0.01444412022176822,1,0.53342885,1,True,True,0.01444412022176822,0.01444412022176822,17.204796036356992,310.4758680506985
2017-03-10,137.65,137.74,137.04,137.54,18704430,0,AAPL,0.003355704697986406,-0.00455960049214732,0.05080602032240811,137.532,135.5225,126.13159999999999,0.31775776934012057,2.1641574876954888,137.08,138.17,130.89,0.005961901992147967,1,0.52918476,1,True,True,0.005961901992147967,0.005961901992147967,17.307369344120648,312.3268947469439
2017-03-13,137.56,137.82,137.22,137.6,17625458,0,AAPL,0.0004362367311327997,-0.0009438756988310315,0.05359877488514542,137.506,135.8725,126.5852,0.3024566084184851,1.8725577076262396,137.54,137.73,130.6,0.016206395348837388,1,0.52918476,1,True,True,0.016206395348837388,0.016206395348837388,17.587859414159816,317.38858788128755
2017-03-14,137.7,138.04,137.24,137.39,15488099,0,AAPL,-0.001526162790697727,-0.0037705750126895143,0.04280834914610998,137.402,136.15449999999998,127.03519999999999,0.20129580218181511,1.6277251643000472,137.6,137.91,131.75,0.006113982094766657,1,0.5456783,1,True,True,0.006113982094766657,0.006113982094766657,17.69539127170326,319.329096024677
2017-03-15,137.8,139.12,137.42,138.83,25992231,0,AAPL,0.010481112162457507,0.010407569141193562,0.040314724615961195,137.688,136.4235,127.53199999999998,0.6693803104185344,1.6015955038223488,137.39,137.4,133.45,0.006914931931138568,1,0.5540884,1,True,True,0.006914931931138568,0.006914931931138568,17.817753697841955,321.53723498731966
2017-03-16,139.09,139.39,138.63,139.06,19456910,0,AAPL,0.001656702441835245,0.01444412022176822,0.0382260713752427,138.084,136.67950000000002,128.02700000000002,0.7938702664642339,1.5929068925678638,138.83,137.08,133.94,0.0016539623184235186,1,0.5540884,1,True,True,0.0016539623184235186,0.0016539623184235186,17.847223591057137,322.0690454579588
2017-03-17,139.37,139.37,138.27,138.36,38384215,0,AAPL,-0.005033798360419839,0.005961901992147967,0.03423531170578564,138.248,136.9085,128.5104,0.7359823367282543,1.4792931277687422,139.06,137.54,133.78,0.0046978895634575135,1,0.5588908,1,True,True,0.0046978895634575135,0.0046978895634575135,17.931067876502258,323.5820902653285
2017-03-20,138.77,139.87,138.6,139.83,21793966,0,AAPL,0.010624457935819676,0.016206395348837388,0.04234066343645182,138.69400000000002,137.19250000000002,129.0116,0.9020698420720906,1.467015857543743,138.36,137.6,134.15,-0.004147893871129349,0,0.5540884,1,True,True,-0.004147893871129349,-0.004147893871129349,17.85669170995451,322.2399060963097
2017-03-21,140.48,141.14,138.12,138.23,39992202,0,AAPL,-0.011442465851391082,0.006113982094766657,0.023016577856719733,138.86200000000002,137.348,129.4554,0.6380987384221594,1.3990244721423497,139.83,137.39,135.12,0.028286189683860208,1,0.560295,1,True,True,0.028286189683860208,0.028286189683860208,18.3617894787885,331.3548452038592
2017-03-22,138.23,139.97,138.15,139.79,26162591,0,AAPL,0.01128553859509518,0.006914931931138568,0.03143215524238174,139.054,137.561,129.909,0.7590322786126653,1.431579547202639,138.23,138.83,135.53,0.01910007868946284,1,0.55356985,1,True,True,0.01910007868946284,0.01910007868946284,18.71250110271271,337.6837488213877
2017-03-23,139.63,139.95,138.98,139.29,20584245,0,AAPL,-0.0035767937620716506,0.0016539623184235186,0.03238956418618444,139.1,137.7795,130.3502,0.7664202502386865,1.3376864355927556,139.79,139.06,134.92,0.02139421351137938,1,0.55356985,1,True,True,0.02139421351137938,0.02139421351137938,19.11284034663607,344.9082270429955
2017-03-24,139.87,140.11,138.72,139.01,21671446,0,AAPL,-0.0020101945581161296,0.0046978895634575135,0.029093870299081948,139.22999999999996,137.976,130.7732,0.656810474928598,1.2020438734310053,139.29,138.36,135.08,0.021509243939284994,1,0.55356985,1,True,True,0.021509243939284994,0.021509243939284994,19.523943092024474,352.3269422351296
2017-03-27,137.78,139.59,137.02,139.25,22479436,0,AAPL,0.0017264944967989582,-0.004147893871129349,0.02881418544514225,139.11399999999998,138.171,131.2108,0.5698069848430527,1.0617755734569385,139.01,139.83,135.35,0.020035906642728918,1,0.5648408,1,True,True,0.020035906642728918,0.020035906642728918,19.915122993114228,359.3861319574708
2017-03-28,139.28,142.38,138.99,142.14,33139331,0,AAPL,0.02075403949730692,0.028286189683860208,0.049700908352411144,139.89600000000002,138.5075,131.7104,1.2861104151572254,1.1983579774315922,139.25,138.23,135.41,0.006753904601097593,1,0.5606581,1,True,True,0.006753904601097593,0.006753904601097593,20.049627833928845,361.813391607669
2017-03-29,142.02,142.83,141.53,142.46,28380855,0,AAPL,0.002251301533699346,0.01910007868946284,0.030974091764365275,140.43,138.7215,132.1976,1.7141616026430784,1.4847338056543473,142.14,139.79,138.18,-0.0007019514249613223,0,0.5503612,1,True,True,-0.0007019514249613223,-0.0007019514249613223,20.035553969100874,361.55941618185994
2017-03-30,142.53,142.84,141.84,142.27,18920203,0,AAPL,-0.001333707707426579,0.02139421351137938,0.035745486313337294,141.02599999999998,138.96699999999998,132.68120000000002,1.7366145225627594,1.6450407129724773,142.46,139.29,137.36,-0.0018977999578266846,0,0.5540884,1,True,True,-0.0018977999578266846,-0.0018977999578266846,19.99753049562328,360.87324873707814
2017-03-31,142.06,142.61,141.35,142.0,19012588,0,AAPL,-0.0018977999578266846,0.021509243939284994,0.027719476007816546,141.62399999999997,139.1585,133.1634,1.3378826555329293,1.7658672388465906,142.27,139.01,138.17,-0.0022535211267604716,0,0.53389245,1,True,True,-0.0022535211267604716,-0.0022535211267604716,19.952465638168356,360.06001324696643
2017-04-03,142.05,142.46,141.39,142.04,20219441,0,AAPL,0.00028169014084511446,0.020035906642728918,0.031293109707398514,142.182,139.374,133.6422,0.18713631388859386,1.8436388503431969,142.0,139.25,137.73,-0.003731343283582045,0,0.5254277,1,True,True,-0.003731343283582045,-0.003731343283582045,19.878016139518476,358.7165057348509
2017-04-04,141.59,143.22,141.51,143.1,19657127,0,AAPL,0.00746268656716409,0.006753904601097593,0.03763323906895799,142.37399999999997,139.6335,134.1404,0.4462958659631495,1.98645485594444,142.04,142.14,137.91,-0.021663172606568804,0,0.53342885,1,True,True,-0.021663172606568804,-0.021663172606568804,19.447395244811926,350.9455681542916
2017-04-05,142.56,143.77,142.15,142.36,27332311,0,AAPL,-0.005171208944793726,-0.0007019514249613223,0.03609898107714704,142.35399999999998,139.8815,134.6262,0.44371161803112413,2.0024886490170273,143.1,142.46,137.4,-0.015383534700758816,0,0.53342885,1,True,True,-0.015383534700758816,-0.015383534700758816,19.14822556522399,345.54678482851256
2017-04-06,142.63,142.86,141.79,142.0,20534685,0,AAPL,-0.0025288002247823016,-0.0018977999578266846,0.03589145024803031,142.3,140.1275,135.0672,0.47201694882260253,1.9414939310177686,142.36,142.27,137.08,-0.018169014084507107,0,0.5376414,1,True,True,-0.018169014084507107,-0.018169014084507107,18.800321185236115,339.26854042810714
2017-04-07,142.07,142.52,141.61,141.68,16867174,0,AAPL,-0.0022535211267604716,-0.0022535211267604716,0.030100334448160737,142.23600000000002,140.3345,135.5006,0.5397036223482241,1.8705008476397125,142.0,142.0,137.54,-0.010446075663467114,0,0.53389245,1,True,True,-0.010446075663467114,-0.010446075663467114,18.603931607637655,335.72451558456106
2017-04-10,141.94,142.22,141.24,141.51,16881122,0,AAPL,-0.0011998870694523989,-0.003731343283582045,0.02841569767441854,142.13,140.53,135.9304,0.6319810123538492,1.7713598701116295,141.68,142.04,137.6,-0.01370927849621928,0,0.53389245,1,True,True,-0.01370927849621928,-0.01370927849621928,18.348885128103934,331.12197470240403
2017-04-11,141.28,141.69,138.43,140.0,30734653,0,AAPL,-0.010670623984170624,-0.021663172606568804,0.018997015794453898,141.51,140.6605,136.3364,0.9043782394417651,1.617296232986192,141.51,143.1,137.39,-0.006785714285714173,0,0.5543348,1,True,True,-0.006785714285714173,-0.006785714285714173,18.224374836163232,328.87507558835205
2017-04-12,139.97,140.51,139.38,140.17,20112357,0,AAPL,0.0012142857142856123,-0.015383534700758816,0.009652092487214325,141.072,140.72750000000002,136.75119999999998,0.9199836954945291,1.564362574062052,140.0,142.36,138.83,0.004423200399514826,1,0.5479108,1,True,True,0.004423200399514826,0.004423200399514826,18.30498489821946,330.32975595408493
2017-04-13,140.28,140.73,139.42,139.42,17342580,0,AAPL,-0.005350645644574437,-0.018169014084507107,0.0025888105853586474,140.55599999999998,140.7455,137.0056,0.9902171478901747,1.5461309095422144,140.17,142.0,139.06,0.008678812222062904,1,0.5475195,1,False,False,0.008678812222062904,0.0,18.30498489821946,333.1966258773703
2017-04-17,139.85,140.25,139.24,140.2,15807795,0,AAPL,0.005594606225792553,-0.010446075663467114,0.01329864122578761,140.26,140.8375,137.2796,0.7660613552292892,1.4483670478270652,139.42,141.68,138.36,0.012696148359486514,1,0.55356985,1,False,False,0.012696148359486514,0.0,18.30498489821946,337.4269396723897
2017-04-18,139.78,140.41,139.48,139.57,14228494,0,AAPL,-0.004493580599144065,-0.01370927849621928,-0.0018594007008512214,139.87199999999999,140.8245,137.53040000000001,0.3564687924289226,1.459013635797082,140.2,141.51,139.83,0.02364404958085564,1,0.53908867,1,False,False,0.02364404958085564,0.0,18.30498489821946,345.40507896392006
2017-04-19,140.25,140.37,138.82,139.05,16712357,0,AAPL,-0.0037257290248619013,-0.006785714285714173,0.005932142082037295,139.682,140.8655,137.74679999999998,0.49675949912983297,1.3922623580533695,139.57,140.0,138.23,0.021359223300970953,1,0.55073196,1,False,False,0.021359223300970953,0.0,18.30498489821946,352.78266317479995
2017-04-20,139.59,141.26,139.53,140.79,22650719,0,AAPL,0.012513484358144478,0.004423200399514826,0.007153587524143301,139.80599999999998,140.91549999999998,137.97379999999998,0.6891516523782816,1.369373560186016,139.05,140.17,139.79,0.009517721429078696,1,0.5511227,1,False,False,0.009517721429078696,0.0,18.30498489821946,356.1403502879062
2017-04-21,140.79,141.02,140.22,140.63,16824648,0,AAPL,-0.001136444349740695,0.008678812222062904,0.009620216813841731,140.04799999999997,140.9825,138.1874,0.7309035503920452,1.3174531850145272,140.79,139.42,139.29,0.009670767261608537,1,0.5511227,1,False,False,0.009670767261608537,0.0,18.30498489821946,359.58450072800827
2017-04-24,141.84,142.29,141.52,141.98,17318652,0,AAPL,0.009599658678802525,0.012696148359486514,0.021365369397885026,140.404,141.131,138.4092,1.141569095576637,1.2490244614222683,140.63,140.2,139.01,0.020495844485138637,1,0.55356985,1,False,False,0.020495844485138637,0.0,18.30498489821946,366.95448873419576
2017-04-25,142.25,143.23,142.21,142.87,18890350,0,AAPL,0.006268488519509896,0.02364404958085564,0.025996409335727222,141.06400000000002,141.31199999999998,138.65460000000002,1.450889382405019,1.2241413746913103,141.98,139.57,139.25,0.02057814796668289,1,0.55356985,1,False,False,0.02057814796668289,0.0,18.30498489821946,374.5057325004065
2017-04-26,142.81,142.94,141.72,142.02,20251016,0,AAPL,-0.005949464548190675,0.021359223300970953,-0.0008442380751370049,141.658,141.30599999999998,138.86,0.937267304441803,1.2201570218060929,142.87,139.05,142.14,0.023588227010280294,1,0.55073196,1,True,True,0.023588227010280294,0.023588227010280294,18.736767037418414,383.3396587352774
2017-04-27,142.26,142.5,141.65,142.13,14373797,0,AAPL,0.0007745387973523421,0.009517721429078696,-0.002316439702372719,141.926,141.2895,139.03359999999998,0.8099567889557975,1.2058780378103107,142.02,140.79,142.46,0.019067051291071557,1,0.55073196,1,True,True,0.019067051291071557,0.019067051291071557,19.09402193554973,390.6488156702848
2017-04-28,142.43,142.64,141.61,141.99,21104313,0,AAPL,-0.0009850137198338382,0.009670767261608537,-0.001968088845153537,142.198,141.27550000000002,139.19459999999998,0.38035509721255195,1.1954760117646974,142.13,140.63,142.27,0.036974434819353474,1,0.54430914,1,True,True,0.036974434819353474,0.036974434819353474,19.80001260504502,405.09283484254337
2017-05-01,143.41,145.5,143.28,144.89,33919167,0,AAPL,0.02042397351926173,0.020495844485138637,0.02035211267605619,142.78,141.42000000000002,139.4168,1.2333288288106699,1.43776507852311,141.99,141.98,142.0,0.04382635102491572,1,0.5569419,1,True,True,0.04382635102491572,0.04382635102491572,20.667774907771477,422.8465756200309
2017-05-02,145.84,146.37,145.15,145.81,44952316,0,AAPL,0.006349644557940515,0.02057814796668289,0.02654181920585752,143.368,141.6085,139.65,1.8390541046895368,1.7389236689066199,144.89,142.87,142.04,0.04389273712365416,1,0.53873134,1,True,True,0.04389273712365416,0.04389273712365416,21.574940118729145,441.4064692073582
2017-05-03,143.9,145.79,142.61,145.37,46142971,0,AAPL,-0.003017625677251168,0.023588227010280294,0.015863032844164904,144.038,141.72199999999998,139.855,1.8354073117363754,1.9073254903879477,145.81,142.02,143.1,0.0420994703171218,1,0.536285,1,True,True,0.0420994703171218,0.0420994703171218,22.483233669851263,459.98944775553895
2017-05-04,144.83,145.45,144.12,144.84,23619320,0,AAPL,-0.003645869161450155,0.019067051291071557,0.017420623770721955,144.58,141.846,140.0412,1.5007331541534104,2.0277973530979265,145.37,142.13,142.36,0.05495719414526379,1,0.53389245,1,True,True,0.05495719414526379,0.05495719414526379,23.71884910765861,485.2691771406128
2017-05-05,145.07,147.26,145.07,147.24,27647313,0,AAPL,0.016570008285004212,0.036974434819353474,0.03690140845070422,145.63000000000002,142.108,140.2876,0.9828275535286449,2.360039250335811,144.84,141.99,142.0,0.05222765552838893,1,0.53817785,1,True,True,0.05222765552838893,0.05222765552838893,24.957628988383238,510.61364856285746
2017-05-08,147.31,151.92,147.31,151.24,49253481,0,AAPL,0.027166530834012548,0.04382635102491572,0.06747600225861095,146.9,142.58599999999998,140.6108,2.584753373143169,3.115888654177285,147.24,144.89,141.68,0.02175350436392476,1,0.5401957,1,True,True,0.02175350436392476,0.02175350436392476,25.500544879495248,521.7212847951491
2017-05-09,152.09,153.09,151.67,152.21,39488435,0,AAPL,0.006413647183284743,0.04389273712365416,0.07561303088120996,148.18,143.121,140.94799999999998,3.374159154511669,3.771120034652419,151.24,145.81,141.51,0.013796728204454434,1,0.54247475,1,True,True,0.013796728204454434,0.013796728204454434,25.852368966263136,528.9193315599466
2017-05-10,151.85,152.16,150.35,151.49,26082077,0,AAPL,-0.004730306812955831,0.0420994703171218,0.08207142857142857,149.404,143.69549999999998,141.2696,3.2058119096376805,4.128871994544709,152.21,145.37,140.0,-0.0156445970031025,0,0.5376414,1,True,True,-0.0156445970031025,-0.0156445970031025,25.447919072210436,520.6446017705409
2017-05-11,151.31,152.92,151.17,152.8,27444703,0,AAPL,0.0086474354742887,0.05495719414526379,0.09010487265463385,150.99600000000004,144.327,141.56199999999998,2.187425427294513,4.509586397182248,151.49,144.84,140.17,-0.009162303664921545,0,0.5376414,1,True,True,-0.009162303664921545,-0.009162303664921545,25.214757510030495,515.874297827617
2017-05-12,153.54,155.25,153.51,154.93,32675245,0,AAPL,0.013939790575916211,0.05222765552838893,0.11124659302826001,152.534,145.10250000000002,141.9134,1.4731700512752561,4.9348810842568565,152.8,147.24,139.42,-0.01949267411088884,0,0.54170805,1,True,True,-0.01949267411088884,-0.01949267411088884,24.72325445910238,505.8185282578797
2017-05-15,154.84,155.48,153.89,154.53,26110341,0,AAPL,-0.0025818111405151445,0.02175350436392476,0.1022111269614836,153.192,145.81900000000002,142.2406,1.4854023023996603,5.21780242106095,154.93,151.24,140.2,-0.010936387756422694,0,0.5376414,1,True,True,-0.010936387756422694,-0.010936387756422694,24.452871361736932,500.28670069846845
2017-05-16,154.77,154.89,153.56,154.31,20146922,0,AAPL,-0.0014236717789426478,0.013796728204454434,0.10561008812782124,153.61200000000002,146.55599999999998,142.5722,1.434336083341043,5.328510604580231,154.53,152.21,139.57,-0.010757565938694813,0,0.5376414,1,True,True,-0.010757565938694813,-0.010757565938694813,24.189817985672626,494.9048335274526
2017-05-17,152.45,153.42,148.59,149.12,51061768,0,AAPL,-0.03363359471194349,-0.0156445970031025,0.07241999280834222,153.138,147.0595,142.7964,2.3864764821749724,5.050436640838472,154.31,151.49,139.05,0.020587446351931327,1,0.53248364,1,True,True,0.020587446351931327,0.020587446351931327,24.687824565715644,505.0936602370105
2017-05-18,150.14,152.19,150.0,151.4,33821183,0,AAPL,0.015289699570815385,-0.009162303664921545,0.0753604659421836,152.858,147.58999999999997,143.0764,2.514730601868576,4.912583198702718,149.12,152.8,140.79,0.008718626155878484,1,0.54103404,1,True,True,0.008718626155878484,0.008718626155878484,24.903068478706032,509.49738303432133
2017-05-19,152.23,152.83,151.49,151.91,27091159,0,AAPL,0.0033685601056803183,-0.01949267411088884,0.08021048140510567,152.254,148.15400000000002,143.373,2.2403638097359146,4.715008957960705,151.4,154.93,140.63,0.003620564808110238,1,0.5376414,1,True,True,0.003620564808110238,0.003620564808110238,24.993231652053996,511.34205132915963
2017-05-22,152.85,153.43,151.76,152.84,23107230,0,AAPL,0.006122045948258936,-0.010936387756422694,0.07648964642907452,151.916,148.697,143.679,1.915001305475929,4.590254092263761,151.91,154.53,141.98,-0.0020936927505887937,0,0.5376414,1,True,True,-0.0020936927505887937,-0.0020936927505887937,24.940903504130304,510.27145818322055
2017-05-23,153.74,153.74,152.16,152.65,20058989,0,AAPL,-0.001243130070662124,-0.010757565938694813,0.068453839154476,151.584,149.186,143.98,1.4937637028575106,4.455795043945502,152.84,154.31,142.87,-0.006812970848345867,0,0.5376414,1,True,True,-0.006812970848345867,-0.006812970848345867,24.77098185562526,506.7949936138753
2017-05-24,152.69,153.02,151.53,152.19,19351686,0,AAPL,-0.0030134294136915374,0.020587446351931327,0.07160963244613416,152.198,149.6945,144.276,0.57798788912438,4.16583279725696,152.65,149.12,142.02,-0.0010513174321571395,0,0.5376414,1,True,True,-0.0010513174321571395,-0.0010513174321571395,24.74493969058879,506.26219120255905
2017-05-25,152.58,153.2,151.88,152.72,19363914,0,AAPL,0.003482488994020594,0.008718626155878484,0.07450925209315429,152.46200000000002,150.224,144.55380000000002,0.39480374868331164,3.8117110400181535,152.19,151.4,142.13,0.010280251440544674,1,0.5298465,1,True,True,0.010280251440544674,0.010280251440544674,24.999323892489155,511.46669382296244
2017-05-26,152.85,153.09,152.16,152.46,22056974,0,AAPL,-0.0017024620220009723,0.003620564808110238,0.0737375871540249,152.57200000000003,150.7475,144.8218,0.2541062769283067,3.306879392380975,152.72,151.91,141.99,0.002098911189820196,1,0.52918476,1,True,True,0.002098911189820196,0.002098911189820196,25.05179525314504,512.5402169898477
2017-05-30,152.27,153.28,152.18,152.52,20270624,0,AAPL,0.00039354584809125903,-0.0020936927505887937,0.05266063910552843,152.508,151.129,145.105,0.20535335393994156,3.023540796373143,152.46,152.84,144.89,0.005114083398898517,1,0.52918476,1,True,True,0.005114083398898517,0.005114083398898517,25.179912223361754,515.1613904048234
2017-05-31,152.82,153.02,151.24,151.61,24640098,0,AAPL,-0.00596643063204827,-0.006812970848345867,0.039777793018311636,152.3,151.419,145.34060000000002,0.4297092039675651,2.7525278334012175,152.52,152.65,145.81,0.017149264560385236,1,0.53342885,1,True,True,0.017149264560385236,0.017149264560385236,25.611729199687463,523.9960293801715
2017-06-01,152.02,152.18,151.08,152.03,16507879,0,AAPL,0.0027702658136006253,-0.0010513174321571395,0.0458141294627501,152.268,151.752,145.6166,0.4456119387701001,2.3565912045213113,151.61,152.19,145.37,0.011839768466750167,1,0.53342885,1,True,True,0.011839768466750167,0.011839768466750167,25.914966143444868,530.2000210455292
2017-06-02,152.43,154.29,151.74,154.29,27913007,0,AAPL,0.014865487074919415,0.010280251440544674,0.06524440762220363,152.582,152.2245,145.9066,1.0229222844255343,1.7728581591868593,152.03,152.72,144.84,-0.041609955279019895,0,0.53817785,1,True,True,-0.041609955279019895,-0.041609955279019895,24.83664556115881,508.1384218808893
2017-06-05,153.19,153.3,152.31,152.78,25475184,0,AAPL,-0.009786765182448587,0.002098911189820196,0.03762564520510736,152.64600000000002,152.5015,146.1764,1.02339142070585,1.3307349571870102,154.29,152.46,147.24,-0.05530828642492469,0,0.55729187,1,True,True,-0.05530828642492469,-0.05530828642492469,23.462973254627904,480.03415649999187
2017-06-06,152.75,154.64,152.63,153.3,26794401,0,AAPL,0.003403586856918439,0.005114083398898517,0.01362073525522356,152.802,152.6045,146.4622,1.0582391034044727,1.3074743632247612,152.78,152.52,151.24,-0.050880626223092085,0,0.55356985,1,True,True,-0.050880626223092085,-0.050880626223092085,22.269162482376775,455.6097180087985
2017-06-07,153.86,154.81,153.33,154.21,21178774,0,AAPL,0.005936073059360725,0.017149264560385236,0.013139741147099482,153.322,152.7045,146.76139999999998,0.9603488949200559,1.351457205726841,153.3,151.61,152.21,-0.06575449062966099,0,0.55356985,1,True,True,-0.06575449062966099,-0.06575449062966099,20.804865046598934,425.6513330752065
2017-06-08,154.09,154.38,153.25,153.83,21306003,0,AAPL,-0.0024641722326697035,0.011839768466750167,0.015446564129645513,153.68200000000002,152.82150000000001,146.9952,0.6383337684738813,1.34203802203781,154.21,152.03,151.49,-0.06897224208541908,0,0.55356985,1,True,True,-0.06897224208541908,-0.06897224208541908,19.369906858050438,396.29320628636196
2017-06-09,154.03,154.03,144.93,147.87,65276866,0,AAPL,-0.038744068127153364,-0.041609955279019895,-0.03226439790575919,152.398,152.575,147.1034,2.588256169696983,1.7399621895364097,153.83,154.29,152.8,-0.04510718874687236,0,0.5231909,1,False,False,-0.04510718874687236,-0.0,19.369906858050438,378.4175338312998
2017-06-12,144.65,145.0,141.44,144.33,72746935,0,AAPL,-0.0239399472509636,-0.05530828642492469,-0.06841799522364933,150.70800000000003,152.045,147.1446,4.4006385900202085,2.453117243527159,147.87,152.78,154.93,0.006374281161227735,1,0.5333553,1,False,False,0.006374281161227735,0.0,19.369906858050438,380.8296735882789
2017-06-13,146.05,146.34,144.06,145.5,34353487,0,AAPL,0.008106422781126499,-0.050880626223092085,-0.058435255290234966,149.148,151.5935,147.2146,4.628695280527286,2.78078609672763,144.33,153.3,154.53,-0.010859106529209739,0,0.53781265,1,False,False,-0.010859106529209739,-0.0,19.369906858050438,376.6942035932996
2017-06-14,146.39,146.39,142.77,144.07,31693046,0,AAPL,-0.009828178694158085,-0.06575449062966099,-0.06635992482664776,147.12,151.0815,147.2552,4.040346519789637,3.1697871005987754,145.5,154.21,154.31,0.004928159922260145,1,0.5303168,1,False,False,0.004928159922260145,0.0,19.369906858050438,378.5506128703958
2017-06-15,142.25,143.39,141.14,143.22,31901027,0,AAPL,-0.005899909766085898,-0.06897224208541908,-0.03956545064377681,144.998,150.78650000000002,147.2576,1.8006304451432498,3.6064171971590677,144.07,153.83,149.12,0.009216589861751112,1,0.53781265,1,False,False,0.009216589861751112,0.0,19.369906858050438,382.0395586111368
2017-06-16,142.71,143.41,141.13,141.2,50646574,0,AAPL,-0.014104175394498042,-0.04510718874687236,-0.06737120211360648,143.66400000000002,150.2765,147.2344,1.600603011360765,4.189217079217439,143.22,147.87,151.4,0.028257790368271918,1,0.52792346,1,False,False,0.028257790368271918,0.0,19.369906858050438,392.83515237075744
2017-06-19,142.59,145.65,142.59,145.25,32710986,0,AAPL,0.028682719546742286,0.006374281161227735,-0.043841748403660064,143.848,149.9435,147.2994,1.7428625878069393,4.315338951128066,141.2,144.33,151.91,-0.0035800344234080406,0,0.53784066,1,False,False,-0.0035800344234080406,-0.0,19.369906858050438,391.4287890025454
2017-06-20,145.78,145.78,143.85,143.92,25073708,0,AAPL,-0.009156626506024224,-0.010859106529209739,-0.05836168542266429,143.53199999999998,149.4975,147.34420000000003,1.493910974582212,4.458790106126524,145.25,145.5,152.84,-0.008754863813229541,0,0.534221,1,False,False,-0.008754863813229541,-0.0,19.369906858050438,388.0018832622507
2017-06-21,144.43,144.98,143.52,144.78,21426008,0,AAPL,0.005975541967760067,0.004928159922260145,-0.05155584670815594,143.67399999999998,149.10399999999998,147.4096,1.5885779804520594,4.512876781175279,143.92,144.07,152.65,-0.0002762812543168902,0,0.53579974,1,False,False,-0.0002762812543168902,-0.0,19.369906858050438,387.8946856152657
2017-06-22,144.68,145.61,144.03,144.54,19229949,0,AAPL,-0.0016576875259014523,0.009216589861751112,-0.050266114725014854,143.938,148.7215,147.5004,1.6038765538460513,4.56148437866535,144.78,143.22,152.19,-0.013352705133526932,0,0.53579974,1,False,False,-0.013352705133526932,-0.0,19.369906858050438,382.7152422553829
2017-06-23,144.04,146.05,144.02,145.19,35690628,0,AAPL,0.004497025044970293,0.028257790368271918,-0.04930591932949191,144.736,148.345,147.6008,0.5423375332548213,4.524693068970223,144.54,141.2,152.72,-0.01542805978373174,0,0.5407294,1,False,False,-0.01542805978373174,-0.0,19.369906858050438,376.8106886177215
2017-06-26,146.06,147.17,144.29,144.73,25872700,0,AAPL,-0.003168262277016387,-0.0035800344234080406,-0.05070182342909624,144.632,147.95850000000002,147.707,0.4632170117525301,4.484660727643911,145.19,145.25,152.46,-0.015891660333033797,0,0.53579974,1,False,False,-0.015891660333033797,-0.0,19.369906858050438,370.8225411443521
2017-06-27,143.92,145.07,142.55,142.66,24917773,0,AAPL,-0.014302494299730517,-0.008754863813229541,-0.06464725937581961,144.38,147.46550000000002,147.7562,0.9902777388071462,4.498755939142136,144.73,143.92,152.52,0.00252348240572009,1,0.52226686,1,False,False,0.00252348240572009,0.0,19.369906858050438,371.7583053025743
2017-06-28,143.4,145.02,142.09,144.74,22222273,0,AAPL,0.014580120566381805,-0.0002762812543168902,-0.04531363366532548,144.37199999999999,147.122,147.8596,0.9863924168286163,4.42736062516145,142.66,144.78,151.61,-0.02127953571922081,0,0.5363364,1,False,False,-0.02127953571922081,-0.0,19.369906858050438,363.84746116597114
2017-06-29,143.62,144.04,141.21,142.61,31691561,0,AAPL,-0.01471604255907144,-0.013352705133526932,-0.06196145497599148,143.986,146.651,147.9308,1.2473291466076877,4.378546863006725,144.74,144.54,152.03,0.0035060654933034563,1,0.53428304,1,False,False,0.0035060654933034563,0.0,19.369906858050438,365.12313419439124
2017-06-30,143.36,143.87,142.71,142.95,23177479,0,AAPL,0.0023841245354461194,-0.01542805978373174,-0.0734979583900447,143.538,146.084,147.97400000000002,1.1003953834768427,4.059913662547006,142.61,145.19,154.29,0.0071353620146905605,1,0.5241027,1,False,False,0.0071353620146905605,0.0,19.369906858050438,367.7284199368067
2017-07-03,143.79,144.21,142.03,142.43,14385444,0,AAPL,-0.003637635536900885,-0.015891660333033797,-0.06774446917135746,143.078,145.5665,148.01,0.9476655528071276,3.813647618470074,142.95,144.73,152.78,0.014112195464438537,1,0.52504766,1,False,False,0.014112195464438537,0.0,19.369906858050438,372.91787527678406
2017-07-05,142.62,143.7,141.66,143.02,21713608,0,AAPL,0.0041423857333426906,0.00252348240572009,-0.06705805609915194,143.15,145.0525,148.0308,0.9212762886220511,3.3851686967167773,142.43,142.66,153.3,0.011397007411550808,1,0.52504766,1,False,False,0.011397007411550808,0.0,19.369906858050438,377.16802306521333
2017-07-06,141.95,142.43,141.34,141.66,24292414,0,AAPL,-0.00950915955810383,-0.02127953571922081,-0.08138253031580323,142.53400000000002,144.425,148.0066,0.5453714330411424,2.6901584770320315,143.02,144.74,154.21,0.03529577862487643,1,0.5233609,1,False,False,0.03529577862487643,0.0,19.369906858050438,390.4804621117054
2017-07-07,141.83,143.66,141.83,143.11,18860161,0,AAPL,0.010235775801214375,0.0035060654933034563,-0.06968731716830268,142.63400000000001,143.889,148.0284,0.605334618188431,1.5395040212833455,141.66,142.61,153.83,0.03368038571728027,1,0.54061973,1,False,False,0.03368038571728027,0.0,19.369906858050438,403.63199469068945
2017-07-10,143.04,144.86,142.3,143.97,21239601,0,AAPL,0.006009363426734637,0.0071353620146905605,-0.02637451815784142,142.83800000000002,143.69400000000002,148.0652,0.8577120728876882,1.2232200817472734,143.11,142.95,147.87,0.031048135028130863,1,0.55073196,1,False,False,0.031048135028130863,0.0,19.369906858050438,416.16401536351975
2017-07-11,143.64,144.76,143.3,144.44,19871415,0,AAPL,0.0032645690074319944,0.014112195464438537,0.0007621423127552873,143.24,143.6995,148.1142,1.0647300127155264,1.2264732279655022,143.97,142.43,144.33,0.031224037662697324,1,0.55073196,1,False,False,0.031224037662697324,0.0,19.369906858050438,429.15833625308966
2017-07-12,144.78,145.09,143.73,144.65,25050830,0,AAPL,0.0014538908889505375,0.011397007411550808,-0.005841924398625409,143.566,143.65699999999998,148.1094,1.2189052465130836,1.1744207978808492,144.44,143.02,145.5,0.03622537158658812,1,0.55073196,1,False,False,0.03622537158658812,0.0,19.369906858050438,444.70475645333977
2017-07-13,144.41,147.38,144.35,146.66,25270495,0,AAPL,0.013895610093328736,0.03529577862487643,0.017977372110779433,144.56599999999997,143.7865,148.1264,1.3117659852187191,1.3517640521186698,144.65,141.66,144.07,0.017387153961543778,1,0.55356985,1,False,False,0.017387153961543778,0.0,19.369906858050438,452.43690652122484
2017-07-14,146.86,148.22,146.22,147.93,20268831,0,AAPL,0.008659484522023808,0.03368038571728027,0.03288646837033937,145.53,144.022,148.1776,1.6906359750036595,1.629603116024899,146.66,143.11,143.22,0.00817954437909818,1,0.5503612,1,False,False,0.00817954437909818,0.0,19.369906858050438,456.1376342768571
2017-07-17,147.71,149.77,147.46,148.44,23949714,0,AAPL,0.003447576556479426,0.031048135028130863,0.051274787535410926,146.42400000000004,144.384,148.2496,1.8351648427256722,1.7680003572189362,147.93,143.97,141.2,0.016976556184316927,1,0.5376414,1,False,False,0.016976556184316927,0.0,19.369906858050438,463.88128045293956
2017-07-18,148.09,149.0,147.56,148.95,17984885,0,AAPL,0.0034357316087307854,0.031224037662697324,0.025473321858863862,147.326,144.56900000000002,148.28379999999999,1.7210258568586645,2.0365680626123206,148.44,144.44,145.25,0.01779120510238341,1,0.53389245,1,False,False,0.01779120510238341,0.0,19.369906858050438,472.13428745663407
2017-07-19,149.35,150.29,148.82,149.89,21068251,0,AAPL,0.006310842564619001,0.03622537158658812,0.04148137854363543,148.374,144.8675,148.2568,1.200970440925107,2.349853018912978,148.95,144.65,143.92,0.016145173126959955,1,0.5376414,1,False,False,0.016145173126959955,0.0,19.369906858050438,479.75697726679533
2017-07-20,150.37,150.61,149.06,149.21,17330058,0,AAPL,-0.004536660217492661,0.017387153961543778,0.0305981489155962,148.88400000000001,145.089,148.1968,0.7466458330264393,2.5420959027769525,149.89,146.66,144.78,0.0014744320085784413,1,0.53389245,1,False,False,0.0014744320085784413,0.0,19.369906858050438,480.4643463104163
2017-07-21,148.86,149.31,147.77,149.14,25310545,0,AAPL,-0.00046913745727517053,0.00817954437909818,0.03182510031825103,149.126,145.31900000000002,148.14980000000003,0.5226184076127689,2.693403051896963,149.21,147.93,144.54,-0.005028831969961067,0,0.53389245,1,False,False,-0.005028831969961067,-0.0,19.369906858050438,478.04817184526405
2017-07-24,149.45,151.3,148.78,150.96,21630982,0,AAPL,0.012203298913772365,0.016976556184316927,0.03974102899648746,149.63000000000002,145.60750000000002,148.113,0.8239235401271412,2.973333898782971,149.14,148.44,145.19,-0.022125066242713376,0,0.5376414,1,False,False,-0.022125066242713376,-0.0,19.369906858050438,467.4713243759796
2017-07-25,150.67,152.69,150.67,151.6,18971925,0,AAPL,0.004239533651298366,0.01779120510238341,0.04746769847301868,150.16,145.951,148.0464,1.0873591862745082,3.250536635852638,150.96,148.95,144.73,-0.017678100263852303,0,0.5376414,1,False,False,-0.017678100263852303,-0.0,19.369906858050438,459.2073194331852
2017-07-26,152.2,152.78,151.91,152.31,15852949,0,AAPL,0.0046833773087071595,0.016145173126959955,0.0676433478199916,150.644,146.43349999999998,148.002,1.4237029184403207,3.4466143188823994,151.6,149.89,142.66,0.02402993894031913,1,0.5376414,1,False,False,0.02402993894031913,0.0,19.369906858050438,470.2420432801123
2017-07-27,152.6,152.84,146.19,149.43,32678443,0,AAPL,-0.018908804412054336,0.0014744320085784413,0.032402929390631385,150.688,146.668,147.90439999999998,1.3707187895317863,3.484666562613809,152.31,149.21,144.74,0.033259720270360615,1,0.53338385,1,False,False,0.033259720270360615,0.0,19.369906858050438,485.8821620989716
2017-07-28,148.77,149.1,148.08,148.39,17325849,0,AAPL,-0.006959780499230517,-0.005028831969961067,0.04053011710258736,150.53799999999998,146.957,147.8898,1.6037050850999741,3.3681372331037283,149.43,149.14,142.61,0.046027360334254475,1,0.5376414,1,False,False,0.046027360334254475,0.0,19.369906858050438,508.2460354538876
2017-07-31,148.78,149.2,147.02,147.62,19862378,0,AAPL,-0.005189028910303817,-0.022125066242713376,0.03266876530255347,149.87,147.1905,147.8142,2.0244134953056454,3.234970877599094,148.39,150.96,142.95,0.06774149844194555,1,0.53389245,1,False,False,0.06774149844194555,0.0,19.369906858050438,542.6753834727122
2017-08-01,147.99,149.09,147.3,148.92,34393966,0,AAPL,0.008806394797452821,-0.017678100263852303,0.045566243066769596,149.334,147.51500000000001,147.7544,1.7934687061601366,3.052682168359384,147.62,151.6,142.43,0.06688154713940375,1,0.54254335,1,False,False,0.06688154713940375,0.0,19.369906858050438,578.9703527138364
2017-08-02,158.09,158.56,154.99,155.97,70262267,0,AAPL,0.04734085414987921,0.02402993894031913,0.09054677667459088,150.06599999999997,148.1625,147.817,3.3677485060460777,3.4024401073607335,148.92,152.31,143.02,0.024940693723151997,1,0.5378881,1,True,True,0.024940693723151997,0.024940693723151997,19.853005772443055,593.4102749556574
2017-08-03,155.88,156.04,153.86,154.4,26825418,0,AAPL,-0.010066038340706518,0.033259720270360615,0.0899336439361853,151.06,148.7995,147.85199999999998,3.834246992562614,3.3123683290561874,155.97,149.43,141.66,0.002331606217616411,1,0.5376414,1,True,True,0.002331606217616411,0.002331606217616411,19.899295164140458,594.7938740423415
2017-08-04,154.9,156.22,154.52,155.22,20675691,0,AAPL,0.00531088082901543,0.046027360334254475,0.08462022220669407,152.426,149.405,147.9126,3.861758666718469,3.3244208043170898,154.4,148.39,143.11,0.010952196881845122,1,0.5376414,1,True,True,0.010952196881845122,0.010952196881845122,20.117236162588075,601.3081736549686
2017-08-07,155.89,157.73,155.5,157.62,21994093,0,AAPL,0.015461925009663702,0.06774149844194555,0.09481141904563462,154.426,150.0875,148.01059999999998,3.298966504827668,3.543820232753164,155.22,147.62,143.97,0.010531658418982293,1,0.53817785,1,True,True,0.010531658418982293,0.010531658418982293,20.32910402218645,607.6409459444449
2017-08-08,157.41,160.62,157.09,158.88,36405476,0,AAPL,0.00799390940236,0.06688154713940375,0.09997230684021052,156.418,150.8095,148.139,1.8175863115611521,3.7947518814897965,157.62,148.92,144.44,0.013469284994964914,1,0.5435987,1,True,True,0.013469284994964914,0.013469284994964914,20.602922517953566,615.8254350199807
2017-08-09,158.07,160.06,157.92,159.86,26260901,0,AAPL,0.006168177240684969,0.024940693723151997,0.10515036294503988,157.196,151.57,148.2858,2.3363818181055827,4.013186160379242,158.88,155.97,144.65,0.003190291505066778,1,0.5376414,1,True,True,0.003190291505066778,0.003190291505066778,20.668651846642142,617.7900976739289
2017-08-10,159.33,159.43,154.08,154.76,39801107,0,AAPL,-0.031902915050669445,0.002331606217616411,0.055229783171962366,157.26799999999997,151.975,148.34879999999998,2.231887093912763,3.898684663476607,159.86,154.4,146.66,0.016347893512535627,1,0.5349327,1,True,True,0.016347893512535627,0.016347893512535627,21.00654076607872,627.8896644038012
2017-08-11,156.04,158.0,155.51,156.92,26331467,0,AAPL,0.013957094856552166,0.010952196881845122,0.06077198675048989,157.608,152.42450000000002,148.4466,1.9541033749457286,3.9259266086882523,154.76,155.22,147.93,0.00012745347947995533,1,0.53817785,1,True,True,0.00012745347947995533,0.00012745347947995533,21.009218122791196,627.969691126259
2017-08-14,158.75,159.64,158.18,159.28,22154486,0,AAPL,0.015039510578638948,0.010531658418982293,0.0730261385071409,157.94,152.9665,148.5464,2.092749387761043,4.091656819221264,156.92,157.62,148.44,-0.016511803114013013,0,0.53817785,1,True,True,-0.016511803114013013,-0.016511803114013013,20.662318049568313,617.6007792248147
2017-08-15,160.08,161.61,159.57,161.02,29485832,0,AAPL,0.010924158714213927,0.013469284994964914,0.08103390399462929,158.368,153.57,148.71120000000002,2.510243016118988,4.350038112351565,159.28,158.88,148.95,-0.011240839647248757,0,0.5398853,1,True,True,-0.011240839647248757,-0.011240839647248757,20.430056245632663,610.6584278995326
2017-08-16,161.36,161.93,159.58,160.37,27722910,0,AAPL,-0.004036765619177762,0.003190291505066778,0.06991793982253669,158.47,154.094,148.8526,2.5949566470317236,4.511621717994466,161.02,159.86,149.89,-0.005986157011909965,0,0.5376414,1,True,True,-0.005986157011909965,-0.005986157011909965,20.307758721184154,607.00293066948
2017-08-17,159.95,160.13,157.27,157.29,27595336,0,AAPL,-0.01920558707987785,0.016347893512535627,0.054151866496883416,158.976,154.498,148.9142,1.8223144624279346,4.411924750034088,160.37,154.76,149.21,0.008964333396910051,1,0.5328678,1,True,True,0.008964333396910051,0.008964333396910051,20.489804240904856,612.4443073129027
2017-08-18,157.29,158.93,156.16,156.94,27496898,0,AAPL,-0.002225189141076944,0.00012745347947995533,0.05229985248759572,158.98000000000002,154.888,148.97639999999998,1.816686544226607,4.255335474432439,157.29,156.92,149.14,0.01497387536638195,1,0.5376414,1,True,True,0.01497387536638195,0.01497387536638195,20.79661601588973,621.6149720394562
2017-08-21,156.94,157.32,154.55,156.65,26435558,0,AAPL,-0.001847839938830087,-0.016511803114013013,0.03769210386857447,158.454,155.17249999999999,149.15200000000002,2.0710456296214623,4.1682154139157825,156.94,159.28,150.96,0.027066709224385477,1,0.5376414,1,True,True,0.027066709224385477,0.027066709224385477,21.359511974443013,638.4400437371727
2017-08-22,157.66,159.43,157.45,159.21,21646375,0,AAPL,0.016342164060006326,-0.011240839647248757,0.05019788918205803,158.092,155.553,149.4496,1.6193270207015795,4.172273266516603,156.65,161.02,151.6,0.019596758997550534,1,0.53817785,1,True,True,0.019596758997550534,0.019596758997550534,21.77808918291147,650.9513994086757
2017-08-23,158.5,159.9,158.31,159.41,19448353,0,AAPL,0.0012562024998428178,-0.005986157011909965,0.046615455321384,157.9,155.90800000000002,149.7278,1.3088544609597768,4.183855688359155,159.21,160.37,152.31,0.021014992785898023,1,0.5376414,1,True,True,0.021014992785898023,0.021014992785898023,22.235755569981,664.6311383712192
2017-08-24,159.86,160.16,157.98,158.7,19874496,0,AAPL,-0.0044539238441754225,0.008964333396910051,0.06203573579602484,158.18200000000002,156.3715,150.0204,1.296406572019062,3.9344795348926014,159.41,157.29,149.43,0.029678638941398994,1,0.5376414,1,True,True,0.029678638941398994,0.029678638941398994,22.895682531131666,684.3564859561496
2017-08-25,159.08,159.98,158.7,159.29,25559215,0,AAPL,0.0037177063642093167,0.01497387536638195,0.0734550845744324,158.652,156.91649999999998,150.3418,1.1514425734590725,3.501843537032575,158.7,156.94,148.39,0.02617866783853362,1,0.5376414,1,True,True,0.02617866783853362,0.02617866783853362,23.49506099905068,702.2720270851418
2017-08-28,159.57,161.42,159.36,160.89,25790449,0,AAPL,0.010044572791763517,0.027066709224385477,0.08989296843246164,159.5,157.57999999999998,150.7356,0.8228608630709043,2.842852533332934,159.29,156.65,147.62,0.003791410280315821,1,0.5376414,1,True,True,0.003791410280315821,0.003791410280315821,23.584140414859128,704.9346284682106
2017-08-29,159.53,162.54,159.43,162.33,29563743,0,AAPL,0.008950214432220882,0.019596758997550534,0.09004834810636608,160.12399999999997,158.25050000000002,151.0772,1.4736281756174594,2.20203129906606,160.89,159.21,148.92,-0.006160290765724108,0,0.5398853,1,True,True,-0.006160290765724108,-0.006160290765724108,23.43885525244393,700.5920261860188
2017-08-30,163.21,163.3,162.03,162.76,27320985,0,AAPL,0.0026489250292611732,0.021014992785898023,0.04353401295120851,160.794,158.58999999999997,151.454,1.7944720672034615,2.3503594349897448,162.33,159.41,155.97,-0.012779552715654896,0,0.5376414,1,True,True,-0.012779552715654896,-0.012779552715654896,23.139317166150718,691.638773455207
2017-08-31,163.05,163.93,162.89,163.41,26842382,0,AAPL,0.003993610223642197,0.029678638941398994,0.058354922279792776,161.736,159.0405,151.82659999999998,1.6509330695013784,2.368398248419962,162.76,158.7,154.4,-0.03273973441037881,0,0.5376414,1,True,True,-0.03273973441037881,-0.03273973441037881,22.381742067693423,668.9947037043634
2017-09-01,164.21,164.35,163.04,163.46,16635257,0,AAPL,0.000305978826265374,0.02617866783853362,0.053085942533178665,162.57,159.4525,152.205,1.0504522835298558,2.385457861813311,163.41,159.29,155.22,-0.015538969778539191,0,0.5376414,1,True,True,-0.015538969778539191,-0.015538969778539191,22.033952854112474,658.5992152214985
2017-09-05,163.16,163.66,159.98,161.5,29611447,0,AAPL,-0.011990701088951505,0.003791410280315821,0.024616165461235795,162.692,159.6465,152.5312,0.8157634460878023,2.3863565600176893,163.46,160.89,157.62,-0.007554179566563457,0,0.5361388,1,True,True,-0.007554179566563457,-0.007554179566563457,21.867504417691315,653.6240384873175
2017-09-06,162.13,162.41,159.95,161.33,21690060,0,AAPL,-0.001052631578947305,-0.006160290765724108,0.0154204431017122,162.49200000000002,159.769,152.8632,1.0229711628257554,2.407726378920562,161.5,162.33,158.88,-0.013946569143990617,0,0.53389245,1,True,True,-0.013946569143990617,-0.013946569143990617,21.56252775532346,644.5082256403798
2017-09-07,161.51,161.66,159.79,160.68,21986050,0,AAPL,-0.0040290088638195165,-0.012779552715654896,0.00512948830226434,162.07600000000002,159.81,153.2236,1.2779006221037514,2.416323871626484,161.33,162.76,159.86,-0.01848394324122482,0,0.53103536,1,True,True,-0.01848394324122482,-0.01848394324122482,21.163967216156728,632.5951721791405
2017-09-08,160.28,160.57,157.96,158.06,28527517,0,AAPL,-0.016305700771720222,-0.03273973441037881,0.021323339364176963,161.006,159.975,153.49,1.946555932916741,2.151490303551496,160.68,163.41,154.76,0.007908389219283718,1,0.529114,1,True,True,0.007908389219283718,0.007908389219283718,21.331340106326255,637.597981018973
2017-09-11,159.93,161.47,159.32,160.92,31630174,0,AAPL,0.018094394533721303,-0.015538969778539191,0.02549069589599795,160.498,160.175,153.8562,1.4010067808449234,2.0353365168448905,158.06,163.46,156.92,-0.01752423564504102,0,0.53728884,1,True,True,-0.01752423564504102,-0.01752423564504102,20.95752467567848,626.4245637527941
2017-09-12,162.03,163.37,158.2,160.28,71864833,0,AAPL,-0.00397713149390988,-0.007554179566563457,0.006278252134605644,160.254,160.225,154.2028,1.284242967655848,2.0244466430327255,160.92,161.5,159.28,-0.01322685300723736,0,0.53222907,1,True,True,-0.01322685300723736,-0.01322685300723736,20.68032257739773,618.1389381279131
2017-09-13,159.3,159.39,157.34,159.08,45029308,0,AAPL,-0.0074868979286247805,-0.013946569143990617,-0.012048192771084376,159.804,160.12800000000001,154.5358,1.2046908316964884,2.0308167918513655,160.28,161.33,161.02,-0.022441538848378295,0,0.5345232,1,False,False,-0.022441538848378295,-0.0,20.68032257739773,604.2669491342202
2017-09-14,158.42,158.83,157.52,157.71,23724888,0,AAPL,-0.008612019109881852,-0.01848394324122482,-0.0165866433871672,159.20999999999998,159.99499999999998,154.8296,1.3836907168777555,2.1000563902108778,159.08,160.68,160.37,-0.030879462304229333,0,0.53103536,1,False,False,-0.030879462304229333,-0.0,20.68032257739773,585.6075106567384
2017-09-15,157.9,160.39,157.43,159.31,49024732,0,AAPL,0.010145203221102017,0.007908389219283718,0.012842520185644357,159.46,160.096,155.1826,1.2281490137494049,2.009748347682578,157.71,158.06,157.29,-0.0499654761157492,0,0.536285,1,False,False,-0.0499654761157492,-0.0,20.68032257739773,556.3473525698158
2017-09-18,159.54,159.93,157.43,158.1,28260649,0,AAPL,-0.00759525453518306,-0.01752423564504102,0.00739135975532057,158.89600000000002,160.154,155.4824,1.0199166632493772,1.9289904640735023,159.31,160.92,156.94,-0.051170145477545836,0,0.53142875,1,False,False,-0.051170145477545836,-0.0,20.68032257739773,527.8789776027709
2017-09-19,158.94,159.2,157.87,158.16,20668366,0,AAPL,0.00037950664136632284,-0.01322685300723736,0.009639323332269356,158.472,160.2295,155.7662,0.6870735040545674,1.810540701431233,158.1,160.28,156.65,-0.03521750126454215,0,0.53142875,1,False,False,-0.03521750126454215,-0.0,20.68032257739773,509.28839904152005
2017-09-20,157.33,157.69,153.28,155.51,52386815,0,AAPL,-0.016755184623166497,-0.022441538848378295,-0.023239746247095128,157.75799999999998,160.04450000000003,155.9876,1.3913195175709798,2.0879717556978203,158.16,159.08,159.21,-0.011767731978650775,0,0.5266482,1,False,False,-0.011767731978650775,-0.0,20.68032257739773,503.2952296617633
2017-09-21,155.24,155.24,152.2,152.84,37504252,0,AAPL,-0.017169313870490588,-0.030879462304229333,-0.04121447838905956,156.78400000000002,159.71599999999998,156.1514,2.6069196381887423,2.6375514961223567,155.51,157.71,159.41,-0.0007197068830150366,0,0.53386754,1,False,False,-0.0007197068830150366,-0.0,20.68032257739773,502.9330046207871
2017-09-22,151.48,151.72,150.02,151.35,46750753,0,AAPL,-0.009748756869929376,-0.0499654761157492,-0.046313799621928164,155.19199999999998,159.3485,156.2452,3.068366014668787,3.231697085525223,152.84,159.31,158.7,0.014667988107036622,1,0.5368369,1,False,False,0.014667988107036622,0.0,20.68032257739773,510.31001995120096
2017-09-25,149.45,151.29,148.63,150.01,44528320,0,AAPL,-0.008853650479022201,-0.051170145477545836,-0.058258522192228046,153.57399999999998,158.8845,156.2868,3.277442600561407,3.847977561752456,151.35,158.1,159.29,0.02166522231851209,1,0.53928286,1,False,False,0.02166522231851209,0.0,20.68032257739773,521.365999984808
2017-09-26,151.24,153.37,151.15,152.59,36757890,0,AAPL,0.017198853409772674,-0.03521750126454215,-0.051588041519050165,152.45999999999998,158.4695,156.3698,2.0431837900626877,4.061927822049533,150.01,158.16,160.89,0.008716167507700323,1,0.538431,1,False,False,0.008716167507700323,0.0,20.68032257739773,525.9103133734952
2017-09-27,153.25,154.16,152.99,153.68,25494693,0,AAPL,0.00714332525067185,-0.011767731978650775,-0.0532865151235139,152.094,158.03699999999998,156.4644,1.4330491966345797,4.089657172604448,152.59,155.51,162.33,-0.004880270692347755,0,0.53579974,1,False,False,-0.004880270692347755,-0.0,20.68032257739773,523.3437286843351
2017-09-28,153.34,153.73,152.15,152.73,22063341,0,AAPL,-0.006181676210307296,-0.0007197068830150366,-0.06162447775866309,152.072,157.5355,156.52120000000002,1.419514001331095,4.094978278968614,153.68,152.84,162.76,0.013749754468670439,1,0.534221,1,False,False,0.013749754468670439,0.0,20.68032257739773,530.5395764564632
2017-09-29,152.66,153.58,151.46,153.57,26359485,0,AAPL,0.0054999017874681755,0.014667988107036622,-0.060216633008995823,152.51600000000002,157.04350000000002,156.6084,1.4829969655987036,3.9402261156013765,152.73,151.35,163.41,0.007618675522563123,1,0.534221,1,False,False,0.007618675522563123,0.0,20.68032257739773,534.581585341363
2017-10-02,153.71,153.9,152.17,153.26,18749860,0,AAPL,-0.002018623429055122,0.02166522231851209,-0.06240058729964526,153.166,156.5335,156.6908,0.48941802171034227,3.719957944012978,153.57,150.01,163.46,0.013180216625342522,1,0.534221,1,False,False,0.013180216625342522,0.0,20.68032257739773,541.6274864400813
2017-10-03,153.46,154.53,153.36,153.92,16277486,0,AAPL,0.004306407412240532,0.008716167507700323,-0.0469349845201239,153.432,156.1545,156.75,0.4585520689898046,3.5704569588078114,153.26,152.59,161.5,0.009225571725571813,1,0.53579974,1,False,False,0.009225571725571813,0.0,20.68032257739773,546.6243096647754
2017-10-04,153.08,153.31,151.91,152.93,20188277,0,AAPL,-0.006431912681912566,-0.004880270692347755,-0.05206719147089822,153.282,155.7345,156.7766,0.47934330075098075,3.420516235270917,153.92,153.68,161.33,0.02000915451513774,1,0.53579974,1,False,False,0.02000915451513774,0.0,20.68032257739773,557.5617999385884
2017-10-05,153.63,154.88,153.5,154.83,21341803,0,AAPL,0.012423984829660562,0.013749754468670439,-0.036407766990291246,153.702,155.442,156.827,0.7294998286324783,3.2195759773061394,152.93,152.73,160.68,0.003939804947361569,1,0.53103536,1,False,False,0.003939804947361569,0.0,20.68032257739773,559.7584846764462
2017-10-06,154.41,154.93,154.01,154.74,17448243,0,AAPL,-0.0005812826971517415,0.007618675522563123,-0.021004681766417788,153.93599999999998,155.276,156.93320000000003,0.8536568397048072,3.162572903251986,154.83,153.57,158.06,0.010921545818792788,1,0.53103536,1,False,False,0.010921545818792788,0.0,20.68032257739773,565.871912614298
2017-10-09,155.25,156.17,154.93,155.28,16302190,0,AAPL,0.003489724699495822,0.013180216625342522,-0.03504847129008193,154.34,154.994,157.071,0.928466477571894,2.8708175985550355,154.74,153.26,160.92,0.02595311695002578,1,0.53103536,1,False,False,0.02595311695002578,0.0,20.68032257739773,580.5580525411117
2017-10-10,155.5,157.43,154.54,155.34,15659866,0,AAPL,0.0003863987635239763,0.009225571725571813,-0.030821063139505833,154.624,154.747,157.2254,0.9834276790769765,2.5909561332012947,155.28,153.92,160.28,0.029354963306295945,1,0.53103536,1,False,False,0.029354963306295945,0.0,20.68032257739773,597.6003128706307
2017-10-11,155.41,156.42,155.19,155.99,16942261,0,AAPL,0.0041843697695378435,0.02000915451513774,-0.019424189087251742,155.23600000000002,154.5925,157.3668,0.4980261037080861,2.4043904468732973,155.34,152.93,159.08,0.020514135521507715,1,0.53103536,1,False,False,0.020514135521507715,0.0,20.68032257739773,609.8595666765542
2017-10-12,155.79,156.81,155.17,155.44,16440001,0,AAPL,-0.0035258670427592564,0.003939804947361569,-0.014393507069938583,155.358,154.479,157.3562,0.445668037865231,2.3008302849108593,155.99,154.83,157.71,-0.0001286670097787601,0,0.52681553,1,False,False,-0.0001286670097787601,-0.0,20.68032257739773,609.7810978697249
2017-10-13,156.17,156.72,155.85,156.43,16432666,0,AAPL,0.00636901698404535,0.010921545818792788,-0.018077961207708215,155.696,154.33499999999998,157.3968,0.4976243562915722,2.060093252862444,155.44,154.74,159.31,-0.004730550405932399,0,0.53103536,1,False,False,-0.004730550405932399,-0.0,20.68032257739773,606.8964976496674
2017-10-16,157.33,159.43,157.09,159.31,24182814,0,AAPL,0.01841079076903407,0.02595311695002578,0.0076533839342189935,156.502,154.3955,157.4786,1.6302055085094287,2.1901441312736685,156.43,155.28,158.1,-0.02322515849601403,0,0.5319661,1,False,False,-0.02322515849601403,-0.0,20.68032257739773,592.801230301078
2017-10-17,159.21,160.29,158.66,159.9,19040557,0,AAPL,0.0037034712196346575,0.029354963306295945,0.011001517450683007,157.41400000000002,154.48250000000002,157.5242,2.041305954523806,2.3743650120588655,159.31,155.34,158.16,-0.021013133208255264,0,0.53142875,1,False,False,-0.021013133208255264,-0.0,20.68032257739773,580.3446190827439
2017-10-18,159.85,160.13,159.03,159.19,16314850,0,AAPL,-0.004440275171982533,0.020514135521507715,0.02366407304996465,158.054,154.66649999999998,157.53040000000001,1.9840690512112293,2.5908975786628026,159.9,155.99,155.51,-0.020981217413154063,0,0.53389245,1,False,False,-0.020981217413154063,-0.0,20.68032257739773,568.1682824552147
2017-10-19,156.19,156.52,154.46,155.42,42539211,0,AAPL,-0.023682392110057182,-0.0001286670097787601,0.016880397801622538,158.05,154.7955,157.4416,1.9906657177874512,2.5592052117312276,159.19,155.44,152.84,0.009200875048256396,1,0.53331506,1,False,False,0.009200875048256396,0.0,20.68032257739773,573.3959278284676
2017-10-20,156.05,157.18,155.4,155.69,23997615,0,AAPL,0.0017372281559644431,-0.004730550405932399,0.028675256029071727,157.902,155.0125,157.46020000000001,2.161404635873225,2.432542259050792,155.42,156.43,151.35,0.043548076305478745,1,0.53389245,1,False,False,0.043548076305478745,0.0,20.68032257739773,598.3662174467925
2017-10-23,156.33,157.13,154.94,155.61,22039067,0,AAPL,-0.0005138416083241282,-0.02322515849601403,0.037330844610359515,157.16199999999998,155.2925,157.434,2.1920013686068724,2.1298872591770173,155.69,159.31,150.01,0.06754064648801483,1,0.5376414,1,False,False,0.06754064648801483,0.0,20.68032257739773,638.7802586097368
2017-10-24,155.73,156.86,155.64,156.54,17701740,0,AAPL,0.005976479660690037,-0.021013133208255264,0.02588636214692963,156.49,155.48999999999998,157.3792,1.5693788580118377,2.047650772024585,155.61,159.9,152.59,0.0759550274690175,1,0.53389245,1,False,False,0.0759550274690175,0.0,20.68032257739773,687.2988306991056
2017-10-25,156.35,156.99,154.71,155.85,21253629,0,AAPL,-0.004407819087773102,-0.020981217413154063,0.01412024986985938,155.82199999999997,155.5985,157.2758,0.4301976289738204,2.0037156931335467,156.54,159.19,153.68,0.06698748796920118,1,0.5296756,1,False,False,0.06698748796920118,0.0,20.68032257739773,733.3392528518079
2017-10-26,156.67,157.26,156.22,156.85,16993593,0,AAPL,0.006416426050689816,0.009200875048256396,0.026975708767105422,156.108,155.80450000000002,157.2054,0.5537327875199585,1.9025176532728334,155.85,155.42,152.73,0.06796302199553717,1,0.53389245,1,False,False,0.06796302199553717,0.0,20.68032257739773,783.1792046235662
2017-10-27,158.72,163.01,158.13,162.47,44561025,0,AAPL,0.035830411220911795,0.043548076305478745,0.05795402747932532,157.464,156.24949999999998,157.309,2.843110972152567,2.3423705378961572,156.85,155.69,153.57,0.05791838493260282,1,0.5400142,1,False,False,0.05791838493260282,0.0,20.68032257739773,828.5396792681636
2017-10-30,163.3,167.47,163.13,166.12,44861465,0,AAPL,0.02246568597279497,0.06754064648801483,0.0839096959415373,159.566,156.89249999999998,157.4926,4.520235613325252,3.115901280437984,162.47,155.61,153.26,0.04520828316879366,1,0.5400142,1,False,False,0.04520828316879366,0.0,20.68032257739773,865.9965357051002
2017-10-31,167.3,169.04,166.34,168.43,36176411,0,AAPL,0.013905610402118906,0.0759550274690175,0.09426975051975073,161.944,157.618,157.7282,5.542326226411926,3.9617853497956714,166.12,156.54,153.92,0.03413881137564556,1,0.54229766,1,False,False,0.03413881137564556,0.0,20.68032257739773,895.5606280894991
2017-11-01,169.26,169.33,165.02,166.29,33758685,0,AAPL,-0.012705575016327297,0.06698748796920118,0.08736023017066619,164.032,158.286,157.8698,4.550320867804056,4.245870315589313,168.43,155.85,152.93,0.05604666546394865,1,0.541901,1,True,True,0.05604666546394865,0.05604666546394865,21.839385698579687,945.753815014715
2017-11-02,167.04,167.9,164.69,167.51,41542177,0,AAPL,0.007336580672319348,0.06796302199553717,0.08189627333204141,166.164,158.92000000000002,158.0318,2.269907487095593,4.631812195079401,166.29,156.85,154.83,0.046206196644976494,1,0.54247475,1,True,True,0.046206196644976494,0.046206196644976494,22.848500648773747,989.4535017690216
2017-11-03,173.38,173.64,170.51,171.88,59612161,0,AAPL,0.02608799474658241,0.05791838493260282,0.11076644694325966,168.046,159.777,158.2954,2.341330818140032,5.347996279961838,167.51,162.47,154.74,0.01623225506167092,1,0.5378881,1,True,True,0.01623225506167092,0.01623225506167092,23.219383339081396,1005.5145633813999
